episode,reward,score,length,epsilon,td_error,timestamp
1,-6.2008,0,50,0.081164,0.000000,2026-05-31T13:16:40.344087
2,-6.2047,0,50,0.080758,0.000000,2026-05-31T13:16:40.703771
3,-6.2242,0,50,0.080354,0.000000,2026-05-31T13:16:41.052015
4,-6.2164,0,50,0.079953,0.000000,2026-05-31T13:16:41.402043
5,-6.2457,0,50,0.079553,0.000000,2026-05-31T13:16:41.801702
6,-6.2184,0,50,0.079155,0.000000,2026-05-31T13:16:42.282171
7,-6.2594,0,50,0.078759,0.000000,2026-05-31T13:16:42.712659
8,-6.2066,0,50,0.078366,0.000000,2026-05-31T13:16:43.165712
9,-6.2438,0,50,0.077974,0.000000,2026-05-31T13:16:43.594230
10,-6.2184,0,50,0.077584,0.002729,2026-05-31T13:16:44.114778
11,-6.1754,0,50,0.077196,0.198816,2026-05-31T13:16:44.599008
12,-6.2594,0,50,0.076810,0.155501,2026-05-31T13:16:45.119681
13,-6.2320,0,50,0.076426,0.171632,2026-05-31T13:16:45.623469
14,-6.2457,0,50,0.076044,0.166376,2026-05-31T13:16:46.333859
15,-6.2047,0,50,0.075664,0.166542,2026-05-31T13:16:47.022949
16,-6.1637,0,50,0.075285,0.160875,2026-05-31T13:16:47.759080
17,-6.1773,0,50,0.074909,0.182496,2026-05-31T13:16:48.510856
18,-6.2320,0,50,0.074534,0.171654,2026-05-31T13:16:49.055625
19,-6.2438,0,50,0.074162,0.182615,2026-05-31T13:16:49.693067
20,-6.2027,0,50,0.073791,0.174415,2026-05-31T13:16:50.339376
21,-6.2281,0,50,0.073422,0.193588,2026-05-31T13:16:50.867044
22,-6.1637,0,50,0.073055,0.183970,2026-05-31T13:16:51.390823
23,-6.2594,0,50,0.072689,0.183827,2026-05-31T13:16:51.899589
24,-6.2047,0,50,0.072326,0.169932,2026-05-31T13:16:52.407413
25,-6.1695,0,50,0.071964,0.167481,2026-05-31T13:16:52.907901
26,-6.2281,0,50,0.071605,0.213831,2026-05-31T13:16:53.413659
27,-6.2164,0,50,0.071247,0.164590,2026-05-31T13:16:53.922329
28,-6.2320,0,50,0.070890,0.181001,2026-05-31T13:16:54.436246
29,-6.2203,0,50,0.070536,0.169939,2026-05-31T13:16:54.928487
30,-6.2457,0,50,0.070183,0.197716,2026-05-31T13:16:55.459731
31,-6.2164,0,50,0.069832,0.167460,2026-05-31T13:16:55.982352
32,-6.2594,0,50,0.069483,0.205923,2026-05-31T13:16:56.503498
33,-6.1910,0,50,0.069136,0.145643,2026-05-31T13:16:57.008839
34,-6.2457,0,50,0.068790,0.151033,2026-05-31T13:16:57.586625
35,-6.2594,0,50,0.068446,0.150874,2026-05-31T13:16:58.070547
36,-7.6211,0,31,0.068104,0.159036,2026-05-31T13:16:58.428699
37,-6.1637,0,50,0.067763,0.167924,2026-05-31T13:16:59.078276
38,-6.2320,0,50,0.067424,0.190041,2026-05-31T13:16:59.714192
39,-6.2164,0,50,0.067087,0.197710,2026-05-31T13:17:00.263356
40,-6.2594,0,50,0.066752,0.161777,2026-05-31T13:17:00.851511
41,-6.2457,0,50,0.066418,0.220135,2026-05-31T13:17:01.397569
42,-5.7406,0,56,0.066086,0.196874,2026-05-31T13:17:01.949225
43,-7.0867,0,38,0.065756,0.178341,2026-05-31T13:17:02.356399
44,-6.2320,0,50,0.065427,0.167755,2026-05-31T13:17:02.858616
45,-6.2379,0,50,0.065100,0.146941,2026-05-31T13:17:03.389764
46,-6.2594,0,50,0.064774,0.164479,2026-05-31T13:17:03.903735
47,-6.2359,0,50,0.064450,0.194449,2026-05-31T13:17:04.411536
48,-6.2164,0,50,0.064128,0.175679,2026-05-31T13:17:04.906230
49,-6.2320,0,50,0.063807,0.200825,2026-05-31T13:17:05.419564
50,-6.2359,0,50,0.063488,0.197236,2026-05-31T13:17:06.008216
51,-7.6211,0,31,0.063171,0.133953,2026-05-31T13:17:06.337128
52,-6.1695,0,50,0.062855,0.190273,2026-05-31T13:17:06.831114
53,-6.1969,0,50,0.062541,0.196392,2026-05-31T13:17:07.352856
54,-6.2008,0,50,0.062228,0.226233,2026-05-31T13:17:07.869459
55,-6.2125,0,50,0.061917,0.179268,2026-05-31T13:17:08.369514
56,-6.2320,0,50,0.061607,0.175064,2026-05-31T13:17:08.873933
57,-6.1949,0,50,0.061299,0.200785,2026-05-31T13:17:09.505533
58,-6.2105,0,50,0.060993,0.208252,2026-05-31T13:17:10.017552
59,-6.2301,0,50,0.060688,0.181654,2026-05-31T13:17:10.534452
60,-6.2359,0,50,0.060384,0.232814,2026-05-31T13:17:11.063760
61,-6.1773,0,50,0.060083,0.198609,2026-05-31T13:17:11.622429
62,-6.2184,0,50,0.059782,0.204325,2026-05-31T13:17:12.117914
63,-6.2594,0,50,0.059483,0.193362,2026-05-31T13:17:12.625131
64,-6.2027,0,50,0.059186,0.209968,2026-05-31T13:17:13.127404
65,-6.1930,0,50,0.058890,0.196012,2026-05-31T13:17:13.632055
66,-6.1637,0,50,0.058595,0.167672,2026-05-31T13:17:14.140472
67,-6.2594,0,50,0.058302,0.212687,2026-05-31T13:17:14.642609
68,-7.6211,0,31,0.058011,0.161724,2026-05-31T13:17:14.961555
69,-6.2594,0,50,0.057721,0.179691,2026-05-31T13:17:15.471021
70,-6.0324,0,52,0.057432,0.192893,2026-05-31T13:17:16.250477
71,-6.2047,0,50,0.057145,0.196104,2026-05-31T13:17:16.908702
72,-6.2320,0,50,0.056859,0.194674,2026-05-31T13:17:17.556177
73,-6.2594,0,50,0.056575,0.219557,2026-05-31T13:17:18.204755
74,-6.2281,0,50,0.056292,0.228487,2026-05-31T13:17:18.783055
75,-6.2008,0,50,0.056011,0.191753,2026-05-31T13:17:19.295021
76,-6.1832,0,50,0.055731,0.194245,2026-05-31T13:17:19.999453
77,-6.2320,0,50,0.055452,0.201135,2026-05-31T13:17:20.486082
78,-6.2320,0,50,0.055175,0.155011,2026-05-31T13:17:21.009080
79,-6.2047,0,50,0.054899,0.177665,2026-05-31T13:17:21.527647
80,-6.1891,0,50,0.054624,0.198083,2026-05-31T13:17:22.022035
81,-6.1871,0,50,0.054351,0.206777,2026-05-31T13:17:22.563674
82,-6.2047,0,50,0.054080,0.206156,2026-05-31T13:17:23.062034
83,-6.2184,0,50,0.053809,0.208258,2026-05-31T13:17:23.570664
84,-6.2184,0,50,0.053540,0.182308,2026-05-31T13:17:24.081991
85,-6.2320,0,50,0.053272,0.216466,2026-05-31T13:17:24.582318
86,-6.1910,0,50,0.053006,0.188527,2026-05-31T13:17:25.081517
87,-6.2184,0,50,0.052741,0.206802,2026-05-31T13:17:25.576100
88,-6.2594,0,50,0.052477,0.192027,2026-05-31T13:17:26.117691
89,-6.2320,0,50,0.052215,0.172443,2026-05-31T13:17:26.638914
90,-6.2027,0,50,0.051954,0.182733,2026-05-31T13:17:27.207248
91,-6.2457,0,50,0.051694,0.200161,2026-05-31T13:17:27.693190
92,-6.1773,0,50,0.051436,0.170681,2026-05-31T13:17:28.215197
93,-6.2047,0,50,0.051178,0.178352,2026-05-31T13:17:28.708162
94,-6.2457,0,50,0.050923,0.158847,2026-05-31T13:17:29.219223
95,-6.2594,0,50,0.050668,0.184973,2026-05-31T13:17:29.731413
96,-6.2242,0,50,0.050415,0.190537,2026-05-31T13:17:30.226587
97,-6.2047,0,50,0.050163,0.219746,2026-05-31T13:17:30.755073
98,-6.2594,0,50,0.049912,0.182992,2026-05-31T13:17:31.284036
99,-6.2457,0,50,0.049662,0.179558,2026-05-31T13:17:31.782294
100,-6.2203,0,50,0.049414,0.205728,2026-05-31T13:17:32.291777
101,-6.2066,0,50,0.049167,0.201635,2026-05-31T13:17:32.819155
102,-6.2047,0,50,0.048921,0.144897,2026-05-31T13:17:33.341045
103,-6.1637,0,50,0.048676,0.167810,2026-05-31T13:17:33.826760
104,-6.2145,0,50,0.048433,0.222156,2026-05-31T13:17:34.345217
105,-6.2594,0,50,0.048191,0.165749,2026-05-31T13:17:35.002114
106,-6.2516,0,50,0.047950,0.150739,2026-05-31T13:17:35.542005
107,-6.2184,0,50,0.047710,0.157862,2026-05-31T13:17:36.120097
108,-6.2457,0,50,0.047472,0.219519,2026-05-31T13:17:36.620570
109,-6.2457,0,50,0.047234,0.200483,2026-05-31T13:17:37.119978
110,-6.2145,0,50,0.046998,0.202688,2026-05-31T13:17:37.628732
111,-6.2047,0,50,0.046763,0.154389,2026-05-31T13:17:38.134316
112,-7.6211,0,31,0.046529,0.171740,2026-05-31T13:17:38.471415
113,-6.1813,0,50,0.046297,0.188860,2026-05-31T13:17:38.965366
114,-6.2184,0,50,0.046065,0.175418,2026-05-31T13:17:39.475264
115,-6.1910,0,50,0.045835,0.196934,2026-05-31T13:17:40.086048
116,-6.2457,0,50,0.045606,0.194672,2026-05-31T13:17:40.671768
117,-6.2047,0,50,0.045378,0.184246,2026-05-31T13:17:41.206813
118,-6.2184,0,50,0.045151,0.174565,2026-05-31T13:17:41.730878
119,-6.1930,0,50,0.044925,0.180112,2026-05-31T13:17:42.230993
120,-6.2359,0,50,0.044700,0.166629,2026-05-31T13:17:42.759367
121,-6.1637,0,50,0.044477,0.168270,2026-05-31T13:17:43.293869
122,-6.2594,0,50,0.044254,0.178141,2026-05-31T13:17:43.798998
123,-6.2359,0,50,0.044033,0.200652,2026-05-31T13:17:44.336629
124,-6.2066,0,50,0.043813,0.195135,2026-05-31T13:17:44.827919
125,-6.2047,0,50,0.043594,0.175970,2026-05-31T13:17:45.354473
126,-6.2594,0,50,0.043376,0.235527,2026-05-31T13:17:45.853275
127,-7.6211,0,31,0.043159,0.164475,2026-05-31T13:17:46.317456
128,-6.2594,0,50,0.042943,0.190731,2026-05-31T13:17:46.977409
129,-6.1832,0,50,0.042729,0.220710,2026-05-31T13:17:47.620402
130,-6.1871,0,50,0.042515,0.207298,2026-05-31T13:17:48.284146
131,-6.2320,0,50,0.042302,0.180187,2026-05-31T13:17:48.803593
132,-6.2184,0,50,0.042091,0.184501,2026-05-31T13:17:49.334593
133,-6.1773,0,50,0.041880,0.188154,2026-05-31T13:17:50.066588
134,-5.8492,0,55,0.041671,0.211570,2026-05-31T13:17:50.636852
135,-7.6211,0,31,0.041463,0.177735,2026-05-31T13:17:50.997368
136,-6.2047,0,50,0.041255,0.179203,2026-05-31T13:17:51.509621
137,-6.2457,0,50,0.041049,0.219782,2026-05-31T13:17:52.008535
138,-6.1891,0,50,0.040844,0.168123,2026-05-31T13:17:52.518019
139,-6.2184,0,50,0.040640,0.200453,2026-05-31T13:17:53.016951
140,-6.1910,0,50,0.040436,0.186127,2026-05-31T13:17:53.535618
141,-6.1891,0,50,0.040234,0.229189,2026-05-31T13:17:54.033070
142,4.7059,1,62,0.040033,0.181347,2026-05-31T13:17:54.679848
143,-6.2320,0,50,0.039833,0.201908,2026-05-31T13:17:55.191039
144,-6.2594,0,50,0.039634,0.187528,2026-05-31T13:17:55.706379
145,-6.2203,0,50,0.039435,0.204164,2026-05-31T13:17:56.226651
146,-6.2281,0,50,0.039238,0.206769,2026-05-31T13:17:56.774578
147,-6.2457,0,50,0.039042,0.186472,2026-05-31T13:17:57.280355
148,-6.0215,0,53,0.038847,0.201278,2026-05-31T13:17:57.852266
149,5.1531,1,67,0.038653,0.165841,2026-05-31T13:17:58.541358
150,-6.0598,0,52,0.038459,0.191881,2026-05-31T13:17:59.099979
151,6.5607,1,86,0.038267,0.227184,2026-05-31T13:17:59.995785
152,-6.2594,0,50,0.038076,0.231049,2026-05-31T13:18:00.523019
153,-6.2438,0,50,0.037885,0.205833,2026-05-31T13:18:01.042387
154,-6.2184,0,50,0.037696,0.208104,2026-05-31T13:18:01.550054
155,-6.1910,0,50,0.037507,0.254715,2026-05-31T13:18:02.126847
156,-6.1754,0,50,0.037320,0.195270,2026-05-31T13:18:02.709494
157,-6.1969,0,50,0.037133,0.200108,2026-05-31T13:18:03.221308
158,-6.1773,0,50,0.036948,0.179168,2026-05-31T13:18:03.826926
159,-6.1871,0,50,0.036763,0.190009,2026-05-31T13:18:04.320240
160,-6.1910,0,50,0.036579,0.231168,2026-05-31T13:18:04.822387
161,-6.1910,0,50,0.036396,0.244583,2026-05-31T13:18:05.358711
162,-6.1832,0,50,0.036214,0.213225,2026-05-31T13:18:05.941767
163,-6.5156,0,46,0.036033,0.207405,2026-05-31T13:18:06.442203
164,-6.2125,0,50,0.035853,0.180006,2026-05-31T13:18:06.965592
165,-6.1988,0,50,0.035674,0.187358,2026-05-31T13:18:07.517977
166,-6.2184,0,50,0.035495,0.208909,2026-05-31T13:18:08.034711
167,-6.2047,0,50,0.035318,0.173093,2026-05-31T13:18:08.554350
168,-6.2457,0,50,0.035141,0.189402,2026-05-31T13:18:09.049882
169,-6.2594,0,50,0.034966,0.215804,2026-05-31T13:18:09.572129
170,-6.2457,0,50,0.034791,0.225394,2026-05-31T13:18:10.069134
171,-6.2066,0,50,0.034617,0.251764,2026-05-31T13:18:10.590038
172,-6.2047,0,50,0.034444,0.187592,2026-05-31T13:18:11.141957
173,-6.1891,0,50,0.034272,0.214452,2026-05-31T13:18:11.677518
174,-7.6211,0,31,0.034100,0.207500,2026-05-31T13:18:12.000335
175,-6.2047,0,50,0.033930,0.209632,2026-05-31T13:18:12.516069
176,-6.1637,0,50,0.033760,0.199474,2026-05-31T13:18:13.017320
177,-6.1773,0,50,0.033591,0.199398,2026-05-31T13:18:13.527573
178,-6.2457,0,50,0.033423,0.251163,2026-05-31T13:18:14.025296
179,-6.2594,0,50,0.033256,0.178755,2026-05-31T13:18:14.564649
180,-5.8914,0,54,0.033090,0.210156,2026-05-31T13:18:15.108678
181,-6.2457,0,50,0.032924,0.225962,2026-05-31T13:18:15.629929
182,-6.2320,0,50,0.032760,0.198311,2026-05-31T13:18:16.309256
183,-6.2457,0,50,0.032596,0.186961,2026-05-31T13:18:16.946848
184,-6.1988,0,50,0.032433,0.235352,2026-05-31T13:18:17.598423
185,-6.2047,0,50,0.032271,0.202243,2026-05-31T13:18:18.249715
186,-6.2594,0,50,0.032109,0.212173,2026-05-31T13:18:18.785307
187,-6.2184,0,50,0.031949,0.186299,2026-05-31T13:18:19.303096
188,-6.2008,0,50,0.031789,0.254141,2026-05-31T13:18:20.124819
189,-6.2594,0,50,0.031630,0.196602,2026-05-31T13:18:20.667119
190,-6.2457,0,50,0.031472,0.200611,2026-05-31T13:18:21.183304
191,-6.1773,0,50,0.031315,0.192890,2026-05-31T13:18:21.687924
192,-6.2457,0,50,0.031158,0.197931,2026-05-31T13:18:22.181725
193,-6.2516,0,50,0.031002,0.187347,2026-05-31T13:18:22.700866
194,-6.2203,0,50,0.030847,0.237966,2026-05-31T13:18:23.203582
195,-6.2086,0,50,0.030693,0.162444,2026-05-31T13:18:23.721214
196,-6.2066,0,50,0.030540,0.207553,2026-05-31T13:18:24.213189
197,-6.2281,0,50,0.030387,0.198492,2026-05-31T13:18:24.715153
198,-5.9980,0,53,0.030235,0.202165,2026-05-31T13:18:25.247224
199,-6.1949,0,50,0.030084,0.239023,2026-05-31T13:18:25.749206
200,-6.1871,0,50,0.029933,0.235093,2026-05-31T13:18:26.277835
201,-6.2457,0,50,0.029784,0.207836,2026-05-31T13:18:26.794331
202,-6.1637,0,50,0.029635,0.222936,2026-05-31T13:18:27.276827
203,-6.2379,0,50,0.029487,0.183766,2026-05-31T13:18:27.781481
204,-6.2320,0,50,0.029339,0.177619,2026-05-31T13:18:28.298878
205,-6.2184,0,50,0.029193,0.205563,2026-05-31T13:18:28.793307
206,-6.2184,0,50,0.029047,0.216509,2026-05-31T13:18:29.293059
207,-6.2008,0,50,0.028901,0.229697,2026-05-31T13:18:29.794053
208,-6.2320,0,50,0.028757,0.215226,2026-05-31T13:18:30.297790
209,-6.2301,0,50,0.028613,0.215589,2026-05-31T13:18:30.834008
210,-6.2320,0,50,0.028470,0.203528,2026-05-31T13:18:31.354971
211,-6.2457,0,50,0.028328,0.181764,2026-05-31T13:18:31.853457
212,-6.1773,0,50,0.028186,0.192916,2026-05-31T13:18:32.354144
213,-6.2047,0,50,0.028045,0.178184,2026-05-31T13:18:32.859578
214,-6.2379,0,50,0.027905,0.165116,2026-05-31T13:18:33.381678
215,-6.2047,0,50,0.027765,0.171671,2026-05-31T13:18:33.929353
216,-6.1773,0,50,0.027626,0.195796,2026-05-31T13:18:34.425023
217,-6.2242,0,50,0.027488,0.211175,2026-05-31T13:18:35.098296
218,-6.1637,0,50,0.027351,0.192211,2026-05-31T13:18:35.704420
219,-6.2203,0,50,0.027214,0.210513,2026-05-31T13:18:36.263632
220,-6.2516,0,50,0.027078,0.242969,2026-05-31T13:18:36.766346
221,-6.2008,0,50,0.026943,0.231025,2026-05-31T13:18:37.252243
222,-6.2047,0,50,0.026808,0.215540,2026-05-31T13:18:37.773416
223,-6.2594,0,50,0.026674,0.196808,2026-05-31T13:18:38.262566
224,-6.2379,0,50,0.026541,0.247167,2026-05-31T13:18:38.798999
225,-6.1773,0,50,0.026408,0.198598,2026-05-31T13:18:39.338154
226,-6.2320,0,50,0.026276,0.176014,2026-05-31T13:18:39.829049
227,-6.2184,0,50,0.026144,0.225972,2026-05-31T13:18:40.330798
228,-6.2027,0,50,0.026014,0.213294,2026-05-31T13:18:40.940386
229,-6.2594,0,50,0.025884,0.162362,2026-05-31T13:18:41.471604
230,-5.4813,0,59,0.025754,0.221463,2026-05-31T13:18:42.073430
231,-6.2320,0,50,0.025625,0.193954,2026-05-31T13:18:42.594039
232,-6.1910,0,50,0.025497,0.196009,2026-05-31T13:18:43.113739
233,-7.6211,0,31,0.025370,0.212411,2026-05-31T13:18:43.423525
234,-6.2047,0,50,0.025243,0.192392,2026-05-31T13:18:43.980182
235,-6.2594,0,50,0.025117,0.212889,2026-05-31T13:18:44.492290
236,-5.5977,0,58,0.024991,0.202545,2026-05-31T13:18:45.075048
237,-6.1930,0,50,0.024866,0.242512,2026-05-31T13:18:45.580732
238,-6.2184,0,50,0.024742,0.214652,2026-05-31T13:18:46.272036
239,-6.1773,0,50,0.024618,0.239186,2026-05-31T13:18:46.941311
240,-5.8414,0,55,0.024495,0.180504,2026-05-31T13:18:47.644094
241,-6.2027,0,50,0.024373,0.248016,2026-05-31T13:18:48.396036
242,-6.2047,0,50,0.024251,0.289740,2026-05-31T13:18:48.966652
243,-6.2047,0,50,0.024130,0.215372,2026-05-31T13:18:49.541169
244,-6.2047,0,50,0.024009,0.259808,2026-05-31T13:18:50.183836
245,-6.2594,0,50,0.023889,0.255444,2026-05-31T13:18:50.679812
246,-6.2281,0,50,0.023769,0.227600,2026-05-31T13:18:51.247192
247,-6.2086,0,50,0.023651,0.179826,2026-05-31T13:18:51.760245
248,-6.2594,0,50,0.023532,0.227444,2026-05-31T13:18:52.266058
249,-6.2594,0,50,0.023415,0.231782,2026-05-31T13:18:52.774412
250,-6.2184,0,50,0.023298,0.194459,2026-05-31T13:18:53.270157
251,-6.2457,0,50,0.023181,0.269666,2026-05-31T13:18:53.795954
252,-6.1910,0,50,0.023065,0.179745,2026-05-31T13:18:54.297128
253,-7.6211,0,31,0.022950,0.268922,2026-05-31T13:18:54.620724
254,-6.2594,0,50,0.022835,0.211475,2026-05-31T13:18:55.145732
255,-6.2047,0,50,0.022721,0.239268,2026-05-31T13:18:55.640937
256,-6.2047,0,50,0.022607,0.200132,2026-05-31T13:18:56.158439
257,-6.2320,0,50,0.022494,0.229097,2026-05-31T13:18:56.664684
258,-6.2164,0,50,0.022382,0.213121,2026-05-31T13:18:57.172669
259,-6.2320,0,50,0.022270,0.172356,2026-05-31T13:18:57.717896
260,-6.2027,0,50,0.022159,0.177024,2026-05-31T13:18:58.213595
261,-6.2184,0,50,0.022048,0.244704,2026-05-31T13:18:58.745575
262,-6.1910,0,50,0.021938,0.231839,2026-05-31T13:18:59.315125
263,-6.2086,0,50,0.021828,0.219037,2026-05-31T13:18:59.837243
264,-6.1949,0,50,0.021719,0.210320,2026-05-31T13:19:00.341485
265,-6.2379,0,50,0.021610,0.194095,2026-05-31T13:19:00.843423
266,-6.2203,0,50,0.021502,0.215342,2026-05-31T13:19:01.398168
267,-6.2145,0,50,0.021395,0.218750,2026-05-31T13:19:01.889248
268,-6.2301,0,50,0.021288,0.185894,2026-05-31T13:19:02.388981
269,-6.2027,0,50,0.021181,0.211483,2026-05-31T13:19:02.912155
270,-6.2125,0,50,0.021075,0.212530,2026-05-31T13:19:03.422419
271,-6.2281,0,50,0.020970,0.156857,2026-05-31T13:19:03.932174
272,-6.2320,0,50,0.020865,0.207985,2026-05-31T13:19:04.441431
273,-6.2320,0,50,0.020761,0.224018,2026-05-31T13:19:04.944458
274,-6.2594,0,50,0.020657,0.205183,2026-05-31T13:19:05.493278
275,-6.2184,0,50,0.020554,0.246148,2026-05-31T13:19:06.072554
276,-6.1969,0,50,0.020451,0.202645,2026-05-31T13:19:06.572491
277,-6.1832,0,50,0.020349,0.219989,2026-05-31T13:19:07.116669
278,-6.2594,0,50,0.020247,0.201833,2026-05-31T13:19:07.604485
279,-6.2320,0,50,0.020146,0.250028,2026-05-31T13:19:08.216183
280,-6.1871,0,50,0.020045,0.241365,2026-05-31T13:19:08.705734
281,-6.2047,0,50,0.019945,0.157192,2026-05-31T13:19:09.214897
282,-6.2359,0,50,0.019845,0.201649,2026-05-31T13:19:09.722618
283,-6.2457,0,50,0.019746,0.223688,2026-05-31T13:19:10.231519
284,-6.2301,0,50,0.019647,0.256619,2026-05-31T13:19:10.741126
285,-6.2457,0,50,0.019549,0.208728,2026-05-31T13:19:11.291531
286,-6.2379,0,50,0.019451,0.190454,2026-05-31T13:19:11.809341
287,-6.1910,0,50,0.019354,0.201622,2026-05-31T13:19:12.332160
288,-6.9264,0,40,0.019257,0.215918,2026-05-31T13:19:12.744750
289,-6.2164,0,50,0.019161,0.190521,2026-05-31T13:19:13.241826
290,-6.1910,0,50,0.019065,0.207698,2026-05-31T13:19:13.752416
291,-6.1773,0,50,0.018970,0.248843,2026-05-31T13:19:14.268576
292,-6.2027,0,50,0.018875,0.227921,2026-05-31T13:19:14.778864
293,-6.2184,0,50,0.018780,0.222263,2026-05-31T13:19:15.300049
294,-6.1637,0,50,0.018686,0.202375,2026-05-31T13:19:15.818066
295,-6.2359,0,50,0.018593,0.178425,2026-05-31T13:19:16.555101
296,-6.1871,0,50,0.018500,0.232349,2026-05-31T13:19:17.188022
297,-6.2457,0,50,0.018408,0.234203,2026-05-31T13:19:17.844331
298,-6.2320,0,50,0.018315,0.199126,2026-05-31T13:19:18.458788
299,-6.2047,0,50,0.018224,0.164504,2026-05-31T13:19:18.969418
300,-6.1910,0,50,0.018133,0.225698,2026-05-31T13:19:19.572862
301,-6.2379,0,50,0.018042,0.221624,2026-05-31T13:19:20.244707
302,-6.2438,0,50,0.017952,0.218016,2026-05-31T13:19:20.746178
303,-6.1969,0,50,0.017862,0.239101,2026-05-31T13:19:21.286677
304,-6.2438,0,50,0.017773,0.201809,2026-05-31T13:19:21.791077
305,-6.2516,0,50,0.017684,0.190959,2026-05-31T13:19:22.294638
306,-6.2594,0,50,0.017596,0.197538,2026-05-31T13:19:22.799137
307,-6.2320,0,50,0.017508,0.193688,2026-05-31T13:19:23.357260
308,-6.2047,0,50,0.017420,0.126478,2026-05-31T13:19:23.864359
309,-6.2184,0,50,0.017333,0.224642,2026-05-31T13:19:24.367198
310,-6.2379,0,50,0.017246,0.239002,2026-05-31T13:19:24.883928
311,-5.8414,0,55,0.017160,0.218578,2026-05-31T13:19:25.435041
312,-6.2594,0,50,0.017074,0.199132,2026-05-31T13:19:25.937965
313,-6.2457,0,50,0.016989,0.224235,2026-05-31T13:19:26.481431
314,-6.2594,0,50,0.016904,0.206242,2026-05-31T13:19:26.988201
315,-6.2594,0,50,0.016819,0.165031,2026-05-31T13:19:27.490006
316,-6.2320,0,50,0.016735,0.224487,2026-05-31T13:19:28.019426
317,-6.2457,0,50,0.016652,0.192002,2026-05-31T13:19:28.497218
318,-6.2281,0,50,0.016568,0.188647,2026-05-31T13:19:28.997636
319,-6.1969,0,50,0.016486,0.195528,2026-05-31T13:19:29.505249
320,-7.6211,0,31,0.016403,0.152690,2026-05-31T13:19:29.829952
321,-6.1637,0,50,0.016321,0.181958,2026-05-31T13:19:30.326791
322,-6.1949,0,50,0.016239,0.213922,2026-05-31T13:19:30.828882
323,-6.2184,0,50,0.016158,0.205205,2026-05-31T13:19:31.362415
324,-6.2457,0,50,0.016078,0.171675,2026-05-31T13:19:31.868943
325,-6.1754,0,50,0.015997,0.180485,2026-05-31T13:19:32.379864
326,-6.2301,0,50,0.015917,0.234237,2026-05-31T13:19:32.903553
327,-6.1949,0,50,0.015838,0.177716,2026-05-31T13:19:33.401101
328,-6.2301,0,50,0.015758,0.195043,2026-05-31T13:19:33.916092
329,-6.1988,0,50,0.015680,0.226860,2026-05-31T13:19:34.438545
330,-6.2066,0,50,0.015601,0.196754,2026-05-31T13:19:34.961310
331,-6.2184,0,50,0.015523,0.200964,2026-05-31T13:19:35.504459
332,-6.2379,0,50,0.015446,0.186604,2026-05-31T13:19:36.113022
333,-6.2457,0,50,0.015368,0.210419,2026-05-31T13:19:36.602547
334,-6.1910,0,50,0.015291,0.245206,2026-05-31T13:19:37.149595
335,-6.2457,0,50,0.015215,0.213251,2026-05-31T13:19:37.671199
336,-6.2457,0,50,0.015139,0.199449,2026-05-31T13:19:38.178684
337,-6.1773,0,50,0.015063,0.170429,2026-05-31T13:19:38.673558
338,-6.1637,0,50,0.014988,0.191584,2026-05-31T13:19:39.188627
339,-6.2320,0,50,0.014913,0.183476,2026-05-31T13:19:39.695759
340,-6.2281,0,50,0.014838,0.156314,2026-05-31T13:19:40.246739
341,-6.1754,0,50,0.014764,0.170369,2026-05-31T13:19:40.756041
342,-6.1695,0,50,0.014690,0.162403,2026-05-31T13:19:41.393817
343,-6.2203,0,50,0.014617,0.206347,2026-05-31T13:19:42.008057
344,-6.2594,0,50,0.014544,0.166914,2026-05-31T13:19:42.500292
345,-6.2047,0,50,0.014471,0.209470,2026-05-31T13:19:43.005025
346,-6.2320,0,50,0.014399,0.211224,2026-05-31T13:19:43.509343
347,-6.1910,0,50,0.014327,0.238351,2026-05-31T13:19:44.041672
348,-6.2047,0,50,0.014255,0.246997,2026-05-31T13:19:44.545514
349,-6.2438,0,50,0.014184,0.196518,2026-05-31T13:19:45.053493
350,-6.1637,0,50,0.014113,0.162363,2026-05-31T13:19:45.570303
351,-6.2105,0,50,0.014042,0.162261,2026-05-31T13:19:46.225968
352,-6.2145,0,50,0.013972,0.232603,2026-05-31T13:19:46.865771
353,-6.2457,0,50,0.013902,0.204392,2026-05-31T13:19:47.512012
354,-6.2281,0,50,0.013833,0.209307,2026-05-31T13:19:48.355535
355,-6.2086,0,50,0.013764,0.184021,2026-05-31T13:19:48.874486
356,-6.1910,0,50,0.013695,0.205143,2026-05-31T13:19:49.392564
357,-6.1832,0,50,0.013626,0.224100,2026-05-31T13:19:50.110068
358,-6.1664,0,51,0.013558,0.165959,2026-05-31T13:19:50.607953
359,-7.1518,0,37,0.013490,0.184864,2026-05-31T13:19:51.029674
360,-6.2594,0,50,0.013423,0.237444,2026-05-31T13:19:51.532502
361,-6.2184,0,50,0.013356,0.175202,2026-05-31T13:19:52.069878
362,-6.1910,0,50,0.013289,0.209026,2026-05-31T13:19:52.563213
363,-6.2047,0,50,0.013223,0.204401,2026-05-31T13:19:53.070978
364,-5.9727,0,53,0.013157,0.186389,2026-05-31T13:19:53.610836
365,-6.2184,0,50,0.013091,0.232292,2026-05-31T13:19:54.116098
366,-6.2457,0,50,0.013025,0.205893,2026-05-31T13:19:54.617024
367,-6.1773,0,50,0.012960,0.219538,2026-05-31T13:19:55.126511
368,-6.2066,0,50,0.012895,0.217614,2026-05-31T13:19:55.626509
369,-6.2457,0,50,0.012831,0.207721,2026-05-31T13:19:56.199216
370,-6.1773,0,50,0.012767,0.178177,2026-05-31T13:19:56.693872
371,-6.2457,0,50,0.012703,0.177695,2026-05-31T13:19:57.199063
372,-6.1871,0,50,0.012639,0.237137,2026-05-31T13:19:57.758372
373,-6.1695,0,50,0.012576,0.205941,2026-05-31T13:19:58.257848
374,-6.2027,0,50,0.012513,0.174220,2026-05-31T13:19:58.760809
375,-6.2184,0,50,0.012451,0.210534,2026-05-31T13:19:59.256472
376,-6.2027,0,50,0.012389,0.211289,2026-05-31T13:19:59.824534
377,-6.2594,0,50,0.012327,0.219297,2026-05-31T13:20:00.364037
378,-6.1695,0,50,0.012265,0.212295,2026-05-31T13:20:00.863071
379,-6.2594,0,50,0.012204,0.202408,2026-05-31T13:20:01.406131
380,-6.2047,0,50,0.012143,0.210347,2026-05-31T13:20:01.905917
381,-6.2594,0,50,0.012082,0.205628,2026-05-31T13:20:02.407310
382,-6.2320,0,50,0.012021,0.199939,2026-05-31T13:20:02.927400
383,-6.1988,0,50,0.011961,0.241190,2026-05-31T13:20:03.428139
384,-6.2594,0,50,0.011902,0.210254,2026-05-31T13:20:03.956167
385,-6.2594,0,50,0.011842,0.236239,2026-05-31T13:20:04.486057
386,-6.2594,0,50,0.011783,0.216404,2026-05-31T13:20:04.987799
387,-6.2457,0,50,0.011724,0.260830,2026-05-31T13:20:05.533729
388,-6.2320,0,50,0.011665,0.204556,2026-05-31T13:20:06.129375
389,-6.1695,0,50,0.011607,0.171861,2026-05-31T13:20:07.302575
390,-6.2047,0,50,0.011549,0.259128,2026-05-31T13:20:08.469563
391,-6.2320,0,50,0.011491,0.192777,2026-05-31T13:20:09.497592
392,-6.2457,0,50,0.011434,0.212277,2026-05-31T13:20:10.520253
393,-6.2457,0,50,0.011377,0.226856,2026-05-31T13:20:11.638933
394,-6.2008,0,50,0.011320,0.171836,2026-05-31T13:20:12.632562
395,-6.2145,0,50,0.011263,0.211618,2026-05-31T13:20:13.348162
396,-6.2027,0,50,0.011207,0.211399,2026-05-31T13:20:13.848835
397,-6.1910,0,50,0.011151,0.224400,2026-05-31T13:20:14.360860
398,-6.2086,0,50,0.011095,0.193449,2026-05-31T13:20:14.899034
399,-6.2184,0,50,0.011040,0.203614,2026-05-31T13:20:15.444465
400,-6.1910,0,50,0.010984,0.216530,2026-05-31T13:20:16.148124
401,-6.2242,0,50,0.010929,0.209956,2026-05-31T13:20:16.888493
402,-6.1695,0,50,0.010875,0.185472,2026-05-31T13:20:17.557776
403,-6.1832,0,50,0.010820,0.229158,2026-05-31T13:20:18.261025
404,-6.2594,0,50,0.010766,0.159341,2026-05-31T13:20:18.860923
405,-7.6211,0,31,0.010712,0.232276,2026-05-31T13:20:19.213217
406,-7.6211,0,31,0.010659,0.177298,2026-05-31T13:20:19.710506
407,-6.2457,0,50,0.010606,0.223706,2026-05-31T13:20:20.608928
408,-6.2320,0,50,0.010553,0.168989,2026-05-31T13:20:21.190528
409,-7.6211,0,31,0.010500,0.276056,2026-05-31T13:20:21.493140
410,-6.2223,0,50,0.010447,0.208416,2026-05-31T13:20:22.050898
411,-6.1813,0,50,0.010395,0.167019,2026-05-31T13:20:22.577032
412,-6.2086,0,50,0.010343,0.179722,2026-05-31T13:20:23.124694
413,-6.2164,0,50,0.010291,0.199175,2026-05-31T13:20:23.612063
414,-6.2594,0,50,0.010240,0.197408,2026-05-31T13:20:24.152243
415,-7.0061,0,39,0.010189,0.220882,2026-05-31T13:20:24.584930
416,-6.2281,0,50,0.010138,0.228468,2026-05-31T13:20:25.090227
417,-6.1910,0,50,0.010087,0.211860,2026-05-31T13:20:25.584672
418,-6.1637,0,50,0.010037,0.189539,2026-05-31T13:20:26.127872
419,-6.2047,0,50,0.010000,0.208325,2026-05-31T13:20:26.852768
420,-6.2047,0,50,0.010000,0.205407,2026-05-31T13:20:27.596231
421,-6.2047,0,50,0.010000,0.175516,2026-05-31T13:20:28.407194
422,-6.2047,0,50,0.010000,0.200892,2026-05-31T13:20:28.943019
423,-6.2457,0,50,0.010000,0.202054,2026-05-31T13:20:29.523232
424,-6.2047,0,50,0.010000,0.190011,2026-05-31T13:20:30.073732
425,-6.2047,0,50,0.010000,0.213765,2026-05-31T13:20:30.625021
426,-6.2008,0,50,0.010000,0.198713,2026-05-31T13:20:31.226318
427,-6.2184,0,50,0.010000,0.215863,2026-05-31T13:20:31.773034
428,-6.2516,0,50,0.010000,0.228465,2026-05-31T13:20:32.361622
429,-6.2359,0,50,0.010000,0.213989,2026-05-31T13:20:32.913055
430,-6.1930,0,50,0.010000,0.198161,2026-05-31T13:20:33.533667
431,-6.2301,0,50,0.010000,0.170583,2026-05-31T13:20:34.151260
432,-6.2047,0,50,0.010000,0.216487,2026-05-31T13:20:34.727422
433,-6.2516,0,50,0.010000,0.203731,2026-05-31T13:20:35.753118
434,-6.2594,0,50,0.010000,0.187611,2026-05-31T13:20:36.546476
435,-6.2105,0,50,0.010000,0.207524,2026-05-31T13:20:37.285925
436,-6.2320,0,50,0.010000,0.205802,2026-05-31T13:20:37.894728
437,-6.2047,0,50,0.010000,0.195051,2026-05-31T13:20:38.450268
438,-6.2301,0,50,0.010000,0.210181,2026-05-31T13:20:39.004889
439,-6.1773,0,50,0.010000,0.208909,2026-05-31T13:20:39.569997
440,-6.2164,0,50,0.010000,0.183682,2026-05-31T13:20:40.168106
441,-6.2027,0,50,0.010000,0.188598,2026-05-31T13:20:40.746408
442,-6.1813,0,50,0.010000,0.222173,2026-05-31T13:20:41.478842
443,-6.2457,0,50,0.010000,0.207280,2026-05-31T13:20:42.058947
444,-6.2457,0,50,0.010000,0.238013,2026-05-31T13:20:42.596908
445,-6.2203,0,50,0.010000,0.146801,2026-05-31T13:20:43.157778
446,-6.2281,0,50,0.010000,0.215170,2026-05-31T13:20:44.025064
447,-6.2594,0,50,0.010000,0.245766,2026-05-31T13:20:44.650444
448,-6.2008,0,50,0.010000,0.210114,2026-05-31T13:20:45.209137
449,-6.2008,0,50,0.010000,0.191591,2026-05-31T13:20:45.760629
450,-6.2359,0,50,0.010000,0.152171,2026-05-31T13:20:46.570341
451,-7.3039,0,35,0.010000,0.254113,2026-05-31T13:20:47.106486
452,-6.2594,0,50,0.010000,0.199591,2026-05-31T13:20:47.846556
453,-6.1988,0,50,0.010000,0.194866,2026-05-31T13:20:48.630793
454,-6.2066,0,50,0.010000,0.203427,2026-05-31T13:20:49.202546
455,-6.2184,0,50,0.010000,0.195193,2026-05-31T13:20:50.062263
456,-6.1754,0,50,0.010000,0.241491,2026-05-31T13:20:51.403238
457,-6.1871,0,50,0.010000,0.186545,2026-05-31T13:20:52.829071
458,-6.1969,0,50,0.010000,0.193693,2026-05-31T13:20:53.828043
459,-5.9805,0,53,0.010000,0.224688,2026-05-31T13:20:54.611820
460,-6.2359,0,50,0.010000,0.190727,2026-05-31T13:20:55.383718
461,-6.1695,0,50,0.010000,0.210790,2026-05-31T13:20:56.129729
462,-6.1910,0,50,0.010000,0.222207,2026-05-31T13:20:56.753707
463,-6.1637,0,50,0.010000,0.180216,2026-05-31T13:20:57.344269
464,-6.1910,0,50,0.010000,0.193030,2026-05-31T13:20:57.887816
465,-7.6211,0,31,0.010000,0.201913,2026-05-31T13:20:58.241884
466,-6.2066,0,50,0.010000,0.165719,2026-05-31T13:20:58.829625
467,-6.2086,0,50,0.010000,0.201117,2026-05-31T13:20:59.440767
468,-6.1813,0,50,0.010000,0.213959,2026-05-31T13:21:00.486923
469,-6.4805,0,46,0.010000,0.210278,2026-05-31T13:21:01.327580
470,-6.2184,0,50,0.010000,0.198256,2026-05-31T13:21:01.992397
471,-6.2457,0,50,0.010000,0.231014,2026-05-31T13:21:02.521640
472,-6.2184,0,50,0.010000,0.202840,2026-05-31T13:21:03.028737
473,-6.2320,0,50,0.010000,0.210573,2026-05-31T13:21:03.536475
474,-6.2594,0,50,0.010000,0.203841,2026-05-31T13:21:04.051476
475,-6.2066,0,50,0.010000,0.191665,2026-05-31T13:21:04.563120
476,-6.2457,0,50,0.010000,0.203616,2026-05-31T13:21:05.079182
477,-6.2594,0,50,0.010000,0.232570,2026-05-31T13:21:05.761158
478,-6.2301,0,50,0.010000,0.200539,2026-05-31T13:21:06.346890
479,-6.2594,0,50,0.010000,0.214438,2026-05-31T13:21:06.836209
480,-6.2594,0,50,0.010000,0.236723,2026-05-31T13:21:07.375316
481,-6.2184,0,50,0.010000,0.181199,2026-05-31T13:21:07.875186
482,-6.1773,0,50,0.010000,0.215866,2026-05-31T13:21:08.420011
483,-6.2516,0,50,0.010000,0.159682,2026-05-31T13:21:08.912142
484,-6.2223,0,50,0.010000,0.218596,2026-05-31T13:21:09.454438
485,-6.2516,0,50,0.010000,0.214445,2026-05-31T13:21:09.946243
486,-5.8895,0,54,0.010000,0.222228,2026-05-31T13:21:10.501818
487,-6.2379,0,50,0.010000,0.191195,2026-05-31T13:21:10.999204
488,-6.1773,0,50,0.010000,0.168019,2026-05-31T13:21:11.554396
489,-6.2027,0,50,0.010000,0.172350,2026-05-31T13:21:12.045817
490,-6.2516,0,50,0.010000,0.221465,2026-05-31T13:21:12.960948
491,-6.2281,0,50,0.010000,0.236409,2026-05-31T13:21:14.209858
492,-6.2438,0,50,0.010000,0.194612,2026-05-31T13:21:15.210483
493,-6.2281,0,50,0.010000,0.237244,2026-05-31T13:21:16.077625
494,-6.2047,0,50,0.010000,0.237232,2026-05-31T13:21:17.053272
495,-6.2125,0,50,0.010000,0.187093,2026-05-31T13:21:17.920871
496,-6.1832,0,50,0.010000,0.191942,2026-05-31T13:21:18.746691
497,-6.1773,0,50,0.010000,0.227768,2026-05-31T13:21:19.584431
498,-6.2594,0,50,0.010000,0.205787,2026-05-31T13:21:20.357584
499,-6.2008,0,50,0.010000,0.174097,2026-05-31T13:21:21.097340
500,-6.1969,0,50,0.010000,0.206584,2026-05-31T13:21:21.798418
501,-6.1910,0,50,0.010000,0.211547,2026-05-31T13:21:22.493743
502,-6.2184,0,50,0.010000,0.232336,2026-05-31T13:21:23.206989
503,-6.1773,0,50,0.010000,0.210016,2026-05-31T13:21:23.925819
504,-6.1637,0,50,0.010000,0.217992,2026-05-31T13:21:24.611837
505,-6.2184,0,50,0.010000,0.242194,2026-05-31T13:21:25.278789
506,-6.2242,0,50,0.010000,0.179904,2026-05-31T13:21:25.937665
507,-6.1637,0,50,0.010000,0.202768,2026-05-31T13:21:26.652998
508,-6.1930,0,50,0.010000,0.217474,2026-05-31T13:21:27.327508
509,-6.2320,0,50,0.010000,0.230941,2026-05-31T13:21:27.975542
510,-6.1969,0,50,0.010000,0.222244,2026-05-31T13:21:28.645846
511,-6.1910,0,50,0.010000,0.242560,2026-05-31T13:21:29.386526
512,-6.2320,0,50,0.010000,0.186601,2026-05-31T13:21:30.063132
513,-6.2047,0,50,0.010000,0.155586,2026-05-31T13:21:30.756955
514,-6.2184,0,50,0.010000,0.233462,2026-05-31T13:21:31.460476
515,-6.2320,0,50,0.010000,0.236479,2026-05-31T13:21:32.036600
516,-6.2594,0,50,0.010000,0.220379,2026-05-31T13:21:32.541088
517,-6.1949,0,50,0.010000,0.220805,2026-05-31T13:21:33.044343
518,-6.2359,0,50,0.010000,0.238052,2026-05-31T13:21:33.552556
519,-6.1988,0,50,0.010000,0.237324,2026-05-31T13:21:34.057740
520,-6.1949,0,50,0.010000,0.229997,2026-05-31T13:21:34.609881
521,-6.1832,0,50,0.010000,0.228997,2026-05-31T13:21:35.135142
522,-6.1813,0,50,0.010000,0.204611,2026-05-31T13:21:35.755541
523,-6.2457,0,50,0.010000,0.211328,2026-05-31T13:21:36.294949
524,-6.2223,0,50,0.010000,0.221867,2026-05-31T13:21:36.798742
525,-6.2008,0,50,0.010000,0.203582,2026-05-31T13:21:37.315500
526,-6.2184,0,50,0.010000,0.157715,2026-05-31T13:21:37.815739
527,-6.2359,0,50,0.010000,0.194658,2026-05-31T13:21:38.342533
528,-6.2594,0,50,0.010000,0.239389,2026-05-31T13:21:38.854257
529,-6.1910,0,50,0.010000,0.189878,2026-05-31T13:21:39.377810
530,-6.2320,0,50,0.010000,0.172743,2026-05-31T13:21:39.876446
531,-6.2145,0,50,0.010000,0.208184,2026-05-31T13:21:40.390107
532,-6.2184,0,50,0.010000,0.230002,2026-05-31T13:21:40.895860
533,-6.1637,0,50,0.010000,0.202154,2026-05-31T13:21:41.609166
534,-7.6211,0,31,0.010000,0.231625,2026-05-31T13:21:41.903956
535,-6.2594,0,50,0.010000,0.162181,2026-05-31T13:21:42.435646
536,-6.2320,0,50,0.010000,0.213223,2026-05-31T13:21:42.951429
537,-6.2457,0,50,0.010000,0.169654,2026-05-31T13:21:43.461078
538,-6.2594,0,50,0.010000,0.221643,2026-05-31T13:21:43.966742
539,-6.2320,0,50,0.010000,0.191619,2026-05-31T13:21:44.503146
540,-6.2457,0,50,0.010000,0.234840,2026-05-31T13:21:44.995153
541,-6.1637,0,50,0.010000,0.213275,2026-05-31T13:21:45.507239
542,-6.1891,0,50,0.010000,0.237948,2026-05-31T13:21:46.111784
543,-6.1637,0,50,0.010000,0.188841,2026-05-31T13:21:46.811361
544,-6.2516,0,50,0.010000,0.241639,2026-05-31T13:21:47.459495
545,-6.2320,0,50,0.010000,0.241871,2026-05-31T13:21:48.125707
546,-6.1969,0,50,0.010000,0.214051,2026-05-31T13:21:48.712518
547,-6.2184,0,50,0.010000,0.199131,2026-05-31T13:21:49.266988
548,-6.2594,0,50,0.010000,0.241245,2026-05-31T13:21:49.984003
549,-6.2047,0,50,0.010000,0.188634,2026-05-31T13:21:50.522958
550,-6.2594,0,50,0.010000,0.197614,2026-05-31T13:21:51.063629
551,-6.2184,0,50,0.010000,0.240727,2026-05-31T13:21:51.592475
552,-6.2594,0,50,0.010000,0.193369,2026-05-31T13:21:52.077209
553,-6.2223,0,50,0.010000,0.184684,2026-05-31T13:21:52.592565
554,-6.2125,0,50,0.010000,0.206485,2026-05-31T13:21:53.093046
555,-6.1773,0,50,0.010000,0.224761,2026-05-31T13:21:53.599226
556,-6.2184,0,50,0.010000,0.277321,2026-05-31T13:21:54.105111
557,-6.2359,0,50,0.010000,0.190549,2026-05-31T13:21:54.648486
558,5.2609,1,69,0.010000,0.209733,2026-05-31T13:21:55.328314
559,-6.1871,0,50,0.010000,0.201557,2026-05-31T13:21:55.827217
560,-6.1969,0,50,0.010000,0.223768,2026-05-31T13:21:56.465185
561,-6.1773,0,50,0.010000,0.225800,2026-05-31T13:21:56.971212
562,-6.2223,0,50,0.010000,0.201521,2026-05-31T13:21:57.481347
563,-6.2184,0,50,0.010000,0.244774,2026-05-31T13:21:57.977971
564,-6.1969,0,50,0.010000,0.203757,2026-05-31T13:21:58.511598
565,-6.1910,0,50,0.010000,0.216594,2026-05-31T13:21:59.041589
566,-6.2457,0,50,0.010000,0.192910,2026-05-31T13:21:59.763014
567,-6.2027,0,50,0.010000,0.186338,2026-05-31T13:22:00.300531
568,-6.1637,0,50,0.010000,0.197133,2026-05-31T13:22:00.806255
569,-6.2438,0,50,0.010000,0.201134,2026-05-31T13:22:01.347472
570,-6.2594,0,50,0.010000,0.201229,2026-05-31T13:22:01.844328
571,-7.6211,0,31,0.010000,0.205811,2026-05-31T13:22:02.152707
572,-6.2594,0,50,0.010000,0.181842,2026-05-31T13:22:02.722838
573,-7.4625,0,33,0.010000,0.182161,2026-05-31T13:22:03.047220
574,-6.2184,0,50,0.010000,0.247271,2026-05-31T13:22:03.581623
575,-6.6633,0,44,0.010000,0.185517,2026-05-31T13:22:04.022095
576,-6.2594,0,50,0.010000,0.244365,2026-05-31T13:22:04.540155
577,-6.1695,0,50,0.010000,0.221336,2026-05-31T13:22:05.077386
578,-6.2594,0,50,0.010000,0.200567,2026-05-31T13:22:05.666667
579,-6.1637,0,50,0.010000,0.210498,2026-05-31T13:22:06.207434
580,-6.1813,0,50,0.010000,0.183385,2026-05-31T13:22:06.747546
581,-6.2184,0,50,0.010000,0.222723,2026-05-31T13:22:07.237719
582,-6.1773,0,50,0.010000,0.226970,2026-05-31T13:22:07.750173
583,-6.2594,0,50,0.010000,0.169932,2026-05-31T13:22:08.261334
584,-6.1969,0,50,0.010000,0.213091,2026-05-31T13:22:08.784287
585,-6.2457,0,50,0.010000,0.193806,2026-05-31T13:22:09.285633
586,-6.2145,0,50,0.010000,0.207119,2026-05-31T13:22:09.805281
587,-6.2125,0,50,0.010000,0.214898,2026-05-31T13:22:10.321450
588,-6.1637,0,50,0.010000,0.200180,2026-05-31T13:22:11.019103
589,-6.1813,0,50,0.010000,0.221286,2026-05-31T13:22:11.555646
590,-6.2047,0,50,0.010000,0.232845,2026-05-31T13:22:12.046121
591,-6.1930,0,50,0.010000,0.294818,2026-05-31T13:22:12.543136
592,-6.1891,0,50,0.010000,0.221433,2026-05-31T13:22:13.075393
593,-6.2184,0,50,0.010000,0.215259,2026-05-31T13:22:13.596442
594,-5.8855,0,54,0.010000,0.235632,2026-05-31T13:22:14.149867
595,-6.2320,0,50,0.010000,0.188114,2026-05-31T13:22:14.724871
596,-6.2242,0,50,0.010000,0.206483,2026-05-31T13:22:15.221444
597,-6.2047,0,50,0.010000,0.222060,2026-05-31T13:22:15.748044
598,-6.2320,0,50,0.010000,0.215823,2026-05-31T13:22:16.662418
599,-6.2320,0,50,0.010000,0.209671,2026-05-31T13:22:17.332055
600,-6.2320,0,50,0.010000,0.243930,2026-05-31T13:22:17.986960
601,4.8508,1,64,0.010000,0.194948,2026-05-31T13:22:18.803310
602,-6.2008,0,50,0.010000,0.177016,2026-05-31T13:22:19.292734
603,-6.1871,0,50,0.010000,0.194251,2026-05-31T13:22:20.083823
604,-6.2008,0,50,0.010000,0.216288,2026-05-31T13:22:20.636638
605,-6.2008,0,50,0.010000,0.187448,2026-05-31T13:22:21.135936
606,-6.1695,0,50,0.010000,0.171265,2026-05-31T13:22:21.681224
607,-7.6211,0,31,0.010000,0.173808,2026-05-31T13:22:21.978792
608,-6.2086,0,50,0.010000,0.212769,2026-05-31T13:22:22.489924
609,-6.1910,0,50,0.010000,0.200525,2026-05-31T13:22:22.989023
610,-6.1871,0,50,0.010000,0.151653,2026-05-31T13:22:23.507755
611,-5.5977,0,58,0.010000,0.233434,2026-05-31T13:22:24.090732
612,-6.1773,0,50,0.010000,0.201279,2026-05-31T13:22:24.611289
613,-6.2105,0,50,0.010000,0.215427,2026-05-31T13:22:25.102247
614,-6.2457,0,50,0.010000,0.225890,2026-05-31T13:22:25.614440
615,-6.2320,0,50,0.010000,0.212171,2026-05-31T13:22:26.109450
616,-6.2320,0,50,0.010000,0.224562,2026-05-31T13:22:26.654953
617,-6.2594,0,50,0.010000,0.219914,2026-05-31T13:22:27.136638
618,5.3813,1,70,0.010000,0.215863,2026-05-31T13:22:27.873870
619,-6.2320,0,50,0.010000,0.262495,2026-05-31T13:22:28.375010
620,-6.2047,0,50,0.010000,0.182475,2026-05-31T13:22:28.888447
621,-6.2301,0,50,0.010000,0.195411,2026-05-31T13:22:29.472807
622,-6.1813,0,50,0.010000,0.211698,2026-05-31T13:22:29.978504
623,-6.1773,0,50,0.010000,0.203484,2026-05-31T13:22:30.480109
624,-6.2047,0,50,0.010000,0.182431,2026-05-31T13:22:30.991902
625,-6.2145,0,50,0.010000,0.198121,2026-05-31T13:22:31.533706
626,-6.2457,0,50,0.010000,0.226184,2026-05-31T13:22:32.055049
627,-6.2594,0,50,0.010000,0.224221,2026-05-31T13:22:32.559266
628,-6.1813,0,50,0.010000,0.216189,2026-05-31T13:22:33.045718
629,-6.2047,0,50,0.010000,0.246497,2026-05-31T13:22:33.582904
630,-6.2594,0,50,0.010000,0.230075,2026-05-31T13:22:34.112028
631,-6.1988,0,50,0.010000,0.175927,2026-05-31T13:22:34.621773
632,-6.2203,0,50,0.010000,0.217955,2026-05-31T13:22:35.148774
633,-6.1871,0,50,0.010000,0.196587,2026-05-31T13:22:35.755389
634,-6.2184,0,50,0.010000,0.203363,2026-05-31T13:22:36.308604
635,-5.6250,0,58,0.010000,0.200535,2026-05-31T13:22:36.892130
636,-6.2359,0,50,0.010000,0.179767,2026-05-31T13:22:37.392274
637,-5.6555,0,57,0.010000,0.207658,2026-05-31T13:22:37.982720
638,-6.0215,0,53,0.010000,0.202328,2026-05-31T13:22:38.539213
639,-6.2164,0,50,0.010000,0.233059,2026-05-31T13:22:39.042185
640,-6.2223,0,50,0.010000,0.199203,2026-05-31T13:22:39.552681
641,-6.2516,0,50,0.010000,0.210497,2026-05-31T13:22:40.077822
642,-6.2594,0,50,0.010000,0.239555,2026-05-31T13:22:40.585468
643,-6.2066,0,50,0.010000,0.185583,2026-05-31T13:22:41.096288
644,-7.6211,0,31,0.010000,0.187243,2026-05-31T13:22:41.478302
645,-6.2457,0,50,0.010000,0.181543,2026-05-31T13:22:42.034482
646,-6.2594,0,50,0.010000,0.255791,2026-05-31T13:22:42.524255
647,-6.2594,0,50,0.010000,0.203412,2026-05-31T13:22:43.034632
648,-6.2379,0,50,0.010000,0.166891,2026-05-31T13:22:43.524218
649,-6.2516,0,50,0.010000,0.169434,2026-05-31T13:22:44.054767
650,-5.7699,0,56,0.010000,0.218326,2026-05-31T13:22:44.613122
651,-6.2223,0,50,0.010000,0.167732,2026-05-31T13:22:45.131777
652,-6.2008,0,50,0.010000,0.228465,2026-05-31T13:22:45.644564
653,-6.1969,0,50,0.010000,0.202487,2026-05-31T13:22:46.297747
654,-6.2594,0,50,0.010000,0.219182,2026-05-31T13:22:46.957876
655,-6.1910,0,50,0.010000,0.218263,2026-05-31T13:22:47.595470
656,-6.1988,0,50,0.010000,0.215914,2026-05-31T13:22:48.315924
657,5.2551,1,69,0.010000,0.204435,2026-05-31T13:22:49.100290
658,-6.1871,0,50,0.010000,0.203425,2026-05-31T13:22:49.801996
659,-6.2320,0,50,0.010000,0.235070,2026-05-31T13:22:50.372829
660,-5.8102,0,55,0.010000,0.214026,2026-05-31T13:22:51.090928
661,-6.2516,0,50,0.010000,0.190550,2026-05-31T13:22:51.617440
662,-6.1910,0,50,0.010000,0.230921,2026-05-31T13:22:52.144283
663,-5.9551,0,53,0.010000,0.250976,2026-05-31T13:22:52.670209
664,-6.2320,0,50,0.010000,0.226872,2026-05-31T13:22:53.162302
665,-6.2223,0,50,0.010000,0.260830,2026-05-31T13:22:53.724729
666,-6.2223,0,50,0.010000,0.194840,2026-05-31T13:22:54.226369
667,-6.2457,0,50,0.010000,0.208130,2026-05-31T13:22:54.736180
668,-7.4625,0,33,0.010000,0.161843,2026-05-31T13:22:55.069466
669,-6.2457,0,50,0.010000,0.195123,2026-05-31T13:22:55.578874
670,-6.1949,0,50,0.010000,0.186634,2026-05-31T13:22:56.122418
671,-6.2223,0,50,0.010000,0.249217,2026-05-31T13:22:56.681361
672,-6.2047,0,50,0.010000,0.250028,2026-05-31T13:22:57.233668
673,-6.1988,0,50,0.010000,0.191255,2026-05-31T13:22:57.740585
674,-6.2184,0,50,0.010000,0.193789,2026-05-31T13:22:58.246065
675,-6.2457,0,50,0.010000,0.211413,2026-05-31T13:22:58.749519
676,-6.2145,0,50,0.010000,0.271540,2026-05-31T13:22:59.353617
677,-6.1949,0,50,0.010000,0.198611,2026-05-31T13:22:59.884648
678,-6.2438,0,50,0.010000,0.146973,2026-05-31T13:23:00.459228
679,-6.2457,0,50,0.010000,0.265790,2026-05-31T13:23:00.975538
680,-6.2516,0,50,0.010000,0.272330,2026-05-31T13:23:01.520190
681,-6.2164,0,50,0.010000,0.217390,2026-05-31T13:23:02.024084
682,-6.2457,0,50,0.010000,0.266476,2026-05-31T13:23:02.528561
683,-6.2301,0,50,0.010000,0.222913,2026-05-31T13:23:03.063566
684,-6.2594,0,50,0.010000,0.148509,2026-05-31T13:23:03.554377
685,-6.2320,0,50,0.010000,0.228417,2026-05-31T13:23:04.085187
686,-6.2047,0,50,0.010000,0.200510,2026-05-31T13:23:04.576566
687,-6.2457,0,50,0.010000,0.222203,2026-05-31T13:23:05.132735
688,-6.2145,0,50,0.010000,0.227572,2026-05-31T13:23:05.714396
689,-6.2457,0,50,0.010000,0.204314,2026-05-31T13:23:06.278167
690,-6.2594,0,50,0.010000,0.236604,2026-05-31T13:23:06.778177
691,-6.2457,0,50,0.010000,0.170647,2026-05-31T13:23:07.281914
692,-6.1773,0,50,0.010000,0.277681,2026-05-31T13:23:07.792060
693,-6.1832,0,50,0.010000,0.211881,2026-05-31T13:23:08.667458
694,-6.2320,0,50,0.010000,0.244468,2026-05-31T13:23:09.198441
695,-6.2594,0,50,0.010000,0.203322,2026-05-31T13:23:09.725324
696,-6.1695,0,50,0.010000,0.207626,2026-05-31T13:23:10.272247
697,-6.1930,0,50,0.010000,0.244191,2026-05-31T13:23:10.785331
698,-6.2594,0,50,0.010000,0.211131,2026-05-31T13:23:11.329105
699,-6.2457,0,50,0.010000,0.210795,2026-05-31T13:23:11.858708
700,-6.1695,0,50,0.010000,0.212962,2026-05-31T13:23:12.367366
701,-6.2320,0,50,0.010000,0.218364,2026-05-31T13:23:12.904344
702,-6.2594,0,50,0.010000,0.207293,2026-05-31T13:23:13.400662
703,-6.2457,0,50,0.010000,0.266541,2026-05-31T13:23:13.902177
704,-7.6211,0,31,0.010000,0.216783,2026-05-31T13:23:14.217676
705,-6.1773,0,50,0.010000,0.179664,2026-05-31T13:23:14.746179
706,-6.2223,0,50,0.010000,0.192616,2026-05-31T13:23:15.252258
707,-6.2008,0,50,0.010000,0.247417,2026-05-31T13:23:15.765283
708,-6.1871,0,50,0.010000,0.195460,2026-05-31T13:23:16.525672
709,-6.1910,0,50,0.010000,0.248645,2026-05-31T13:23:17.168690
710,-6.1773,0,50,0.010000,0.210785,2026-05-31T13:23:17.813692
711,-6.2320,0,50,0.010000,0.197043,2026-05-31T13:23:18.466450
712,-6.1910,0,50,0.010000,0.208948,2026-05-31T13:23:18.969103
713,-6.2594,0,50,0.010000,0.211150,2026-05-31T13:23:19.496281
714,-6.2457,0,50,0.010000,0.208863,2026-05-31T13:23:20.250499
715,-6.2594,0,50,0.010000,0.198958,2026-05-31T13:23:20.730188
716,-6.2105,0,50,0.010000,0.232143,2026-05-31T13:23:21.250310
717,-6.1871,0,50,0.010000,0.216306,2026-05-31T13:23:21.775779
718,-6.2047,0,50,0.010000,0.183176,2026-05-31T13:23:22.276661
719,-6.1969,0,50,0.010000,0.205732,2026-05-31T13:23:22.792734
720,-6.2047,0,50,0.010000,0.245507,2026-05-31T13:23:23.296423
721,-6.1949,0,50,0.010000,0.207855,2026-05-31T13:23:23.790739
722,-6.2047,0,50,0.010000,0.228440,2026-05-31T13:23:24.304072
723,-6.1813,0,50,0.010000,0.228481,2026-05-31T13:23:24.819322
724,-6.2594,0,50,0.010000,0.209455,2026-05-31T13:23:25.321052
725,-5.8855,0,54,0.010000,0.196134,2026-05-31T13:23:25.872560
726,-6.2184,0,50,0.010000,0.181483,2026-05-31T13:23:26.526998
727,-6.2594,0,50,0.010000,0.227220,2026-05-31T13:23:27.024299
728,-6.2047,0,50,0.010000,0.211088,2026-05-31T13:23:27.554299
729,-6.2203,0,50,0.010000,0.222883,2026-05-31T13:23:28.086854
730,-7.6211,0,31,0.010000,0.147745,2026-05-31T13:23:28.405376
731,-6.1773,0,50,0.010000,0.233788,2026-05-31T13:23:28.904842
732,-6.2594,0,50,0.010000,0.232504,2026-05-31T13:23:29.494489
733,-6.2184,0,50,0.010000,0.238735,2026-05-31T13:23:30.051375
734,-6.1695,0,50,0.010000,0.210748,2026-05-31T13:23:30.577081
735,-6.2223,0,50,0.010000,0.254627,2026-05-31T13:23:31.092760
736,-6.2457,0,50,0.010000,0.219255,2026-05-31T13:23:31.633389
737,-6.1930,0,50,0.010000,0.195983,2026-05-31T13:23:32.161200
738,-6.2594,0,50,0.010000,0.223061,2026-05-31T13:23:32.665823
739,-6.2594,0,50,0.010000,0.251492,2026-05-31T13:23:33.173754
740,-6.2594,0,50,0.010000,0.194577,2026-05-31T13:23:33.671007
741,-6.1910,0,50,0.010000,0.202386,2026-05-31T13:23:34.177617
742,-6.2223,0,50,0.010000,0.209559,2026-05-31T13:23:34.669325
743,-6.2203,0,50,0.010000,0.223016,2026-05-31T13:23:35.183626
744,-6.2379,0,50,0.010000,0.180039,2026-05-31T13:23:35.821990
745,-6.2066,0,50,0.010000,0.221031,2026-05-31T13:23:36.397802
746,-6.2457,0,50,0.010000,0.199343,2026-05-31T13:23:36.892231
747,-6.2027,0,50,0.010000,0.220013,2026-05-31T13:23:37.395422
748,-6.2184,0,50,0.010000,0.247060,2026-05-31T13:23:37.893902
749,-5.9648,0,53,0.010000,0.233370,2026-05-31T13:23:38.440171
750,-6.1754,0,50,0.010000,0.182979,2026-05-31T13:23:38.933699
751,-6.2457,0,50,0.010000,0.193558,2026-05-31T13:23:39.441054
752,-6.2359,0,50,0.010000,0.201342,2026-05-31T13:23:39.953653
753,-6.1910,0,50,0.010000,0.221360,2026-05-31T13:23:40.496859
754,-6.2320,0,50,0.010000,0.221770,2026-05-31T13:23:41.015755
755,-6.2359,0,50,0.010000,0.192806,2026-05-31T13:23:41.580714
756,-6.2457,0,50,0.010000,0.194967,2026-05-31T13:23:42.134442
757,-6.1930,0,50,0.010000,0.206883,2026-05-31T13:23:42.633016
758,-6.2184,0,50,0.010000,0.180115,2026-05-31T13:23:43.144137
759,-6.2320,0,50,0.010000,0.218637,2026-05-31T13:23:43.644842
760,-6.1891,0,50,0.010000,0.228357,2026-05-31T13:23:44.165412
761,-7.6211,0,31,0.010000,0.217199,2026-05-31T13:23:44.491963
762,-6.2047,0,50,0.010000,0.224935,2026-05-31T13:23:44.986788
763,-6.1773,0,50,0.010000,0.205335,2026-05-31T13:23:45.486411
764,-5.7699,0,56,0.010000,0.219083,2026-05-31T13:23:46.179594
765,-6.1813,0,50,0.010000,0.235100,2026-05-31T13:23:46.851448
766,-6.1930,0,50,0.010000,0.208417,2026-05-31T13:23:47.487683
767,-6.2125,0,50,0.010000,0.208556,2026-05-31T13:23:48.188301
768,-5.5184,0,59,0.010000,0.196133,2026-05-31T13:23:48.927580
769,-6.1773,0,50,0.010000,0.241516,2026-05-31T13:23:49.499233
770,-6.2359,0,50,0.010000,0.185241,2026-05-31T13:23:50.187076
771,-6.2223,0,50,0.010000,0.210029,2026-05-31T13:23:50.670035
772,-6.1930,0,50,0.010000,0.209564,2026-05-31T13:23:51.225410
773,-6.2457,0,50,0.010000,0.203901,2026-05-31T13:23:52.290001
774,-6.2184,0,50,0.010000,0.257527,2026-05-31T13:23:53.204110
775,-6.2457,0,50,0.010000,0.214508,2026-05-31T13:23:54.172983
776,-6.2184,0,50,0.010000,0.237420,2026-05-31T13:23:54.945836
777,-6.2184,0,50,0.010000,0.230776,2026-05-31T13:23:55.436263
778,-7.4625,0,33,0.010000,0.260600,2026-05-31T13:23:55.778164
779,-6.2594,0,50,0.010000,0.209321,2026-05-31T13:23:56.347785
780,-6.1773,0,50,0.010000,0.231014,2026-05-31T13:23:56.912905
781,-6.2320,0,50,0.010000,0.198833,2026-05-31T13:23:57.421931
782,-6.2047,0,50,0.010000,0.194811,2026-05-31T13:23:57.937680
783,-6.2047,0,50,0.010000,0.202857,2026-05-31T13:23:58.448069
784,-6.2457,0,50,0.010000,0.218322,2026-05-31T13:23:58.946944
785,-6.2184,0,50,0.010000,0.194892,2026-05-31T13:23:59.468551
786,-6.2320,0,50,0.010000,0.236718,2026-05-31T13:23:59.986280
787,-6.2320,0,50,0.010000,0.219652,2026-05-31T13:24:00.553908
788,-6.2359,0,50,0.010000,0.257701,2026-05-31T13:24:01.055572
789,-6.2281,0,50,0.010000,0.201850,2026-05-31T13:24:01.596648
790,-6.2008,0,50,0.010000,0.252840,2026-05-31T13:24:02.088397
791,-6.2184,0,50,0.010000,0.217198,2026-05-31T13:24:02.758777
792,-6.2457,0,50,0.010000,0.275842,2026-05-31T13:24:03.265586
793,-6.1969,0,50,0.010000,0.237645,2026-05-31T13:24:03.776618
794,-6.2184,0,50,0.010000,0.197591,2026-05-31T13:24:04.396414
795,-6.1637,0,50,0.010000,0.259591,2026-05-31T13:24:04.902394
796,-6.2594,0,50,0.010000,0.215533,2026-05-31T13:24:05.399406
797,-6.1695,0,50,0.010000,0.182178,2026-05-31T13:24:06.040860
798,-6.2594,0,50,0.010000,0.222722,2026-05-31T13:24:06.615209
799,-6.1773,0,50,0.010000,0.226227,2026-05-31T13:24:07.161174
800,-6.2320,0,50,0.010000,0.209722,2026-05-31T13:24:07.664684
801,-6.1871,0,50,0.010000,0.246095,2026-05-31T13:24:08.178238
802,-6.2184,0,50,0.010000,0.287148,2026-05-31T13:24:08.709179
803,-6.2027,0,50,0.010000,0.176912,2026-05-31T13:24:09.212721
804,-6.1891,0,50,0.010000,0.235426,2026-05-31T13:24:09.720201
805,-6.2320,0,50,0.010000,0.203334,2026-05-31T13:24:10.234167
806,-6.2457,0,50,0.010000,0.231549,2026-05-31T13:24:10.733898
807,-5.8492,0,55,0.010000,0.220853,2026-05-31T13:24:11.303655
808,-6.2516,0,50,0.010000,0.214979,2026-05-31T13:24:11.829305
809,-6.1773,0,50,0.010000,0.208781,2026-05-31T13:24:12.351909
810,-6.2145,0,50,0.010000,0.211576,2026-05-31T13:24:12.866381
811,-6.2145,0,50,0.010000,0.232899,2026-05-31T13:24:13.400237
812,-6.7215,0,43,0.010000,0.207044,2026-05-31T13:24:13.831430
813,-6.2242,0,50,0.010000,0.191781,2026-05-31T13:24:14.343211
814,-6.1695,0,50,0.010000,0.177141,2026-05-31T13:24:14.842431
815,-6.2457,0,50,0.010000,0.188205,2026-05-31T13:24:15.345269
816,-6.2223,0,50,0.010000,0.238320,2026-05-31T13:24:15.857068
817,-5.7699,0,56,0.010000,0.241125,2026-05-31T13:24:16.744263
818,-5.6652,0,57,0.010000,0.210324,2026-05-31T13:24:17.510733
819,-6.1910,0,50,0.010000,0.226508,2026-05-31T13:24:18.166833
820,-6.1891,0,50,0.010000,0.210856,2026-05-31T13:24:18.738554
821,-6.2457,0,50,0.010000,0.197678,2026-05-31T13:24:19.229772
822,-6.2516,0,50,0.010000,0.186511,2026-05-31T13:24:19.989714
823,-6.2086,0,50,0.010000,0.213892,2026-05-31T13:24:20.590473
824,-6.1930,0,50,0.010000,0.217225,2026-05-31T13:24:21.106695
825,-6.2457,0,50,0.010000,0.261029,2026-05-31T13:24:21.657872
826,-6.2594,0,50,0.010000,0.215464,2026-05-31T13:24:22.278290
827,-6.2047,0,50,0.010000,0.216076,2026-05-31T13:24:22.768342
828,-6.1871,0,50,0.010000,0.209730,2026-05-31T13:24:23.279408
829,-6.2105,0,50,0.010000,0.253605,2026-05-31T13:24:23.782184
830,-6.2320,0,50,0.010000,0.200148,2026-05-31T13:24:24.322239
831,-6.1891,0,50,0.010000,0.174030,2026-05-31T13:24:24.840855
832,-6.2594,0,50,0.010000,0.222821,2026-05-31T13:24:25.353516
833,-6.2203,0,50,0.010000,0.267595,2026-05-31T13:24:25.839923
834,-6.2125,0,50,0.010000,0.233636,2026-05-31T13:24:26.355338
835,-6.2594,0,50,0.010000,0.214021,2026-05-31T13:24:26.869262
836,-6.2047,0,50,0.010000,0.254252,2026-05-31T13:24:27.378230
837,-6.2320,0,50,0.010000,0.289499,2026-05-31T13:24:27.887929
838,-6.1891,0,50,0.010000,0.212507,2026-05-31T13:24:28.403095
839,-6.2105,0,50,0.010000,0.201038,2026-05-31T13:24:28.911736
840,-6.1754,0,50,0.010000,0.244079,2026-05-31T13:24:29.500392
841,-6.2359,0,50,0.010000,0.286250,2026-05-31T13:24:29.993674
842,-6.2594,0,50,0.010000,0.186972,2026-05-31T13:24:30.511237
843,-6.2320,0,50,0.010000,0.213968,2026-05-31T13:24:31.019472
844,-6.2457,0,50,0.010000,0.249543,2026-05-31T13:24:31.557680
845,6.5676,1,86,0.010000,0.246724,2026-05-31T13:24:32.427846
846,-6.1871,0,50,0.010000,0.202165,2026-05-31T13:24:32.956855
847,-6.2164,0,50,0.010000,0.172257,2026-05-31T13:24:33.487966
848,-6.2125,0,50,0.010000,0.205839,2026-05-31T13:24:34.041391
849,-6.2242,0,50,0.010000,0.243960,2026-05-31T13:24:34.568479
850,-6.2047,0,50,0.010000,0.202756,2026-05-31T13:24:35.068530
851,-6.2457,0,50,0.010000,0.231259,2026-05-31T13:24:35.646545
852,-6.1910,0,50,0.010000,0.222744,2026-05-31T13:24:36.207333
853,-6.2008,0,50,0.010000,0.233070,2026-05-31T13:24:37.285727
854,-6.2359,0,50,0.010000,0.223422,2026-05-31T13:24:38.426117
855,-6.2594,0,50,0.010000,0.199654,2026-05-31T13:24:39.462256
856,-6.2320,0,50,0.010000,0.229993,2026-05-31T13:24:40.598046
857,-6.1754,0,50,0.010000,0.219242,2026-05-31T13:24:41.728044
858,-6.2320,0,50,0.010000,0.250252,2026-05-31T13:24:42.898426
859,-6.2594,0,50,0.010000,0.196157,2026-05-31T13:24:43.620345
860,-6.2301,0,50,0.010000,0.197520,2026-05-31T13:24:44.100636
861,-6.2184,0,50,0.010000,0.235766,2026-05-31T13:24:44.640911
862,-6.2594,0,50,0.010000,0.183829,2026-05-31T13:24:45.157786
863,-6.2320,0,50,0.010000,0.224353,2026-05-31T13:24:45.676217
864,-6.2184,0,50,0.010000,0.267357,2026-05-31T13:24:46.329523
865,-6.2184,0,50,0.010000,0.211532,2026-05-31T13:24:46.989706
866,-6.1930,0,50,0.010000,0.213268,2026-05-31T13:24:47.685369
867,-6.2184,0,50,0.010000,0.202222,2026-05-31T13:24:48.433474
868,-6.2594,0,50,0.010000,0.230833,2026-05-31T13:24:48.935547
869,-6.2359,0,50,0.010000,0.207601,2026-05-31T13:24:49.466385
870,-6.1773,0,50,0.010000,0.205819,2026-05-31T13:24:50.263016
871,-6.1695,0,50,0.010000,0.224607,2026-05-31T13:24:50.748377
872,-6.1910,0,50,0.010000,0.258644,2026-05-31T13:24:51.266230
873,-6.2594,0,50,0.010000,0.221853,2026-05-31T13:24:51.822499
874,-6.1773,0,50,0.010000,0.223571,2026-05-31T13:24:52.321683
875,-6.2047,0,50,0.010000,0.217592,2026-05-31T13:24:52.895298
876,-6.1930,0,50,0.010000,0.183621,2026-05-31T13:24:53.391889
877,-6.1832,0,50,0.010000,0.227556,2026-05-31T13:24:53.936279
878,-6.2047,0,50,0.010000,0.222544,2026-05-31T13:24:54.501548
879,-6.2184,0,50,0.010000,0.263439,2026-05-31T13:24:55.004311
880,-6.2164,0,50,0.010000,0.239485,2026-05-31T13:24:55.525178
881,-6.2047,0,50,0.010000,0.249853,2026-05-31T13:24:56.020081
882,-6.1910,0,50,0.010000,0.203289,2026-05-31T13:24:56.609571
883,-6.1871,0,50,0.010000,0.216906,2026-05-31T13:24:57.136500
884,-6.2457,0,50,0.010000,0.226419,2026-05-31T13:24:57.651996
885,-6.2281,0,50,0.010000,0.212688,2026-05-31T13:24:58.155700
886,-6.2242,0,50,0.010000,0.199032,2026-05-31T13:24:58.666116
887,-6.2594,0,50,0.010000,0.181549,2026-05-31T13:24:59.175035
888,-6.1754,0,50,0.010000,0.233971,2026-05-31T13:24:59.705159
889,-6.1754,0,50,0.010000,0.226757,2026-05-31T13:25:00.243074
890,-6.2438,0,50,0.010000,0.198854,2026-05-31T13:25:00.772699
891,-6.2105,0,50,0.010000,0.260297,2026-05-31T13:25:01.286264
892,-6.2457,0,50,0.010000,0.267722,2026-05-31T13:25:01.825461
893,-6.2066,0,50,0.010000,0.240320,2026-05-31T13:25:02.324328
894,-6.1930,0,50,0.010000,0.226604,2026-05-31T13:25:02.856653
895,-6.2223,0,50,0.010000,0.207575,2026-05-31T13:25:03.376722
896,-6.2047,0,50,0.010000,0.245709,2026-05-31T13:25:03.887130
897,-6.2184,0,50,0.010000,0.223022,2026-05-31T13:25:04.392634
898,-6.1871,0,50,0.010000,0.259207,2026-05-31T13:25:04.936099
899,-5.5586,0,58,0.010000,0.225199,2026-05-31T13:25:05.679101
900,-6.2594,0,50,0.010000,0.231282,2026-05-31T13:25:06.339079
901,-6.1391,0,51,0.010000,0.205262,2026-05-31T13:25:06.860159
902,-6.1930,0,50,0.010000,0.180632,2026-05-31T13:25:07.364553
903,-6.2145,0,50,0.010000,0.262764,2026-05-31T13:25:07.912444
904,-6.2066,0,50,0.010000,0.235784,2026-05-31T13:25:08.490411
905,-6.2379,0,50,0.010000,0.202185,2026-05-31T13:25:09.017155
906,-7.6211,0,31,0.010000,0.256626,2026-05-31T13:25:09.349872
907,-6.2027,0,50,0.010000,0.228353,2026-05-31T13:25:09.860266
908,-5.7426,0,56,0.010000,0.214017,2026-05-31T13:25:10.437233
909,-6.2184,0,50,0.010000,0.280116,2026-05-31T13:25:10.945387
910,-6.2359,0,50,0.010000,0.206181,2026-05-31T13:25:11.475934
911,-6.2320,0,50,0.010000,0.239558,2026-05-31T13:25:11.997892
912,-6.2594,0,50,0.010000,0.177811,2026-05-31T13:25:12.500053
913,-7.6211,0,31,0.010000,0.201598,2026-05-31T13:25:12.839311
914,-6.2184,0,50,0.010000,0.179011,2026-05-31T13:25:13.343066
915,-6.2594,0,50,0.010000,0.242893,2026-05-31T13:25:13.890118
916,-6.2594,0,50,0.010000,0.229379,2026-05-31T13:25:14.388417
917,-6.1891,0,50,0.010000,0.238283,2026-05-31T13:25:14.898923
918,-6.0930,0,52,0.010000,0.269470,2026-05-31T13:25:15.444310
919,-6.2027,0,50,0.010000,0.220287,2026-05-31T13:25:16.014245
920,-6.2223,0,50,0.010000,0.201694,2026-05-31T13:25:16.819103
921,-6.2359,0,50,0.010000,0.164574,2026-05-31T13:25:17.455315
922,-6.2320,0,50,0.010000,0.236271,2026-05-31T13:25:18.120403
923,-6.2047,0,50,0.010000,0.234361,2026-05-31T13:25:18.681003
924,-6.1930,0,50,0.010000,0.184856,2026-05-31T13:25:19.187649
925,-6.2066,0,50,0.010000,0.216535,2026-05-31T13:25:19.954011
926,-6.2438,0,50,0.010000,0.221776,2026-05-31T13:25:20.573567
927,-6.2242,0,50,0.010000,0.214583,2026-05-31T13:25:21.069546
928,-6.1871,0,50,0.010000,0.234525,2026-05-31T13:25:21.611017
929,-5.5184,0,59,0.010000,0.201382,2026-05-31T13:25:22.211772
930,-6.1695,0,50,0.010000,0.236182,2026-05-31T13:25:22.729675
931,-6.2320,0,50,0.010000,0.227502,2026-05-31T13:25:23.235474
932,-6.1695,0,50,0.010000,0.193077,2026-05-31T13:25:23.767913
933,-6.2066,0,50,0.010000,0.242695,2026-05-31T13:25:24.294317
934,-6.2594,0,50,0.010000,0.220847,2026-05-31T13:25:24.818651
935,-6.2594,0,50,0.010000,0.256393,2026-05-31T13:25:25.334060
936,-6.2320,0,50,0.010000,0.190890,2026-05-31T13:25:25.841555
937,-5.8414,0,55,0.010000,0.147269,2026-05-31T13:25:26.401314
938,-6.1930,0,50,0.010000,0.245606,2026-05-31T13:25:26.983274
939,-7.6211,0,31,0.010000,0.207703,2026-05-31T13:25:27.293856
940,-6.1949,0,50,0.010000,0.222313,2026-05-31T13:25:27.927434
941,-6.2047,0,50,0.010000,0.203111,2026-05-31T13:25:28.439364
942,-6.2359,0,50,0.010000,0.245601,2026-05-31T13:25:28.949304
943,-6.2184,0,50,0.010000,0.246020,2026-05-31T13:25:29.519065
944,-6.2320,0,50,0.010000,0.207016,2026-05-31T13:25:30.028234
945,-5.9922,0,53,0.010000,0.222108,2026-05-31T13:25:30.586754
946,-6.2301,0,50,0.010000,0.262241,2026-05-31T13:25:31.085593
947,-7.6211,0,31,0.010000,0.265231,2026-05-31T13:25:31.415940
948,-7.6211,0,31,0.010000,0.256587,2026-05-31T13:25:31.773212
949,4.7852,1,63,0.010000,0.248859,2026-05-31T13:25:32.404820
950,-6.2594,0,50,0.010000,0.178621,2026-05-31T13:25:32.925408
951,-6.2027,0,50,0.010000,0.234024,2026-05-31T13:25:33.435833
952,-6.2594,0,50,0.010000,0.203468,2026-05-31T13:25:33.958507
953,-6.2047,0,50,0.010000,0.212887,2026-05-31T13:25:34.455983
954,-6.1695,0,50,0.010000,0.222424,2026-05-31T13:25:35.001251
955,-6.2320,0,50,0.010000,0.209688,2026-05-31T13:25:35.512597
956,-6.2320,0,50,0.010000,0.245036,2026-05-31T13:25:36.150116
957,-6.2047,0,50,0.010000,0.220129,2026-05-31T13:25:36.679170
958,-6.2105,0,50,0.010000,0.210319,2026-05-31T13:25:37.171109
959,-6.2086,0,50,0.010000,0.208424,2026-05-31T13:25:37.674635
960,-6.2184,0,50,0.010000,0.215232,2026-05-31T13:25:38.186528
961,-6.1988,0,50,0.010000,0.219132,2026-05-31T13:25:38.705247
962,-6.2359,0,50,0.010000,0.224247,2026-05-31T13:25:39.203171
963,-6.1773,0,50,0.010000,0.247325,2026-05-31T13:25:39.720202
964,-6.2457,0,50,0.010000,0.250868,2026-05-31T13:25:40.247539
965,-6.2438,0,50,0.010000,0.248030,2026-05-31T13:25:40.763999
966,-6.2438,0,50,0.010000,0.203178,2026-05-31T13:25:41.278065
967,-6.2086,0,50,0.010000,0.209662,2026-05-31T13:25:41.832625
968,-6.5000,0,46,0.010000,0.189305,2026-05-31T13:25:42.360559
969,-6.1773,0,50,0.010000,0.251926,2026-05-31T13:25:42.855039
970,-6.2457,0,50,0.010000,0.214501,2026-05-31T13:25:43.362268
971,-6.2184,0,50,0.010000,0.264546,2026-05-31T13:25:43.895559
972,-6.1910,0,50,0.010000,0.225224,2026-05-31T13:25:44.394208
973,-7.3039,0,35,0.010000,0.203399,2026-05-31T13:25:44.762409
974,-6.1813,0,50,0.010000,0.241315,2026-05-31T13:25:45.260423
975,-6.1871,0,50,0.010000,0.207330,2026-05-31T13:25:45.781436
976,-6.1754,0,50,0.010000,0.190376,2026-05-31T13:25:46.438873
977,-6.1871,0,50,0.010000,0.186726,2026-05-31T13:25:47.101134
978,-6.2320,0,50,0.010000,0.207664,2026-05-31T13:25:47.731249
979,-6.2242,0,50,0.010000,0.237571,2026-05-31T13:25:48.452520
980,-6.2594,0,50,0.010000,0.192622,2026-05-31T13:25:48.964030
981,-6.2457,0,50,0.010000,0.201334,2026-05-31T13:25:49.550008
982,-6.2594,0,50,0.010000,0.239463,2026-05-31T13:25:50.251913
983,-6.2457,0,50,0.010000,0.219069,2026-05-31T13:25:50.753226
984,-6.1910,0,50,0.010000,0.234010,2026-05-31T13:25:51.259273
985,-6.2594,0,50,0.010000,0.227638,2026-05-31T13:25:51.803081
986,-6.1754,0,50,0.010000,0.268285,2026-05-31T13:25:52.309424
987,-6.2457,0,50,0.010000,0.250555,2026-05-31T13:25:52.822812
988,-6.2320,0,50,0.010000,0.240793,2026-05-31T13:25:53.329203
989,-6.2594,0,50,0.010000,0.246869,2026-05-31T13:25:53.845449
990,-6.1695,0,50,0.010000,0.243573,2026-05-31T13:25:54.356944
991,-6.1949,0,50,0.010000,0.214896,2026-05-31T13:25:54.967636
992,-6.2184,0,50,0.010000,0.156947,2026-05-31T13:25:55.471268
993,-6.1871,0,50,0.010000,0.200107,2026-05-31T13:25:55.995680
994,-6.2086,0,50,0.010000,0.220174,2026-05-31T13:25:56.526289
995,-6.1910,0,50,0.010000,0.201222,2026-05-31T13:25:57.044447
996,-6.2359,0,50,0.010000,0.209938,2026-05-31T13:25:57.546820
997,-6.2320,0,50,0.010000,0.259999,2026-05-31T13:25:58.048051
998,-6.1871,0,50,0.010000,0.278534,2026-05-31T13:25:58.563688
999,-6.2164,0,50,0.010000,0.265306,2026-05-31T13:25:59.085459
1000,-6.2594,0,50,0.010000,0.219226,2026-05-31T13:25:59.598226
1001,-7.6211,0,31,0.010000,0.167235,2026-05-31T13:25:59.946636
1002,-6.1754,0,50,0.010000,0.252288,2026-05-31T13:26:00.483374
1003,-6.2457,0,50,0.010000,0.160094,2026-05-31T13:26:00.992529
1004,-6.2594,0,50,0.010000,0.190580,2026-05-31T13:26:01.525437
1005,-6.2242,0,50,0.010000,0.244626,2026-05-31T13:26:02.096061
1006,-6.2320,0,50,0.010000,0.240588,2026-05-31T13:26:02.590436
1007,-6.1930,0,50,0.010000,0.214465,2026-05-31T13:26:03.102233
1008,-6.1773,0,50,0.010000,0.241778,2026-05-31T13:26:03.603854
1009,-6.2320,0,50,0.010000,0.260582,2026-05-31T13:26:04.148398
1010,-6.2457,0,50,0.010000,0.225786,2026-05-31T13:26:04.677162
1011,-6.2047,0,50,0.010000,0.246318,2026-05-31T13:26:05.204937
1012,-6.2457,0,50,0.010000,0.219391,2026-05-31T13:26:05.789893
1013,-6.2125,0,50,0.010000,0.288714,2026-05-31T13:26:06.337425
1014,-6.2516,0,50,0.010000,0.229993,2026-05-31T13:26:06.873412
1015,-6.2594,0,50,0.010000,0.220317,2026-05-31T13:26:07.368621
1016,-6.1930,0,50,0.010000,0.189626,2026-05-31T13:26:07.877409
1017,-6.2594,0,50,0.010000,0.235445,2026-05-31T13:26:08.395333
1018,-6.1910,0,50,0.010000,0.202247,2026-05-31T13:26:08.903693
1019,-6.2301,0,50,0.010000,0.211567,2026-05-31T13:26:09.429781
1020,-6.2594,0,50,0.010000,0.222320,2026-05-31T13:26:09.936048
1021,-6.2047,0,50,0.010000,0.232496,2026-05-31T13:26:10.443948
1022,-6.1813,0,50,0.010000,0.242165,2026-05-31T13:26:11.030755
1023,-6.1969,0,50,0.010000,0.229165,2026-05-31T13:26:11.563891
1024,-6.2105,0,50,0.010000,0.255677,2026-05-31T13:26:12.142759
1025,-6.1969,0,50,0.010000,0.180736,2026-05-31T13:26:12.665191
1026,-6.1754,0,50,0.010000,0.249282,2026-05-31T13:26:13.188505
1027,-6.2105,0,50,0.010000,0.234826,2026-05-31T13:26:13.701704
1028,-6.2320,0,50,0.010000,0.228293,2026-05-31T13:26:14.218038
1029,-6.2457,0,50,0.010000,0.272685,2026-05-31T13:26:14.728070
1030,-6.2457,0,50,0.010000,0.259483,2026-05-31T13:26:15.231488
1031,-6.2594,0,50,0.010000,0.198300,2026-05-31T13:26:15.732888
1032,-6.2066,0,50,0.010000,0.263900,2026-05-31T13:26:16.452681
1033,-6.1449,0,51,0.010000,0.226865,2026-05-31T13:26:17.141670
1034,-6.2047,0,50,0.010000,0.214084,2026-05-31T13:26:17.787553
1035,-6.2594,0,50,0.010000,0.170729,2026-05-31T13:26:18.430245
1036,-6.2457,0,50,0.010000,0.203257,2026-05-31T13:26:18.933159
1037,-6.2594,0,50,0.010000,0.264028,2026-05-31T13:26:19.475410
1038,-6.2457,0,50,0.010000,0.243594,2026-05-31T13:26:20.294259
1039,-6.2594,0,50,0.010000,0.269060,2026-05-31T13:26:20.821368
1040,-6.2047,0,50,0.010000,0.247594,2026-05-31T13:26:21.349268
1041,-6.2125,0,50,0.010000,0.203271,2026-05-31T13:26:21.887119
1042,-6.2516,0,50,0.010000,0.216486,2026-05-31T13:26:22.390694
1043,-6.2359,0,50,0.010000,0.225019,2026-05-31T13:26:22.896828
1044,-6.1773,0,50,0.010000,0.237084,2026-05-31T13:26:23.402030
1045,-6.2516,0,50,0.010000,0.232233,2026-05-31T13:26:23.911056
1046,-6.1969,0,50,0.010000,0.250957,2026-05-31T13:26:24.456143
1047,-6.2125,0,50,0.010000,0.208900,2026-05-31T13:26:24.962104
1048,-6.2320,0,50,0.010000,0.247438,2026-05-31T13:26:25.468211
1049,-6.1910,0,50,0.010000,0.218903,2026-05-31T13:26:25.982485
1050,-6.2438,0,50,0.010000,0.219794,2026-05-31T13:26:26.491706
1051,-5.9746,0,53,0.010000,0.230119,2026-05-31T13:26:27.055891
1052,-6.1969,0,50,0.010000,0.207145,2026-05-31T13:26:27.555385
1053,-6.1773,0,50,0.010000,0.214964,2026-05-31T13:26:28.070831
1054,-6.2594,0,50,0.010000,0.237432,2026-05-31T13:26:28.574112
1055,-6.1773,0,50,0.010000,0.213438,2026-05-31T13:26:29.343199
1056,-6.1891,0,50,0.010000,0.230356,2026-05-31T13:26:29.948717
1057,-6.1773,0,50,0.010000,0.230507,2026-05-31T13:26:30.462192
1058,-6.1813,0,50,0.010000,0.250390,2026-05-31T13:26:30.974520
1059,-6.1949,0,50,0.010000,0.247324,2026-05-31T13:26:31.506794
1060,-6.2457,0,50,0.010000,0.243574,2026-05-31T13:26:32.022504
1061,-6.2359,0,50,0.010000,0.218483,2026-05-31T13:26:32.723987
1062,-6.2008,0,50,0.010000,0.213955,2026-05-31T13:26:33.231620
1063,-6.2184,0,50,0.010000,0.216903,2026-05-31T13:26:33.805000
1064,-6.2320,0,50,0.010000,0.237475,2026-05-31T13:26:34.315097
1065,-6.2203,0,50,0.010000,0.242190,2026-05-31T13:26:34.817696
1066,-7.6211,0,31,0.010000,0.238871,2026-05-31T13:26:35.142383
1067,-6.2594,0,50,0.010000,0.221173,2026-05-31T13:26:35.707196
1068,-6.2164,0,50,0.010000,0.244511,2026-05-31T13:26:36.312016
1069,-6.1813,0,50,0.010000,0.225577,2026-05-31T13:26:36.830400
1070,-6.2594,0,50,0.010000,0.249347,2026-05-31T13:26:37.350377
1071,-6.1773,0,50,0.010000,0.205045,2026-05-31T13:26:37.867746
1072,-6.2594,0,50,0.010000,0.188144,2026-05-31T13:26:38.396085
1073,-6.2125,0,50,0.010000,0.262732,2026-05-31T13:26:38.883223
1074,-6.2047,0,50,0.010000,0.268957,2026-05-31T13:26:39.383533
1075,-6.2516,0,50,0.010000,0.241243,2026-05-31T13:26:39.894382
1076,-7.6211,0,31,0.010000,0.195997,2026-05-31T13:26:40.228043
1077,-6.2281,0,50,0.010000,0.259626,2026-05-31T13:26:40.739626
1078,-6.2457,0,50,0.010000,0.179426,2026-05-31T13:26:41.289242
1079,-6.2066,0,50,0.010000,0.224781,2026-05-31T13:26:41.830151
1080,-6.2047,0,50,0.010000,0.233861,2026-05-31T13:26:42.394960
1081,-6.2086,0,50,0.010000,0.221078,2026-05-31T13:26:42.895802
1082,-6.2184,0,50,0.010000,0.227850,2026-05-31T13:26:43.405092
1083,-6.2242,0,50,0.010000,0.253193,2026-05-31T13:26:43.913062
1084,-6.1773,0,50,0.010000,0.216093,2026-05-31T13:26:44.446844
1085,-5.7563,0,56,0.010000,0.188854,2026-05-31T13:26:45.011146
1086,-6.1871,0,50,0.010000,0.207417,2026-05-31T13:26:45.524677
1087,-6.1832,0,50,0.010000,0.252349,2026-05-31T13:26:46.121939
1088,-6.2359,0,50,0.010000,0.268113,2026-05-31T13:26:46.814149
1089,-6.2281,0,50,0.010000,0.231538,2026-05-31T13:26:47.460511
1090,-6.2379,0,50,0.010000,0.248423,2026-05-31T13:26:48.135354
1091,-6.1949,0,50,0.010000,0.194674,2026-05-31T13:26:48.691572
1092,-6.2047,0,50,0.010000,0.220724,2026-05-31T13:26:49.178387
1093,-6.2457,0,50,0.010000,0.212993,2026-05-31T13:26:49.878931
1094,-6.2242,0,50,0.010000,0.271096,2026-05-31T13:26:50.389438
1095,-6.1891,0,50,0.010000,0.205823,2026-05-31T13:26:50.935420
1096,-6.1773,0,50,0.010000,0.244428,2026-05-31T13:26:51.437046
1097,-6.1969,0,50,0.010000,0.220416,2026-05-31T13:26:51.977549
1098,-6.1813,0,50,0.010000,0.231669,2026-05-31T13:26:52.519214
1099,-5.3480,1,61,0.010000,0.191292,2026-05-31T13:26:53.141829
1100,-6.2594,0,50,0.010000,0.188409,2026-05-31T13:26:53.631896
1101,-6.1949,0,50,0.010000,0.238429,2026-05-31T13:26:54.148787
1102,-6.1801,0,51,0.010000,0.205423,2026-05-31T13:26:54.656596
1103,-6.1723,0,51,0.010000,0.220481,2026-05-31T13:26:55.182922
1104,-6.1695,0,50,0.010000,0.171776,2026-05-31T13:26:55.695016
1105,-6.2047,0,50,0.010000,0.248168,2026-05-31T13:26:56.216202
1106,-6.2105,0,50,0.010000,0.238939,2026-05-31T13:26:56.767312
1107,-6.2457,0,50,0.010000,0.259785,2026-05-31T13:26:57.272728
1108,-6.0715,0,52,0.010000,0.238703,2026-05-31T13:26:57.787750
1109,-6.2438,0,50,0.010000,0.221785,2026-05-31T13:26:58.299454
1110,-6.2301,0,50,0.010000,0.201917,2026-05-31T13:26:58.802106
1111,-6.1832,0,50,0.010000,0.255888,2026-05-31T13:26:59.301523
1112,-6.2184,0,50,0.010000,0.201031,2026-05-31T13:26:59.819310
1113,-6.2242,0,50,0.010000,0.241476,2026-05-31T13:27:00.567548
1114,-6.2320,0,50,0.010000,0.210692,2026-05-31T13:27:01.093982
1115,-6.2320,0,50,0.010000,0.266015,2026-05-31T13:27:01.613434
1116,-6.2594,0,50,0.010000,0.207402,2026-05-31T13:27:02.130837
1117,-6.1871,0,50,0.010000,0.273004,2026-05-31T13:27:02.637552
1118,-6.2594,0,50,0.010000,0.195912,2026-05-31T13:27:03.135560
1119,-6.2594,0,50,0.010000,0.285153,2026-05-31T13:27:03.632004
1120,-6.2594,0,50,0.010000,0.202121,2026-05-31T13:27:04.135915
1121,-6.2105,0,50,0.010000,0.282299,2026-05-31T13:27:04.683549
1122,-5.8219,0,55,0.010000,0.234535,2026-05-31T13:27:05.257480
1123,-6.1910,0,50,0.010000,0.202334,2026-05-31T13:27:05.884703
1124,-6.2047,0,50,0.010000,0.214750,2026-05-31T13:27:06.383672
1125,-5.6770,0,57,0.010000,0.244965,2026-05-31T13:27:06.979849
1126,-6.2184,0,50,0.010000,0.248604,2026-05-31T13:27:07.479992
1127,-6.1910,0,50,0.010000,0.284138,2026-05-31T13:27:07.971735
1128,-6.1832,0,50,0.010000,0.223666,2026-05-31T13:27:08.503705
1129,-6.2594,0,50,0.010000,0.257322,2026-05-31T13:27:09.116940
1130,-6.2047,0,50,0.010000,0.254569,2026-05-31T13:27:09.627649
1131,-6.2594,0,50,0.010000,0.209865,2026-05-31T13:27:10.141160
1132,-6.2320,0,50,0.010000,0.254681,2026-05-31T13:27:10.655700
1133,-6.2047,0,50,0.010000,0.275743,2026-05-31T13:27:11.174281
1134,-6.2047,0,50,0.010000,0.205390,2026-05-31T13:27:11.713759
1135,-6.1910,0,50,0.010000,0.275800,2026-05-31T13:27:12.222100
1136,-6.2184,0,50,0.010000,0.222492,2026-05-31T13:27:12.748350
1137,-7.3039,0,35,0.010000,0.207659,2026-05-31T13:27:13.112958
1138,-6.2281,0,50,0.010000,0.227948,2026-05-31T13:27:13.626560
1139,-6.2594,0,50,0.010000,0.259019,2026-05-31T13:27:14.128231
1140,-6.2242,0,50,0.010000,0.229645,2026-05-31T13:27:14.635977
1141,-6.2301,0,50,0.010000,0.257094,2026-05-31T13:27:15.145170
1142,-6.2027,0,50,0.010000,0.174934,2026-05-31T13:27:15.652811
1143,-6.1871,0,50,0.010000,0.236572,2026-05-31T13:27:16.550665
1144,-6.2320,0,50,0.010000,0.259397,2026-05-31T13:27:17.209677
1145,-5.6906,0,57,0.010000,0.183581,2026-05-31T13:27:17.945641
1146,-6.2047,0,50,0.010000,0.206348,2026-05-31T13:27:18.599607
1147,-6.2047,0,50,0.010000,0.251993,2026-05-31T13:27:19.080711
1148,-6.1773,0,50,0.010000,0.220416,2026-05-31T13:27:19.677124
1149,-6.2320,0,50,0.010000,0.239042,2026-05-31T13:27:20.367582
1150,-6.0246,0,52,0.010000,0.223233,2026-05-31T13:27:20.889418
1151,-6.1832,0,50,0.010000,0.268908,2026-05-31T13:27:21.416849
1152,-6.1637,0,50,0.010000,0.249588,2026-05-31T13:27:21.952737
1153,-6.2594,0,50,0.010000,0.241753,2026-05-31T13:27:22.462894
1154,-7.6211,0,31,0.010000,0.277839,2026-05-31T13:27:22.778754
1155,-6.1910,0,50,0.010000,0.204389,2026-05-31T13:27:23.287341
1156,-6.2184,0,50,0.010000,0.202611,2026-05-31T13:27:23.787125
1157,-6.2457,0,50,0.010000,0.211374,2026-05-31T13:27:24.318467
1158,-6.2184,0,50,0.010000,0.222595,2026-05-31T13:27:24.841625
1159,-6.2281,0,50,0.010000,0.207118,2026-05-31T13:27:25.355338
1160,-6.1988,0,50,0.010000,0.209828,2026-05-31T13:27:25.876785
1161,-6.2242,0,50,0.010000,0.224120,2026-05-31T13:27:26.395518
1162,-6.2457,0,50,0.010000,0.262310,2026-05-31T13:27:26.922138
1163,-6.2242,0,50,0.010000,0.194469,2026-05-31T13:27:27.429425
1164,-6.2457,0,50,0.010000,0.189040,2026-05-31T13:27:27.955159
1165,-6.2594,0,50,0.010000,0.169928,2026-05-31T13:27:28.469018
1166,-6.2320,0,50,0.010000,0.268831,2026-05-31T13:27:28.973838
1167,-5.9012,0,54,0.010000,0.252604,2026-05-31T13:27:29.627742
1168,-6.1910,0,50,0.010000,0.217343,2026-05-31T13:27:30.113777
1169,-7.6211,0,31,0.010000,0.271759,2026-05-31T13:27:30.439012
1170,-6.2047,0,50,0.010000,0.273356,2026-05-31T13:27:30.964368
1171,-6.2594,0,50,0.010000,0.224680,2026-05-31T13:27:31.473952
1172,-5.4773,0,59,0.010000,0.208701,2026-05-31T13:27:32.090417
1173,-6.2594,0,50,0.010000,0.206718,2026-05-31T13:27:32.646896
1174,-6.2594,0,50,0.010000,0.245910,2026-05-31T13:27:33.139728
1175,-6.2164,0,50,0.010000,0.211754,2026-05-31T13:27:33.647034
1176,-6.2184,0,50,0.010000,0.284751,2026-05-31T13:27:34.166628
1177,-6.2242,0,50,0.010000,0.242215,2026-05-31T13:27:34.699319
1178,-6.2594,0,50,0.010000,0.223315,2026-05-31T13:27:35.205975
1179,-6.2320,0,50,0.010000,0.250607,2026-05-31T13:27:35.801777
1180,-6.1813,0,50,0.010000,0.225850,2026-05-31T13:27:36.329177
1181,-6.2125,0,50,0.010000,0.225766,2026-05-31T13:27:36.991516
1182,-6.2184,0,50,0.010000,0.247705,2026-05-31T13:27:37.567424
1183,-6.1813,0,50,0.010000,0.288322,2026-05-31T13:27:38.079086
1184,-6.1637,0,50,0.010000,0.231676,2026-05-31T13:27:38.585563
1185,-6.2145,0,50,0.010000,0.162708,2026-05-31T13:27:39.087488
1186,-6.2184,0,50,0.010000,0.264467,2026-05-31T13:27:39.629833
1187,-7.6211,0,31,0.010000,0.232762,2026-05-31T13:27:39.937698
1188,-6.2516,0,50,0.010000,0.201122,2026-05-31T13:27:40.478625
1189,-6.2047,0,50,0.010000,0.222021,2026-05-31T13:27:40.999623
1190,-6.1813,0,50,0.010000,0.217131,2026-05-31T13:27:41.516787
1191,-6.2223,0,50,0.010000,0.239176,2026-05-31T13:27:42.038472
1192,-6.2457,0,50,0.010000,0.225701,2026-05-31T13:27:42.651609
1193,-7.0090,0,39,0.010000,0.201769,2026-05-31T13:27:43.032296
1194,-6.1930,0,50,0.010000,0.255166,2026-05-31T13:27:43.555946
1195,-6.2008,0,50,0.010000,0.270010,2026-05-31T13:27:44.053715
1196,-6.0871,0,52,0.010000,0.233058,2026-05-31T13:27:44.598628
1197,-6.2594,0,50,0.010000,0.239872,2026-05-31T13:27:45.145655
1198,-6.2359,0,50,0.010000,0.210446,2026-05-31T13:27:45.797402
1199,-6.1969,0,50,0.010000,0.229801,2026-05-31T13:27:46.464495
1200,-5.8238,0,55,0.010000,0.252708,2026-05-31T13:27:47.189259
1201,-6.2223,0,50,0.010000,0.211026,2026-05-31T13:27:47.869514
1202,-6.2105,0,50,0.010000,0.195898,2026-05-31T13:27:48.512563
1203,-6.2301,0,50,0.010000,0.280362,2026-05-31T13:27:49.046821
1204,-5.5047,0,59,0.010000,0.218241,2026-05-31T13:27:49.886446
1205,-6.1832,0,50,0.010000,0.243229,2026-05-31T13:27:50.412762
1206,-6.1910,0,50,0.010000,0.256506,2026-05-31T13:27:51.006388
1207,-6.0215,0,53,0.010000,0.264900,2026-05-31T13:27:51.548407
1208,-6.2359,0,50,0.010000,0.191199,2026-05-31T13:27:52.075036
1209,-6.2594,0,50,0.010000,0.219953,2026-05-31T13:27:52.603521
1210,-6.2203,0,50,0.010000,0.259219,2026-05-31T13:27:53.114919
1211,-5.6965,0,57,0.010000,0.232256,2026-05-31T13:27:53.695040
1212,-6.2320,0,50,0.010000,0.222209,2026-05-31T13:27:54.184462
1213,-6.1754,0,50,0.010000,0.211952,2026-05-31T13:27:54.690604
1214,-6.2184,0,50,0.010000,0.283180,2026-05-31T13:27:55.225808
1215,-6.2594,0,50,0.010000,0.270742,2026-05-31T13:27:55.745135
1216,-5.7848,0,55,0.010000,0.224045,2026-05-31T13:27:56.311263
1217,-6.2457,0,50,0.010000,0.220109,2026-05-31T13:27:56.915983
1218,-6.2164,0,50,0.010000,0.231190,2026-05-31T13:27:57.405837
1219,-6.2457,0,50,0.010000,0.243979,2026-05-31T13:27:57.924739
1220,-6.1910,0,50,0.010000,0.241882,2026-05-31T13:27:58.430466
1221,-6.2457,0,50,0.010000,0.187743,2026-05-31T13:27:58.945747
1222,5.3266,1,70,0.010000,0.246451,2026-05-31T13:27:59.666973
1223,-6.2320,0,50,0.010000,0.239949,2026-05-31T13:28:00.224053
1224,-6.1969,0,50,0.010000,0.182232,2026-05-31T13:28:00.745604
1225,-6.2184,0,50,0.010000,0.235549,2026-05-31T13:28:01.256415
1226,-6.2184,0,50,0.010000,0.235044,2026-05-31T13:28:01.793025
1227,-6.2027,0,50,0.010000,0.151409,2026-05-31T13:28:02.295400
1228,-6.2164,0,50,0.010000,0.251714,2026-05-31T13:28:02.805028
1229,-6.2125,0,50,0.010000,0.200463,2026-05-31T13:28:03.307874
1230,-6.2223,0,50,0.010000,0.230890,2026-05-31T13:28:03.847577
1231,-6.2457,0,50,0.010000,0.230384,2026-05-31T13:28:04.338298
1232,-6.2047,0,50,0.010000,0.291825,2026-05-31T13:28:04.873744
1233,-6.2320,0,50,0.010000,0.258503,2026-05-31T13:28:05.432977
1234,-6.2457,0,50,0.010000,0.267519,2026-05-31T13:28:06.192475
1235,-6.2125,0,50,0.010000,0.210909,2026-05-31T13:28:06.705094
1236,-6.1910,0,50,0.010000,0.255664,2026-05-31T13:28:07.216082
1237,-6.1910,0,50,0.010000,0.246376,2026-05-31T13:28:07.753135
1238,-6.2145,0,50,0.010000,0.200441,2026-05-31T13:28:08.314214
1239,-6.2320,0,50,0.010000,0.206331,2026-05-31T13:28:08.844067
1240,4.7469,1,62,0.010000,0.272215,2026-05-31T13:28:09.473754
1241,-7.6211,0,31,0.010000,0.228786,2026-05-31T13:28:09.813182
1242,-6.2027,0,50,0.010000,0.213231,2026-05-31T13:28:10.315847
1243,-6.2320,0,50,0.010000,0.270007,2026-05-31T13:28:10.840160
1244,-6.1871,0,50,0.010000,0.214121,2026-05-31T13:28:11.329770
1245,-6.1930,0,50,0.010000,0.250015,2026-05-31T13:28:11.888210
1246,-6.2457,0,50,0.010000,0.221564,2026-05-31T13:28:12.390581
1247,-6.2457,0,50,0.010000,0.256896,2026-05-31T13:28:12.942550
1248,-6.2438,0,50,0.010000,0.234536,2026-05-31T13:28:13.454251
1249,-6.2184,0,50,0.010000,0.299120,2026-05-31T13:28:13.978852
1250,-6.1949,0,50,0.010000,0.247664,2026-05-31T13:28:14.478674
1251,-6.2281,0,50,0.010000,0.203818,2026-05-31T13:28:14.998105
1252,-6.2457,0,50,0.010000,0.239240,2026-05-31T13:28:15.493930
1253,-5.4910,0,59,0.010000,0.282409,2026-05-31T13:28:16.269231
1254,-6.2320,0,50,0.010000,0.211347,2026-05-31T13:28:16.971654
1255,-6.2301,0,50,0.010000,0.207302,2026-05-31T13:28:17.648612
1256,-6.2457,0,50,0.010000,0.219123,2026-05-31T13:28:18.293891
1257,-6.2086,0,50,0.010000,0.216770,2026-05-31T13:28:18.798790
1258,-6.2184,0,50,0.010000,0.196076,2026-05-31T13:28:19.303663
1259,-6.2066,0,50,0.010000,0.251071,2026-05-31T13:28:20.135313
1260,-6.2281,0,50,0.010000,0.242236,2026-05-31T13:28:20.683770
1261,-6.2125,0,50,0.010000,0.215050,2026-05-31T13:28:21.225110
1262,-6.2379,0,50,0.010000,0.270115,2026-05-31T13:28:21.860155
1263,-6.2320,0,50,0.010000,0.242405,2026-05-31T13:28:22.344727
1264,-6.2320,0,50,0.010000,0.247687,2026-05-31T13:28:22.857179
1265,-6.2047,0,50,0.010000,0.228228,2026-05-31T13:28:23.356991
1266,-6.1773,0,50,0.010000,0.295940,2026-05-31T13:28:23.859123
1267,-6.1871,0,50,0.010000,0.265747,2026-05-31T13:28:24.359745
1268,-6.2066,0,50,0.010000,0.200858,2026-05-31T13:28:24.890590
1269,-6.1801,0,51,0.010000,0.251816,2026-05-31T13:28:25.408284
1270,-6.2047,0,50,0.010000,0.197191,2026-05-31T13:28:25.924089
1271,-6.2223,0,50,0.010000,0.252480,2026-05-31T13:28:26.422299
1272,-6.1773,0,50,0.010000,0.284009,2026-05-31T13:28:26.997780
1273,-6.0871,0,52,0.010000,0.210958,2026-05-31T13:28:27.535531
1274,-6.2320,0,50,0.010000,0.218212,2026-05-31T13:28:28.058905
1275,-6.2594,0,50,0.010000,0.220945,2026-05-31T13:28:28.553928
1276,-6.1871,0,50,0.010000,0.244425,2026-05-31T13:28:29.101185
1277,-6.2457,0,50,0.010000,0.288114,2026-05-31T13:28:29.613546
1278,-6.1891,0,50,0.010000,0.240768,2026-05-31T13:28:30.130645
1279,-6.1813,0,50,0.010000,0.196016,2026-05-31T13:28:30.636125
1280,-6.2594,0,50,0.010000,0.214056,2026-05-31T13:28:31.157026
1281,-6.2105,0,50,0.010000,0.215039,2026-05-31T13:28:31.663771
1282,-6.1695,0,50,0.010000,0.211100,2026-05-31T13:28:32.180378
1283,-6.2203,0,50,0.010000,0.219675,2026-05-31T13:28:32.682944
1284,-6.2184,0,50,0.010000,0.257370,2026-05-31T13:28:33.224328
1285,-5.5301,0,59,0.010000,0.213674,2026-05-31T13:28:33.895645
1286,-6.1871,0,50,0.010000,0.215130,2026-05-31T13:28:34.393412
1287,-6.1910,0,50,0.010000,0.233259,2026-05-31T13:28:34.911723
1288,-6.2320,0,50,0.010000,0.268638,2026-05-31T13:28:35.429884
1289,-6.1773,0,50,0.010000,0.226603,2026-05-31T13:28:36.046214
1290,-6.2320,0,50,0.010000,0.228093,2026-05-31T13:28:36.587183
1291,-6.2379,0,50,0.010000,0.284157,2026-05-31T13:28:37.140275
1292,-6.2457,0,50,0.010000,0.232434,2026-05-31T13:28:37.636727
1293,-6.2047,0,50,0.010000,0.219939,2026-05-31T13:28:38.284994
1294,-6.2164,0,50,0.010000,0.216599,2026-05-31T13:28:38.774640
1295,-6.2203,0,50,0.010000,0.231700,2026-05-31T13:28:39.289736
1296,-6.2320,0,50,0.010000,0.246136,2026-05-31T13:28:39.785794
1297,-6.1969,0,50,0.010000,0.227385,2026-05-31T13:28:40.303525
1298,-6.2457,0,50,0.010000,0.259275,2026-05-31T13:28:40.806982
1299,-6.1773,0,50,0.010000,0.218758,2026-05-31T13:28:41.345023
1300,-6.2594,0,50,0.010000,0.263450,2026-05-31T13:28:41.903386
1301,-6.0871,0,52,0.010000,0.276313,2026-05-31T13:28:42.449686
1302,-6.2281,0,50,0.010000,0.240228,2026-05-31T13:28:43.032293
1303,-6.2594,0,50,0.010000,0.239687,2026-05-31T13:28:43.604673
1304,-6.1988,0,50,0.010000,0.210826,2026-05-31T13:28:44.108421
1305,-6.2320,0,50,0.010000,0.240911,2026-05-31T13:28:44.612031
1306,-6.2047,0,50,0.010000,0.185701,2026-05-31T13:28:45.149862
1307,-6.2281,0,50,0.010000,0.225502,2026-05-31T13:28:45.679804
1308,-6.2184,0,50,0.010000,0.259385,2026-05-31T13:28:46.343007
1309,-6.2223,0,50,0.010000,0.238208,2026-05-31T13:28:47.033399
1310,-6.1813,0,50,0.010000,0.235205,2026-05-31T13:28:47.691685
1311,-5.8082,0,55,0.010000,0.304872,2026-05-31T13:28:48.541949
1312,-6.2164,0,50,0.010000,0.258754,2026-05-31T13:28:49.150821
1313,-5.7250,0,56,0.010000,0.217574,2026-05-31T13:28:50.006066
1314,-6.2047,0,50,0.010000,0.243965,2026-05-31T13:28:50.556425
1315,-6.2594,0,50,0.010000,0.229382,2026-05-31T13:28:51.090070
1316,-6.2457,0,50,0.010000,0.238632,2026-05-31T13:28:51.585823
1317,-7.6211,0,31,0.010000,0.214115,2026-05-31T13:28:51.928339
1318,-6.2457,0,50,0.010000,0.231839,2026-05-31T13:28:52.427455
1319,-6.2594,0,50,0.010000,0.266374,2026-05-31T13:28:52.942657
1320,-6.1754,0,50,0.010000,0.272728,2026-05-31T13:28:53.468070
1321,-6.2457,0,50,0.010000,0.277254,2026-05-31T13:28:53.983819
1322,-6.2457,0,50,0.010000,0.169894,2026-05-31T13:28:54.500629
1323,-6.2184,0,50,0.010000,0.249078,2026-05-31T13:28:55.015550
1324,-5.7367,0,56,0.010000,0.257460,2026-05-31T13:28:55.568973
1325,-6.2516,0,50,0.010000,0.306765,2026-05-31T13:28:56.093676
1326,-6.2438,0,50,0.010000,0.237706,2026-05-31T13:28:56.596184
1327,-6.2086,0,50,0.010000,0.246350,2026-05-31T13:28:57.165604
1328,-6.2457,0,50,0.010000,0.219822,2026-05-31T13:28:57.773933
1329,-6.2320,0,50,0.010000,0.251372,2026-05-31T13:28:58.277508
1330,-6.2359,0,50,0.010000,0.237447,2026-05-31T13:28:58.782916
1331,-6.1949,0,50,0.010000,0.238585,2026-05-31T13:28:59.318336
1332,-6.1773,0,50,0.010000,0.262610,2026-05-31T13:28:59.823295
1333,-6.2301,0,50,0.010000,0.260643,2026-05-31T13:29:00.336536
1334,-6.2320,0,50,0.010000,0.248840,2026-05-31T13:29:00.840942
1335,-6.2184,0,50,0.010000,0.250283,2026-05-31T13:29:01.380337
1336,-6.2594,0,50,0.010000,0.240374,2026-05-31T13:29:01.905286
1337,-6.1910,0,50,0.010000,0.278164,2026-05-31T13:29:02.402196
1338,-6.2594,0,50,0.010000,0.251848,2026-05-31T13:29:02.907747
1339,-5.7602,0,56,0.010000,0.208412,2026-05-31T13:29:03.490762
1340,-6.2184,0,50,0.010000,0.309965,2026-05-31T13:29:03.995627
1341,-6.1754,0,50,0.010000,0.283237,2026-05-31T13:29:04.495406
1342,-6.1969,0,50,0.010000,0.269454,2026-05-31T13:29:05.020744
1343,-6.2320,0,50,0.010000,0.304154,2026-05-31T13:29:05.640508
1344,-6.2457,0,50,0.010000,0.286344,2026-05-31T13:29:06.232267
1345,-6.2320,0,50,0.010000,0.252521,2026-05-31T13:29:06.744171
1346,-6.2203,0,50,0.010000,0.213834,2026-05-31T13:29:07.272623
1347,4.8918,1,64,0.010000,0.254510,2026-05-31T13:29:07.901701
1348,-6.2125,0,50,0.010000,0.236629,2026-05-31T13:29:08.478756
1349,-6.1988,0,50,0.010000,0.221903,2026-05-31T13:29:08.969578
1350,-6.2457,0,50,0.010000,0.287320,2026-05-31T13:29:09.506311
1351,-6.1949,0,50,0.010000,0.248918,2026-05-31T13:29:10.042200
1352,-6.2594,0,50,0.010000,0.279933,2026-05-31T13:29:10.561724
1353,-6.1695,0,50,0.010000,0.257962,2026-05-31T13:29:11.089329
1354,-6.2086,0,50,0.010000,0.236562,2026-05-31T13:29:11.597699
1355,-6.2516,0,50,0.010000,0.227101,2026-05-31T13:29:12.144655
1356,-6.2086,0,50,0.010000,0.248741,2026-05-31T13:29:12.628565
1357,-6.2047,0,50,0.010000,0.286565,2026-05-31T13:29:13.144653
1358,-6.1891,0,50,0.010000,0.257908,2026-05-31T13:29:13.653945
1359,-6.1773,0,50,0.010000,0.217182,2026-05-31T13:29:14.176053
1360,-6.2027,0,50,0.010000,0.242926,2026-05-31T13:29:14.692523
1361,-6.2184,0,50,0.010000,0.260691,2026-05-31T13:29:15.204110
1362,-6.1637,0,50,0.010000,0.224217,2026-05-31T13:29:15.699054
1363,-6.1930,0,50,0.010000,0.219299,2026-05-31T13:29:16.466545
1364,-6.1949,0,50,0.010000,0.251736,2026-05-31T13:29:17.164766
1365,-6.2301,0,50,0.010000,0.242816,2026-05-31T13:29:17.818820
1366,-6.2320,0,50,0.010000,0.191264,2026-05-31T13:29:18.486881
1367,-6.0980,0,51,0.010000,0.227427,2026-05-31T13:29:18.988548
1368,-6.2594,0,50,0.010000,0.263208,2026-05-31T13:29:19.558851
1369,-6.2047,0,50,0.010000,0.286204,2026-05-31T13:29:20.277262
1370,-6.2594,0,50,0.010000,0.243629,2026-05-31T13:29:20.748445
1371,-6.2320,0,50,0.010000,0.195631,2026-05-31T13:29:21.293529
1372,-6.1910,0,50,0.010000,0.269671,2026-05-31T13:29:21.819529
1373,-6.1695,0,50,0.010000,0.281168,2026-05-31T13:29:22.345219
1374,-6.1910,0,50,0.010000,0.283304,2026-05-31T13:29:22.835471
1375,4.8496,1,63,0.010000,0.272439,2026-05-31T13:29:23.469584
1376,-6.2457,0,50,0.010000,0.219879,2026-05-31T13:29:23.966259
1377,-6.2457,0,50,0.010000,0.282408,2026-05-31T13:29:24.613223
1378,-6.1910,0,50,0.010000,0.291828,2026-05-31T13:29:25.229846
1379,-6.2320,0,50,0.010000,0.212562,2026-05-31T13:29:25.737363
1380,-6.2594,0,50,0.010000,0.272093,2026-05-31T13:29:26.256974
1381,-6.2594,0,50,0.010000,0.278799,2026-05-31T13:29:26.780726
1382,-6.2223,0,50,0.010000,0.292802,2026-05-31T13:29:27.298828
1383,-6.1910,0,50,0.010000,0.285271,2026-05-31T13:29:27.801083
1384,-6.2301,0,50,0.010000,0.281794,2026-05-31T13:29:28.317766
1385,-6.2320,0,50,0.010000,0.251296,2026-05-31T13:29:28.816672
1386,-6.2066,0,50,0.010000,0.216957,2026-05-31T13:29:29.419046
1387,-6.2086,0,50,0.010000,0.261905,2026-05-31T13:29:29.924426
1388,-6.2047,0,50,0.010000,0.198481,2026-05-31T13:29:30.470992
1389,-6.1871,0,50,0.010000,0.282378,2026-05-31T13:29:31.366345
1390,-5.7809,0,55,0.010000,0.283404,2026-05-31T13:29:33.111668
1391,-6.2594,0,50,0.010000,0.190944,2026-05-31T13:29:33.644418
1392,-6.2457,0,50,0.010000,0.259966,2026-05-31T13:29:34.184177
1393,-6.1695,0,50,0.010000,0.258889,2026-05-31T13:29:34.747107
1394,-6.1832,0,50,0.010000,0.236046,2026-05-31T13:29:35.330960
1395,-6.2457,0,50,0.010000,0.252460,2026-05-31T13:29:36.256931
1396,-6.2594,0,50,0.010000,0.275057,2026-05-31T13:29:36.798726
1397,-6.2184,0,50,0.010000,0.176437,2026-05-31T13:29:37.473017
1398,4.9301,1,65,0.010000,0.284444,2026-05-31T13:29:38.526506
1399,-6.1930,0,50,0.010000,0.248269,2026-05-31T13:29:39.198125
1400,-6.2066,0,50,0.010000,0.258167,2026-05-31T13:29:39.675519
1401,-6.2203,0,50,0.010000,0.270131,2026-05-31T13:29:40.167054
1402,-6.2184,0,50,0.010000,0.235822,2026-05-31T13:29:40.662284
1403,-6.1949,0,50,0.010000,0.246132,2026-05-31T13:29:41.156395
1404,-6.2320,0,50,0.010000,0.196580,2026-05-31T13:29:41.674088
1405,-7.6211,0,31,0.010000,0.262457,2026-05-31T13:29:41.969493
1406,-6.2594,0,50,0.010000,0.271574,2026-05-31T13:29:42.423351
1407,-6.2594,0,50,0.010000,0.253703,2026-05-31T13:29:42.876106
1408,-7.6211,0,31,0.010000,0.203876,2026-05-31T13:29:43.195760
1409,-6.2184,0,50,0.010000,0.233613,2026-05-31T13:29:43.643026
1410,-6.1773,0,50,0.010000,0.251818,2026-05-31T13:29:44.079807
1411,-6.2320,0,50,0.010000,0.272670,2026-05-31T13:29:44.529075
1412,-6.2164,0,50,0.010000,0.245355,2026-05-31T13:29:44.977666
1413,-6.2184,0,50,0.010000,0.270916,2026-05-31T13:29:45.427556
1414,-6.1910,0,50,0.010000,0.243105,2026-05-31T13:29:45.899887
1415,-6.1391,0,51,0.010000,0.296247,2026-05-31T13:29:46.508037
1416,-6.2164,0,50,0.010000,0.232577,2026-05-31T13:29:47.120624
1417,-6.2320,0,50,0.010000,0.223397,2026-05-31T13:29:47.705828
1418,-6.2223,0,50,0.010000,0.238112,2026-05-31T13:29:48.273222
1419,-6.2184,0,50,0.010000,0.275830,2026-05-31T13:29:48.721366
1420,-6.2047,0,50,0.010000,0.197723,2026-05-31T13:29:49.160411
1421,-6.1910,0,50,0.010000,0.281513,2026-05-31T13:29:49.833480
1422,-5.4664,0,60,0.010000,0.262970,2026-05-31T13:29:50.359679
1423,-6.2047,0,50,0.010000,0.261885,2026-05-31T13:29:50.806580
1424,-5.7836,0,56,0.010000,0.259147,2026-05-31T13:29:51.311890
1425,-6.2047,0,50,0.010000,0.206410,2026-05-31T13:29:51.784565
1426,-6.2320,0,50,0.010000,0.304607,2026-05-31T13:29:52.238661
1427,-6.2105,0,50,0.010000,0.276489,2026-05-31T13:29:52.687001
1428,-6.2457,0,50,0.010000,0.304932,2026-05-31T13:29:53.137784
1429,-6.2027,0,50,0.010000,0.218563,2026-05-31T13:29:53.584734
1430,-6.2184,0,50,0.010000,0.247761,2026-05-31T13:29:54.034085
1431,-6.2223,0,50,0.010000,0.218945,2026-05-31T13:29:54.485235
1432,-6.2047,0,50,0.010000,0.275050,2026-05-31T13:29:54.934107
1433,-6.1930,0,50,0.010000,0.261097,2026-05-31T13:29:55.399720
1434,-6.2457,0,50,0.010000,0.320760,2026-05-31T13:29:55.933698
1435,-6.2223,0,50,0.010000,0.244504,2026-05-31T13:29:56.381993
1436,-6.2184,0,50,0.010000,0.228997,2026-05-31T13:29:56.850570
1437,-7.6211,0,31,0.010000,0.222982,2026-05-31T13:29:57.151229
1438,-6.1910,0,50,0.010000,0.260029,2026-05-31T13:29:57.616945
1439,-6.2145,0,50,0.010000,0.209024,2026-05-31T13:29:58.065119
1440,-6.2594,0,50,0.010000,0.301064,2026-05-31T13:29:58.505665
1441,-6.2066,0,50,0.010000,0.260111,2026-05-31T13:29:58.949389
1442,-6.1695,0,50,0.010000,0.237485,2026-05-31T13:29:59.389228
1443,-6.2184,0,50,0.010000,0.247184,2026-05-31T13:29:59.832472
1444,-6.2457,0,50,0.010000,0.249871,2026-05-31T13:30:00.275217
1445,-6.2047,0,50,0.010000,0.294836,2026-05-31T13:30:00.716194
1446,-6.2184,0,50,0.010000,0.221572,2026-05-31T13:30:01.161878
1447,-6.2457,0,50,0.010000,0.290650,2026-05-31T13:30:01.678044
1448,-6.2184,0,50,0.010000,0.258286,2026-05-31T13:30:02.136884
1449,-6.2184,0,50,0.010000,0.304020,2026-05-31T13:30:02.586435
1450,-6.1910,0,50,0.010000,0.195710,2026-05-31T13:30:03.018444
1451,-6.2457,0,50,0.010000,0.245264,2026-05-31T13:30:03.470624
1452,-6.1813,0,50,0.010000,0.282039,2026-05-31T13:30:03.944840
1453,-6.2125,0,50,0.010000,0.245843,2026-05-31T13:30:04.396725
1454,-5.7789,0,55,0.010000,0.220658,2026-05-31T13:30:04.883464
1455,-6.2457,0,50,0.010000,0.189914,2026-05-31T13:30:05.327307
1456,-6.1773,0,50,0.010000,0.261198,2026-05-31T13:30:05.938749
1457,-6.1910,0,50,0.010000,0.309418,2026-05-31T13:30:06.449401
1458,-6.2145,0,50,0.010000,0.288043,2026-05-31T13:30:06.902408
1459,-6.2164,0,50,0.010000,0.253228,2026-05-31T13:30:07.419975
1460,-6.2047,0,50,0.010000,0.249431,2026-05-31T13:30:07.927588
1461,-6.2242,0,50,0.010000,0.236654,2026-05-31T13:30:08.389750
1462,-6.1949,0,50,0.010000,0.241503,2026-05-31T13:30:08.840623
1463,-6.2105,0,50,0.010000,0.250612,2026-05-31T13:30:09.290375
1464,-6.2086,0,50,0.010000,0.246420,2026-05-31T13:30:09.756063
1465,-6.2320,0,50,0.010000,0.285886,2026-05-31T13:30:10.212040
1466,-6.1695,0,50,0.010000,0.231285,2026-05-31T13:30:10.662277
1467,-6.2457,0,50,0.010000,0.231810,2026-05-31T13:30:11.230148
1468,-6.2184,0,50,0.010000,0.265144,2026-05-31T13:30:11.686777
1469,-6.1871,0,50,0.010000,0.266024,2026-05-31T13:30:12.138038
1470,-6.2457,0,50,0.010000,0.271188,2026-05-31T13:30:12.587773
1471,-5.9285,0,54,0.010000,0.239972,2026-05-31T13:30:13.057959
1472,-6.1969,0,50,0.010000,0.244406,2026-05-31T13:30:13.508142
1473,-6.2223,0,50,0.010000,0.197658,2026-05-31T13:30:13.972006
1474,-6.2379,0,50,0.010000,0.226987,2026-05-31T13:30:14.540910
1475,-6.2594,0,50,0.010000,0.253464,2026-05-31T13:30:15.013840
1476,-6.2457,0,50,0.010000,0.304448,2026-05-31T13:30:15.514906
1477,-6.2379,0,50,0.010000,0.265401,2026-05-31T13:30:16.069206
1478,-6.2281,0,50,0.010000,0.253775,2026-05-31T13:30:16.792290
1479,-6.0246,0,52,0.010000,0.243270,2026-05-31T13:30:17.447971
1480,-6.2301,0,50,0.010000,0.237564,2026-05-31T13:30:18.297849
1481,-5.8699,0,54,0.010000,0.201232,2026-05-31T13:30:18.858721
1482,-6.2242,0,50,0.010000,0.217945,2026-05-31T13:30:19.299746
1483,-6.1910,0,50,0.010000,0.205910,2026-05-31T13:30:19.997994
1484,-6.2086,0,50,0.010000,0.264808,2026-05-31T13:30:20.546681
1485,-6.2594,0,50,0.010000,0.241015,2026-05-31T13:30:21.000189
1486,-6.2223,0,50,0.010000,0.279154,2026-05-31T13:30:21.441536
1487,-6.2184,0,50,0.010000,0.263288,2026-05-31T13:30:21.926922
1488,-6.1969,0,50,0.010000,0.223205,2026-05-31T13:30:22.389101
1489,-6.1871,0,50,0.010000,0.269245,2026-05-31T13:30:22.843814
1490,-6.2320,0,50,0.010000,0.256717,2026-05-31T13:30:23.295550
1491,-5.8602,0,54,0.010000,0.288945,2026-05-31T13:30:23.778039
1492,-6.2203,0,50,0.010000,0.255486,2026-05-31T13:30:24.227137
1493,-6.2320,0,50,0.010000,0.253216,2026-05-31T13:30:24.680254
1494,-6.2086,0,50,0.010000,0.242882,2026-05-31T13:30:25.132120
1495,-6.1891,0,50,0.010000,0.276535,2026-05-31T13:30:25.808151
1496,-6.2359,0,50,0.010000,0.226489,2026-05-31T13:30:26.235839
1497,-6.2008,0,50,0.010000,0.304142,2026-05-31T13:30:26.678922
1498,-6.2457,0,50,0.010000,0.250725,2026-05-31T13:30:27.128204
1499,-6.2320,0,50,0.010000,0.267151,2026-05-31T13:30:27.590172
1500,-6.1910,0,50,0.010000,0.296274,2026-05-31T13:30:28.031063
1501,-6.2105,0,50,0.010000,0.261851,2026-05-31T13:30:28.611595
1502,-6.2379,0,50,0.010000,0.294117,2026-05-31T13:30:29.047686
1503,-6.2457,0,50,0.010000,0.216958,2026-05-31T13:30:29.498240
1504,-6.2457,0,50,0.010000,0.290415,2026-05-31T13:30:29.976909
1505,-6.2457,0,50,0.010000,0.240305,2026-05-31T13:30:30.434648
1506,-6.2359,0,50,0.010000,0.258990,2026-05-31T13:30:30.881079
1507,-6.2203,0,50,0.010000,0.282779,2026-05-31T13:30:31.322060
1508,-6.2145,0,50,0.010000,0.255670,2026-05-31T13:30:31.777895
1509,-6.2594,0,50,0.010000,0.224127,2026-05-31T13:30:32.273011
1510,-6.2047,0,50,0.010000,0.202121,2026-05-31T13:30:32.723805
1511,-6.2594,0,50,0.010000,0.242673,2026-05-31T13:30:33.164546
1512,-6.2457,0,50,0.010000,0.256132,2026-05-31T13:30:33.610607
1513,-6.2457,0,50,0.010000,0.227102,2026-05-31T13:30:34.098531
1514,-6.1891,0,50,0.010000,0.264485,2026-05-31T13:30:34.550163
1515,-6.2047,0,50,0.010000,0.275249,2026-05-31T13:30:35.019561
1516,-5.7867,0,55,0.010000,0.254070,2026-05-31T13:30:35.647642
1517,-6.2594,0,50,0.010000,0.199981,2026-05-31T13:30:36.145040
1518,-5.8219,0,55,0.010000,0.242872,2026-05-31T13:30:36.663340
1519,-7.4625,0,33,0.010000,0.244767,2026-05-31T13:30:36.980370
1520,-6.1910,0,50,0.010000,0.293117,2026-05-31T13:30:37.440174
1521,-6.2281,0,50,0.010000,0.275408,2026-05-31T13:30:37.945217
1522,-6.2203,0,50,0.010000,0.275213,2026-05-31T13:30:38.430800
1523,-6.2457,0,50,0.010000,0.218906,2026-05-31T13:30:38.880294
1524,-6.1527,0,51,0.010000,0.215145,2026-05-31T13:30:39.381775
1525,-6.2184,0,50,0.010000,0.229739,2026-05-31T13:30:39.904731
1526,-6.2184,0,50,0.010000,0.234740,2026-05-31T13:30:40.367435
1527,-6.2457,0,50,0.010000,0.217412,2026-05-31T13:30:40.833549
1528,-6.2242,0,50,0.010000,0.280249,2026-05-31T13:30:41.285413
1529,-6.1891,0,50,0.010000,0.233281,2026-05-31T13:30:41.763982
1530,-6.2223,0,50,0.010000,0.265523,2026-05-31T13:30:42.215030
1531,-6.2457,0,50,0.010000,0.264992,2026-05-31T13:30:42.663440
1532,-6.2457,0,50,0.010000,0.252133,2026-05-31T13:30:43.169259
1533,-6.2320,0,50,0.010000,0.174054,2026-05-31T13:30:43.640298
1534,-6.2320,0,50,0.010000,0.249644,2026-05-31T13:30:44.073478
1535,-6.2203,0,50,0.010000,0.301410,2026-05-31T13:30:44.522108
1536,-5.8523,0,54,0.010000,0.289353,2026-05-31T13:30:44.994890
1537,-6.2184,0,50,0.010000,0.256776,2026-05-31T13:30:45.443824
1538,-6.1773,0,50,0.010000,0.284961,2026-05-31T13:30:45.921827
1539,-6.2320,0,50,0.010000,0.229375,2026-05-31T13:30:46.534946
1540,-6.2223,0,50,0.010000,0.216489,2026-05-31T13:30:47.134509
1541,-6.1930,0,50,0.010000,0.256207,2026-05-31T13:30:47.726828
1542,-6.2125,0,50,0.010000,0.316033,2026-05-31T13:30:48.303880
1543,-6.2184,0,50,0.010000,0.269282,2026-05-31T13:30:48.744494
1544,-6.1891,0,50,0.010000,0.213511,2026-05-31T13:30:49.183129
1545,-6.2320,0,50,0.010000,0.263513,2026-05-31T13:30:49.886836
1546,-6.2301,0,50,0.010000,0.238146,2026-05-31T13:30:50.317690
1547,-6.2457,0,50,0.010000,0.208009,2026-05-31T13:30:50.769259
1548,-6.2184,0,50,0.010000,0.269107,2026-05-31T13:30:51.738787
1549,-6.2594,0,50,0.010000,0.286037,2026-05-31T13:30:52.352479
1550,-6.2184,0,50,0.010000,0.242222,2026-05-31T13:30:52.788378
1551,-6.1910,0,50,0.010000,0.262146,2026-05-31T13:30:53.238717
1552,-6.1969,0,50,0.010000,0.245394,2026-05-31T13:30:53.731104
1553,-6.2242,0,50,0.010000,0.228561,2026-05-31T13:30:54.188161
1554,-6.2594,0,50,0.010000,0.261291,2026-05-31T13:30:54.636574
1555,-6.2184,0,50,0.010000,0.242602,2026-05-31T13:30:55.074670
1556,-6.1773,0,50,0.010000,0.281309,2026-05-31T13:30:55.588750
1557,-6.2047,0,50,0.010000,0.294813,2026-05-31T13:30:56.064149
1558,-6.2047,0,50,0.010000,0.229067,2026-05-31T13:30:56.506928
1559,-6.2457,0,50,0.010000,0.286617,2026-05-31T13:30:57.135703
1560,-6.2594,0,50,0.010000,0.218640,2026-05-31T13:30:57.582545
1561,-6.2594,0,50,0.010000,0.223790,2026-05-31T13:30:58.021647
1562,-6.2086,0,50,0.010000,0.208345,2026-05-31T13:30:58.484499
1563,-6.2047,0,50,0.010000,0.253180,2026-05-31T13:30:58.937759
1564,-6.1910,0,50,0.010000,0.224053,2026-05-31T13:30:59.387076
1565,-6.2047,0,50,0.010000,0.217813,2026-05-31T13:30:59.837886
1566,-6.1988,0,50,0.010000,0.227996,2026-05-31T13:31:00.287696
1567,-6.1832,0,50,0.010000,0.221887,2026-05-31T13:31:00.755369
1568,-6.2145,0,50,0.010000,0.337100,2026-05-31T13:31:01.408420
1569,-6.1910,0,50,0.010000,0.248036,2026-05-31T13:31:01.910974
1570,-6.2359,0,50,0.010000,0.262783,2026-05-31T13:31:02.360352
1571,-6.2379,0,50,0.010000,0.185177,2026-05-31T13:31:03.031992
1572,-6.1832,0,50,0.010000,0.226001,2026-05-31T13:31:03.706282
1573,-7.6211,0,31,0.010000,0.258640,2026-05-31T13:31:04.055801
1574,-6.1832,0,50,0.010000,0.233825,2026-05-31T13:31:04.541197
1575,-6.2047,0,50,0.010000,0.266781,2026-05-31T13:31:05.004869
1576,-6.1813,0,50,0.010000,0.238703,2026-05-31T13:31:05.557426
1577,-6.1773,0,50,0.010000,0.216017,2026-05-31T13:31:06.153108
1578,-6.2066,0,50,0.010000,0.221189,2026-05-31T13:31:07.690282
1579,-6.2594,0,50,0.010000,0.302708,2026-05-31T13:31:08.442575
1580,-5.6770,0,57,0.010000,0.221765,2026-05-31T13:31:09.086587
1581,-6.2125,0,50,0.010000,0.233059,2026-05-31T13:31:09.632067
1582,-6.2457,0,50,0.010000,0.284877,2026-05-31T13:31:10.192112
1583,-6.2047,0,50,0.010000,0.250395,2026-05-31T13:31:10.707953
1584,-6.2027,0,50,0.010000,0.252039,2026-05-31T13:31:11.220279
1585,-6.1910,0,50,0.010000,0.244114,2026-05-31T13:31:11.740210
1586,-6.1754,0,50,0.010000,0.251085,2026-05-31T13:31:12.283126
1587,-5.9422,0,54,0.010000,0.280698,2026-05-31T13:31:12.895015
1588,-6.2066,0,50,0.010000,0.215582,2026-05-31T13:31:13.414333
1589,-6.1871,0,50,0.010000,0.268518,2026-05-31T13:31:13.944535
1590,-6.2594,0,50,0.010000,0.263109,2026-05-31T13:31:14.434095
1591,-6.2184,0,50,0.010000,0.253693,2026-05-31T13:31:14.949127
1592,-6.2047,0,50,0.010000,0.245059,2026-05-31T13:31:15.447443
1593,-6.1910,0,50,0.010000,0.216099,2026-05-31T13:31:16.015981
1594,-6.2457,0,50,0.010000,0.270247,2026-05-31T13:31:16.803188
1595,-6.2027,0,50,0.010000,0.267613,2026-05-31T13:31:17.475145
1596,-6.2320,0,50,0.010000,0.300578,2026-05-31T13:31:18.204626
1597,-6.1754,0,50,0.010000,0.250235,2026-05-31T13:31:18.809739
1598,-6.2594,0,50,0.010000,0.174284,2026-05-31T13:31:19.351475
1599,-6.2184,0,50,0.010000,0.238212,2026-05-31T13:31:20.100564
1600,-6.2594,0,50,0.010000,0.264287,2026-05-31T13:31:20.634198
1601,-7.6211,0,31,0.010000,0.304645,2026-05-31T13:31:20.999617
1602,-6.2320,0,50,0.010000,0.258002,2026-05-31T13:31:21.532432
1603,-6.2125,0,50,0.010000,0.267722,2026-05-31T13:31:22.073863
1604,-6.2184,0,50,0.010000,0.278021,2026-05-31T13:31:22.576179
1605,-6.2594,0,50,0.010000,0.293827,2026-05-31T13:31:23.086193
1606,-6.2047,0,50,0.010000,0.219906,2026-05-31T13:31:23.604821
1607,-6.2457,0,50,0.010000,0.274652,2026-05-31T13:31:24.115205
1608,-6.2457,0,50,0.010000,0.238923,2026-05-31T13:31:24.618397
1609,-6.2594,0,50,0.010000,0.239958,2026-05-31T13:31:25.127651
1610,-6.2320,0,50,0.010000,0.196946,2026-05-31T13:31:25.668696
1611,-6.2047,0,50,0.010000,0.241250,2026-05-31T13:31:26.189013
1612,-7.6211,0,31,0.010000,0.247422,2026-05-31T13:31:26.518451
1613,-6.2594,0,50,0.010000,0.277002,2026-05-31T13:31:27.065119
1614,-6.2457,0,50,0.010000,0.303545,2026-05-31T13:31:27.567394
1615,-6.2320,0,50,0.010000,0.259454,2026-05-31T13:31:28.072989
1616,-6.2457,0,50,0.010000,0.225685,2026-05-31T13:31:28.579759
1617,-6.2516,0,50,0.010000,0.257247,2026-05-31T13:31:29.080595
1618,-6.2184,0,50,0.010000,0.247390,2026-05-31T13:31:29.639472
1619,-6.1695,0,50,0.010000,0.238427,2026-05-31T13:31:30.151913
1620,-5.6633,0,57,0.010000,0.239740,2026-05-31T13:31:30.747005
1621,-6.2047,0,50,0.010000,0.276988,2026-05-31T13:31:31.278011
1622,-6.2594,0,50,0.010000,0.275255,2026-05-31T13:31:31.800535
1623,-6.2184,0,50,0.010000,0.272074,2026-05-31T13:31:32.523843
1624,-6.1910,0,50,0.010000,0.293752,2026-05-31T13:31:33.036747
1625,-6.2164,0,50,0.010000,0.251412,2026-05-31T13:31:33.562007
1626,-6.1773,0,50,0.010000,0.256076,2026-05-31T13:31:34.097630
1627,-6.2184,0,50,0.010000,0.286252,2026-05-31T13:31:34.597127
1628,-6.1910,0,50,0.010000,0.259858,2026-05-31T13:31:35.106998
1629,-6.2594,0,50,0.010000,0.242387,2026-05-31T13:31:35.708997
1630,-6.2125,0,50,0.010000,0.231746,2026-05-31T13:31:36.222316
1631,-6.2457,0,50,0.010000,0.256364,2026-05-31T13:31:36.765795
1632,-6.2320,0,50,0.010000,0.212131,2026-05-31T13:31:37.287783
1633,-6.2027,0,50,0.010000,0.255089,2026-05-31T13:31:37.829544
1634,-6.2164,0,50,0.010000,0.179654,2026-05-31T13:31:38.348717
1635,-6.2184,0,50,0.010000,0.239179,2026-05-31T13:31:38.855056
1636,-6.2594,0,50,0.010000,0.236976,2026-05-31T13:31:39.373029
1637,-6.2301,0,50,0.010000,0.273421,2026-05-31T13:31:39.975552
1638,-5.8738,0,54,0.010000,0.212074,2026-05-31T13:31:40.523056
1639,-6.1910,0,50,0.010000,0.241228,2026-05-31T13:31:41.169310
1640,-6.2594,0,50,0.010000,0.266695,2026-05-31T13:31:41.810152
1641,-6.2223,0,50,0.010000,0.271116,2026-05-31T13:31:42.354706
1642,-6.2320,0,50,0.010000,0.280328,2026-05-31T13:31:42.870351
1643,-6.1754,0,50,0.010000,0.232836,2026-05-31T13:31:43.440796
1644,-6.2594,0,50,0.010000,0.256721,2026-05-31T13:31:43.941353
1645,-6.2457,0,50,0.010000,0.258028,2026-05-31T13:31:44.440417
1646,-5.7699,0,56,0.010000,0.238204,2026-05-31T13:31:44.998568
1647,-6.1969,0,50,0.010000,0.305724,2026-05-31T13:31:45.503366
1648,-6.2223,0,50,0.010000,0.242640,2026-05-31T13:31:46.178159
1649,-6.2594,0,50,0.010000,0.290074,2026-05-31T13:31:46.855597
1650,-5.9805,0,53,0.010000,0.296447,2026-05-31T13:31:47.736815
1651,-6.2047,0,50,0.010000,0.279633,2026-05-31T13:31:48.465364
1652,-6.2594,0,50,0.010000,0.284804,2026-05-31T13:31:48.980372
1653,-6.2320,0,50,0.010000,0.260076,2026-05-31T13:31:49.536790
1654,-6.1910,0,50,0.010000,0.265390,2026-05-31T13:31:50.244476
1655,-6.2457,0,50,0.010000,0.240206,2026-05-31T13:31:50.735969
1656,-6.2457,0,50,0.010000,0.254836,2026-05-31T13:31:51.266451
1657,-6.1930,0,50,0.010000,0.237215,2026-05-31T13:31:51.775694
1658,-6.2457,0,50,0.010000,0.236864,2026-05-31T13:31:52.311290
1659,-6.2594,0,50,0.010000,0.252901,2026-05-31T13:31:52.829822
1660,-6.2320,0,50,0.010000,0.230981,2026-05-31T13:31:53.357384
1661,-7.6211,0,31,0.010000,0.243174,2026-05-31T13:31:53.679648
1662,-6.2457,0,50,0.010000,0.283901,2026-05-31T13:31:54.209914
1663,-6.1930,0,50,0.010000,0.210668,2026-05-31T13:31:54.739659
1664,-6.2457,0,50,0.010000,0.259810,2026-05-31T13:31:55.239240
1665,-6.1754,0,50,0.010000,0.275325,2026-05-31T13:31:55.758481
1666,-6.2320,0,50,0.010000,0.223581,2026-05-31T13:31:56.257560
1667,-6.2223,0,50,0.010000,0.294143,2026-05-31T13:31:56.789951
1668,-5.4664,0,60,0.010000,0.273731,2026-05-31T13:31:57.427068
1669,-6.2594,0,50,0.010000,0.239223,2026-05-31T13:31:57.958300
1670,-6.2516,0,50,0.010000,0.255970,2026-05-31T13:31:58.452833
1671,-6.2594,0,50,0.010000,0.276944,2026-05-31T13:31:58.976560
1672,-6.2184,0,50,0.010000,0.270017,2026-05-31T13:31:59.481096
1673,-6.2320,0,50,0.010000,0.245504,2026-05-31T13:32:00.002398
1674,-6.2145,0,50,0.010000,0.195205,2026-05-31T13:32:00.566532
1675,-6.2027,0,50,0.010000,0.199647,2026-05-31T13:32:01.292300
1676,-6.2125,0,50,0.010000,0.242952,2026-05-31T13:32:01.830951
1677,-6.1930,0,50,0.010000,0.279798,2026-05-31T13:32:02.399195
1678,-6.2184,0,50,0.010000,0.256186,2026-05-31T13:32:02.924762
1679,-6.2594,0,50,0.010000,0.301415,2026-05-31T13:32:03.435111
1680,-6.2438,0,50,0.010000,0.281433,2026-05-31T13:32:03.953447
1681,-6.2145,0,50,0.010000,0.265484,2026-05-31T13:32:04.531089
1682,-6.1949,0,50,0.010000,0.276029,2026-05-31T13:32:05.172497
1683,-6.2047,0,50,0.010000,0.282188,2026-05-31T13:32:05.858046
1684,-6.1988,0,50,0.010000,0.230211,2026-05-31T13:32:06.387900
1685,-6.1969,0,50,0.010000,0.287551,2026-05-31T13:32:06.923075
1686,-6.2184,0,50,0.010000,0.242779,2026-05-31T13:32:07.440219
1687,-6.2438,0,50,0.010000,0.218780,2026-05-31T13:32:07.957174
1688,-6.2047,0,50,0.010000,0.229221,2026-05-31T13:32:08.457403
1689,-6.1871,0,50,0.010000,0.239206,2026-05-31T13:32:08.969660
1690,-6.2457,0,50,0.010000,0.259355,2026-05-31T13:32:09.481520
1691,-6.2594,0,50,0.010000,0.252885,2026-05-31T13:32:10.041702
1692,-6.2203,0,50,0.010000,0.267217,2026-05-31T13:32:10.542236
1693,-6.2223,0,50,0.010000,0.196349,2026-05-31T13:32:11.074753
1694,-6.1832,0,50,0.010000,0.225908,2026-05-31T13:32:11.580813
1695,-6.1910,0,50,0.010000,0.310709,2026-05-31T13:32:12.153502
1696,-6.1988,0,50,0.010000,0.256284,2026-05-31T13:32:12.680102
1697,-6.1930,0,50,0.010000,0.213556,2026-05-31T13:32:13.210376
1698,-6.2320,0,50,0.010000,0.240000,2026-05-31T13:32:13.752314
1699,-6.2457,0,50,0.010000,0.236263,2026-05-31T13:32:14.328248
1700,-6.2320,0,50,0.010000,0.254134,2026-05-31T13:32:14.894565
1701,-7.6211,0,31,0.010000,0.229347,2026-05-31T13:32:15.250795
1702,-6.2242,0,50,0.010000,0.230534,2026-05-31T13:32:15.746194
1703,-6.1949,0,50,0.010000,0.244319,2026-05-31T13:32:16.509860
1704,-6.1773,0,50,0.010000,0.247661,2026-05-31T13:32:17.190850
1705,-6.1773,0,50,0.010000,0.232395,2026-05-31T13:32:17.855603
1706,-6.1930,0,50,0.010000,0.239907,2026-05-31T13:32:18.502036
1707,-6.2594,0,50,0.010000,0.208900,2026-05-31T13:32:18.997366
1708,-6.2047,0,50,0.010000,0.285365,2026-05-31T13:32:19.785454
1709,-6.2027,0,50,0.010000,0.224123,2026-05-31T13:32:20.867282
1710,-6.2320,0,50,0.010000,0.250375,2026-05-31T13:32:21.853671
1711,-6.2184,0,50,0.010000,0.313986,2026-05-31T13:32:22.818481
1712,-6.2184,0,50,0.010000,0.258296,2026-05-31T13:32:23.475331
1713,-6.1988,0,50,0.010000,0.222850,2026-05-31T13:32:24.023511
1714,-6.2457,0,50,0.010000,0.276910,2026-05-31T13:32:24.525979
1715,-6.2320,0,50,0.010000,0.223405,2026-05-31T13:32:25.054294
1716,-6.2359,0,50,0.010000,0.253636,2026-05-31T13:32:25.729438
1717,-6.2594,0,50,0.010000,0.275391,2026-05-31T13:32:26.254822
1718,-6.1949,0,50,0.010000,0.227430,2026-05-31T13:32:26.815023
1719,-6.0461,0,52,0.010000,0.299946,2026-05-31T13:32:27.381989
1720,-6.1930,0,50,0.010000,0.224907,2026-05-31T13:32:27.894794
1721,-6.2066,0,50,0.010000,0.261971,2026-05-31T13:32:28.412413
1722,-6.2047,0,50,0.010000,0.274511,2026-05-31T13:32:28.928932
1723,-6.2223,0,50,0.010000,0.225890,2026-05-31T13:32:29.532611
1724,-6.2164,0,50,0.010000,0.231524,2026-05-31T13:32:30.066438
1725,-6.2047,0,50,0.010000,0.287218,2026-05-31T13:32:30.581937
1726,-6.2301,0,50,0.010000,0.291570,2026-05-31T13:32:31.117407
1727,-6.2184,0,50,0.010000,0.237155,2026-05-31T13:32:31.621541
1728,-5.9980,0,53,0.010000,0.207830,2026-05-31T13:32:32.207937
1729,-6.1637,0,50,0.010000,0.290961,2026-05-31T13:32:32.723758
1730,-6.2242,0,50,0.010000,0.238451,2026-05-31T13:32:33.252571
1731,-6.2457,0,50,0.010000,0.294693,2026-05-31T13:32:33.848294
1732,-6.1637,0,50,0.010000,0.266712,2026-05-31T13:32:34.364332
1733,-6.1754,0,50,0.010000,0.266907,2026-05-31T13:32:34.890652
1734,-6.2066,0,50,0.010000,0.249712,2026-05-31T13:32:35.558490
1735,-6.2184,0,50,0.010000,0.313556,2026-05-31T13:32:36.208578
1736,-6.2145,0,50,0.010000,0.213802,2026-05-31T13:32:36.919675
1737,-6.2457,0,50,0.010000,0.206586,2026-05-31T13:32:37.565725
1738,-6.2438,0,50,0.010000,0.214451,2026-05-31T13:32:38.372374
1739,-6.2320,0,50,0.010000,0.208036,2026-05-31T13:32:39.043916
1740,-6.2457,0,50,0.010000,0.249551,2026-05-31T13:32:39.603441
1741,-6.2516,0,50,0.010000,0.244737,2026-05-31T13:32:40.227877
1742,-6.0539,0,52,0.010000,0.245503,2026-05-31T13:32:40.954037
1743,-6.2594,0,50,0.010000,0.261464,2026-05-31T13:32:41.533544
1744,-6.2594,0,50,0.010000,0.237701,2026-05-31T13:32:42.149628
1745,-6.2320,0,50,0.010000,0.306708,2026-05-31T13:32:42.712977
1746,-6.2320,0,50,0.010000,0.240630,2026-05-31T13:32:43.331828
1747,-6.2242,0,50,0.010000,0.283845,2026-05-31T13:32:43.893343
1748,-6.1988,0,50,0.010000,0.292600,2026-05-31T13:32:44.444816
1749,-6.2438,0,50,0.010000,0.286088,2026-05-31T13:32:45.018437
1750,-6.2047,0,50,0.010000,0.247339,2026-05-31T13:32:45.651057
1751,-6.2457,0,50,0.010000,0.280392,2026-05-31T13:32:46.654040
1752,-6.2047,0,50,0.010000,0.246685,2026-05-31T13:32:47.588131
1753,-6.2301,0,50,0.010000,0.253314,2026-05-31T13:32:48.450036
1754,-6.2379,0,50,0.010000,0.293726,2026-05-31T13:32:49.211091
1755,-6.2594,0,50,0.010000,0.292732,2026-05-31T13:32:49.976531
1756,-6.1910,0,50,0.010000,0.248314,2026-05-31T13:32:50.781087
1757,-6.0363,0,52,0.010000,0.276132,2026-05-31T13:32:51.388975
1758,-6.2457,0,50,0.010000,0.258224,2026-05-31T13:32:51.982189
1759,-6.2105,0,50,0.010000,0.268345,2026-05-31T13:32:52.559728
1760,-6.1664,0,51,0.010000,0.295245,2026-05-31T13:32:53.167841
1761,-6.2516,0,50,0.010000,0.297616,2026-05-31T13:32:53.728362
1762,-6.1910,0,50,0.010000,0.273857,2026-05-31T13:32:54.622272
1763,-6.2184,0,50,0.010000,0.321354,2026-05-31T13:32:55.607434
1764,-6.2086,0,50,0.010000,0.230366,2026-05-31T13:32:56.575586
1765,-6.2086,0,50,0.010000,0.228526,2026-05-31T13:32:57.486111
1766,-6.2320,0,50,0.010000,0.237504,2026-05-31T13:32:58.081427
1767,4.8508,1,64,0.010000,0.239340,2026-05-31T13:32:58.795746
1768,-6.2223,0,50,0.010000,0.310225,2026-05-31T13:32:59.378657
1769,-6.2242,0,50,0.010000,0.234302,2026-05-31T13:33:00.150345
1770,-6.2184,0,50,0.010000,0.301108,2026-05-31T13:33:00.727364
1771,-6.4902,0,46,0.010000,0.266623,2026-05-31T13:33:01.266500
1772,-6.1832,0,50,0.010000,0.259647,2026-05-31T13:33:02.310067
1773,-6.2242,0,50,0.010000,0.280995,2026-05-31T13:33:03.452254
1774,-6.2457,0,50,0.010000,0.258988,2026-05-31T13:33:04.652521
1775,-6.2008,0,50,0.010000,0.258045,2026-05-31T13:33:05.378766
1776,-5.5840,0,58,0.010000,0.310943,2026-05-31T13:33:06.130810
1777,-6.1930,0,50,0.010000,0.252758,2026-05-31T13:33:06.696577
1778,-6.2320,0,50,0.010000,0.275509,2026-05-31T13:33:07.405428
1779,-6.2594,0,50,0.010000,0.249361,2026-05-31T13:33:08.052585
1780,-6.2516,0,50,0.010000,0.207223,2026-05-31T13:33:08.660293
1781,-6.2027,0,50,0.010000,0.213665,2026-05-31T13:33:09.251258
1782,-6.2027,0,50,0.010000,0.283621,2026-05-31T13:33:09.815536
1783,-6.1910,0,50,0.010000,0.234597,2026-05-31T13:33:10.424944
1784,-6.2301,0,50,0.010000,0.248865,2026-05-31T13:33:11.358490
1785,-6.1988,0,50,0.010000,0.271563,2026-05-31T13:33:12.121392
1786,-6.2047,0,50,0.010000,0.263147,2026-05-31T13:33:12.636528
1787,-6.2047,0,50,0.010000,0.264528,2026-05-31T13:33:13.185734
1788,-6.2457,0,50,0.010000,0.253090,2026-05-31T13:33:13.699147
1789,-6.2516,0,50,0.010000,0.255394,2026-05-31T13:33:14.245381
1790,-6.2047,0,50,0.010000,0.262232,2026-05-31T13:33:14.784464
1791,-6.1773,0,50,0.010000,0.259302,2026-05-31T13:33:15.327929
1792,-6.2320,0,50,0.010000,0.224171,2026-05-31T13:33:15.863211
1793,-6.1891,0,50,0.010000,0.237358,2026-05-31T13:33:16.639451
1794,-7.6211,0,31,0.010000,0.160810,2026-05-31T13:33:17.083417
1795,-6.1637,0,50,0.010000,0.230415,2026-05-31T13:33:17.724897
1796,-6.2379,0,50,0.010000,0.274401,2026-05-31T13:33:18.437982
1797,-6.2086,0,50,0.010000,0.217329,2026-05-31T13:33:18.976614
1798,-6.2008,0,50,0.010000,0.255667,2026-05-31T13:33:19.568027
1799,-6.1773,0,50,0.010000,0.231102,2026-05-31T13:33:20.267900
1800,-6.2457,0,50,0.010000,0.202700,2026-05-31T13:33:20.774299
1801,-6.2008,0,50,0.010000,0.248578,2026-05-31T13:33:21.311070
1802,-6.1988,0,50,0.010000,0.293690,2026-05-31T13:33:21.844698
1803,-7.6211,0,31,0.010000,0.280623,2026-05-31T13:33:22.227139
1804,-6.1969,0,50,0.010000,0.275056,2026-05-31T13:33:22.757179
1805,-6.1871,0,50,0.010000,0.226106,2026-05-31T13:33:23.300257
1806,-6.2242,0,50,0.010000,0.283919,2026-05-31T13:33:23.826595
1807,-5.6250,0,58,0.010000,0.252081,2026-05-31T13:33:24.460635
1808,-5.5457,0,59,0.010000,0.278417,2026-05-31T13:33:25.070366
1809,-6.1871,0,50,0.010000,0.289110,2026-05-31T13:33:25.595353
1810,-6.2184,0,50,0.010000,0.228355,2026-05-31T13:33:26.124547
1811,-6.1832,0,50,0.010000,0.259827,2026-05-31T13:33:26.648404
1812,-6.2184,0,50,0.010000,0.245627,2026-05-31T13:33:27.200192
1813,-6.2047,0,50,0.010000,0.269441,2026-05-31T13:33:27.727048
1814,-6.1832,0,50,0.010000,0.277254,2026-05-31T13:33:28.276348
1815,-5.5664,0,58,0.010000,0.226304,2026-05-31T13:33:28.878836
1816,-6.2594,0,50,0.010000,0.258286,2026-05-31T13:33:29.427659
1817,-6.1773,0,50,0.010000,0.210960,2026-05-31T13:33:29.946962
1818,-6.1910,0,50,0.010000,0.280575,2026-05-31T13:33:30.479027
1819,-6.2184,0,50,0.010000,0.301037,2026-05-31T13:33:31.005833
1820,-6.2008,0,50,0.010000,0.196517,2026-05-31T13:33:31.540071
1821,-6.2164,0,50,0.010000,0.210671,2026-05-31T13:33:32.093427
1822,-6.2457,0,50,0.010000,0.248224,2026-05-31T13:33:32.625264
1823,-6.2184,0,50,0.010000,0.267367,2026-05-31T13:33:33.168106
1824,-6.2223,0,50,0.010000,0.215490,2026-05-31T13:33:33.691770
1825,-6.2457,0,50,0.010000,0.299321,2026-05-31T13:33:34.229343
1826,-6.1695,0,50,0.010000,0.255094,2026-05-31T13:33:34.754007
1827,-6.1832,0,50,0.010000,0.242367,2026-05-31T13:33:35.284386
1828,-6.1910,0,50,0.010000,0.266247,2026-05-31T13:33:35.894756
1829,-6.1930,0,50,0.010000,0.284459,2026-05-31T13:33:36.424385
1830,-6.2145,0,50,0.010000,0.226737,2026-05-31T13:33:36.980083
1831,-6.2125,0,50,0.010000,0.239254,2026-05-31T13:33:37.498209
1832,-6.2047,0,50,0.010000,0.207271,2026-05-31T13:33:38.018872
1833,-6.2320,0,50,0.010000,0.242825,2026-05-31T13:33:38.549091
1834,-6.0078,0,53,0.010000,0.300029,2026-05-31T13:33:39.104384
1835,-7.6211,0,31,0.010000,0.244103,2026-05-31T13:33:39.440644
1836,-6.2223,0,50,0.010000,0.272043,2026-05-31T13:33:39.979743
1837,-6.2457,0,50,0.010000,0.247563,2026-05-31T13:33:40.913849
1838,-6.2594,0,50,0.010000,0.249406,2026-05-31T13:33:41.534775
1839,5.0023,1,65,0.010000,0.243376,2026-05-31T13:33:42.263555
1840,-6.2047,0,50,0.010000,0.231767,2026-05-31T13:33:42.774288
1841,-6.1988,0,50,0.010000,0.253340,2026-05-31T13:33:43.320796
1842,-6.1637,0,50,0.010000,0.224789,2026-05-31T13:33:43.905555
1843,-6.2105,0,50,0.010000,0.219667,2026-05-31T13:33:44.451224
1844,-6.2457,0,50,0.010000,0.226492,2026-05-31T13:33:44.946739
1845,-7.6211,0,31,0.010000,0.231329,2026-05-31T13:33:45.303791
1846,-6.1832,0,50,0.010000,0.264509,2026-05-31T13:33:46.259328
1847,-6.2359,0,50,0.010000,0.249479,2026-05-31T13:33:47.556906
1848,-6.2594,0,50,0.010000,0.254509,2026-05-31T13:33:48.799647
1849,-6.2320,0,50,0.010000,0.195784,2026-05-31T13:33:49.612968
1850,-5.9668,0,53,0.010000,0.260149,2026-05-31T13:33:50.310147
1851,-6.2223,0,50,0.010000,0.258195,2026-05-31T13:33:50.881439
1852,-5.9422,0,54,0.010000,0.321106,2026-05-31T13:33:51.519298
1853,-6.2164,0,50,0.010000,0.260123,2026-05-31T13:33:52.080890
1854,-6.1813,0,50,0.010000,0.261068,2026-05-31T13:33:52.694972
1855,-6.2320,0,50,0.010000,0.234860,2026-05-31T13:33:53.263635
1856,-6.2242,0,50,0.010000,0.335316,2026-05-31T13:33:53.808158
1857,-6.2047,0,50,0.010000,0.218011,2026-05-31T13:33:54.444958
1858,-6.2594,0,50,0.010000,0.293088,2026-05-31T13:33:55.013953
1859,-6.2203,0,50,0.010000,0.245956,2026-05-31T13:33:55.559451
1860,-6.2047,0,50,0.010000,0.245918,2026-05-31T13:33:56.115543
1861,-6.2594,0,50,0.010000,0.237723,2026-05-31T13:33:56.719775
1862,-6.1008,0,52,0.010000,0.238522,2026-05-31T13:33:57.422334
1863,-6.0215,0,53,0.010000,0.294131,2026-05-31T13:33:58.029755
1864,-6.1813,0,50,0.010000,0.310907,2026-05-31T13:33:58.563370
1865,-6.2008,0,50,0.010000,0.231810,2026-05-31T13:33:59.099871
1866,-6.1988,0,50,0.010000,0.252674,2026-05-31T13:33:59.652482
1867,-6.2457,0,50,0.010000,0.232012,2026-05-31T13:34:00.221504
1868,-5.7789,0,55,0.010000,0.291178,2026-05-31T13:34:00.830627
1869,-6.1695,0,50,0.010000,0.204817,2026-05-31T13:34:01.382372
1870,-6.2320,0,50,0.010000,0.254982,2026-05-31T13:34:01.938811
1871,-7.6211,0,31,0.010000,0.331230,2026-05-31T13:34:02.302979
1872,-6.2223,0,50,0.010000,0.223922,2026-05-31T13:34:02.833446
1873,-6.1910,0,50,0.010000,0.265716,2026-05-31T13:34:03.397900
1874,-6.2184,0,50,0.010000,0.290475,2026-05-31T13:34:03.921346
1875,-6.2457,0,50,0.010000,0.264940,2026-05-31T13:34:04.518145
1876,-6.2086,0,50,0.010000,0.266990,2026-05-31T13:34:05.048082
1877,-6.2594,0,50,0.010000,0.298273,2026-05-31T13:34:05.672788
1878,-6.2047,0,50,0.010000,0.232081,2026-05-31T13:34:06.234248
1879,-6.2594,0,50,0.010000,0.241030,2026-05-31T13:34:06.780539
1880,-6.2594,0,50,0.010000,0.316628,2026-05-31T13:34:07.535205
1881,-6.1695,0,50,0.010000,0.242507,2026-05-31T13:34:08.046095
1882,-6.2184,0,50,0.010000,0.276237,2026-05-31T13:34:08.622607
1883,-6.1773,0,50,0.010000,0.255829,2026-05-31T13:34:09.149255
1884,-6.2594,0,50,0.010000,0.196540,2026-05-31T13:34:09.713744
1885,-6.7352,0,43,0.010000,0.252121,2026-05-31T13:34:10.177985
1886,-7.6211,0,31,0.010000,0.237558,2026-05-31T13:34:10.539319
1887,-6.2457,0,50,0.010000,0.247509,2026-05-31T13:34:11.081322
1888,-6.2047,0,50,0.010000,0.260692,2026-05-31T13:34:11.660744
1889,-6.2457,0,50,0.010000,0.223738,2026-05-31T13:34:12.227936
1890,-6.2223,0,50,0.010000,0.275739,2026-05-31T13:34:12.788854
1891,-6.2594,0,50,0.010000,0.229383,2026-05-31T13:34:13.344121
1892,-6.2184,0,50,0.010000,0.220932,2026-05-31T13:34:13.886196
1893,-6.2320,0,50,0.010000,0.265279,2026-05-31T13:34:14.443329
1894,-6.1832,0,50,0.010000,0.255085,2026-05-31T13:34:14.990815
1895,-6.2594,0,50,0.010000,0.283618,2026-05-31T13:34:15.556483
1896,-6.2301,0,50,0.010000,0.283443,2026-05-31T13:34:16.243836
1897,-6.2027,0,50,0.010000,0.250367,2026-05-31T13:34:17.013820
1898,-6.0871,0,52,0.010000,0.252053,2026-05-31T13:34:17.745794
1899,-6.1969,0,50,0.010000,0.245071,2026-05-31T13:34:18.439816
1900,-6.2320,0,50,0.010000,0.261729,2026-05-31T13:34:18.942732
1901,-6.1949,0,50,0.010000,0.221316,2026-05-31T13:34:19.667455
1902,-6.2320,0,50,0.010000,0.223072,2026-05-31T13:34:20.447922
1903,-6.2027,0,50,0.010000,0.247587,2026-05-31T13:34:20.993685
1904,-6.2027,0,50,0.010000,0.285755,2026-05-31T13:34:21.539459
1905,-6.2320,0,50,0.010000,0.260638,2026-05-31T13:34:22.099052
1906,-5.8180,0,55,0.010000,0.272992,2026-05-31T13:34:22.705944
1907,-6.1930,0,50,0.010000,0.258489,2026-05-31T13:34:23.255434
1908,-6.2281,0,50,0.010000,0.237652,2026-05-31T13:34:23.805915
1909,-6.2125,0,50,0.010000,0.252116,2026-05-31T13:34:24.399913
1910,-6.2203,0,50,0.010000,0.242245,2026-05-31T13:34:24.925056
1911,-6.2223,0,50,0.010000,0.269496,2026-05-31T13:34:25.486381
1912,-6.1773,0,50,0.010000,0.237322,2026-05-31T13:34:26.029561
1913,-6.2457,0,50,0.010000,0.277299,2026-05-31T13:34:26.727880
1914,-6.2047,0,50,0.010000,0.244265,2026-05-31T13:34:27.281248
1915,-7.6211,0,31,0.010000,0.278395,2026-05-31T13:34:27.630811
1916,-6.2047,0,50,0.010000,0.245794,2026-05-31T13:34:28.176657
1917,-6.2457,0,50,0.010000,0.210758,2026-05-31T13:34:28.747442
1918,-6.2457,0,50,0.010000,0.241081,2026-05-31T13:34:29.272628
1919,-6.2516,0,50,0.010000,0.205736,2026-05-31T13:34:29.817924
1920,-6.2594,0,50,0.010000,0.234249,2026-05-31T13:34:30.355479
1921,-6.2184,0,50,0.010000,0.197230,2026-05-31T13:34:30.893255
1922,-6.2438,0,50,0.010000,0.283300,2026-05-31T13:34:31.440414
1923,-6.0422,0,52,0.010000,0.233477,2026-05-31T13:34:32.013363
1924,-6.2066,0,50,0.010000,0.256170,2026-05-31T13:34:32.598965
1925,-6.0324,0,52,0.010000,0.232516,2026-05-31T13:34:33.156194
1926,-6.2203,0,50,0.010000,0.331250,2026-05-31T13:34:33.778911
1927,-6.2164,0,50,0.010000,0.248784,2026-05-31T13:34:34.324319
1928,-6.9982,0,39,0.010000,0.216118,2026-05-31T13:34:34.763776
1929,-6.2125,0,50,0.010000,0.208090,2026-05-31T13:34:35.312134
1930,-6.2594,0,50,0.010000,0.248408,2026-05-31T13:34:36.006268
1931,-6.2105,0,50,0.010000,0.240294,2026-05-31T13:34:36.579816
1932,-7.6211,0,31,0.010000,0.301745,2026-05-31T13:34:36.964824
1933,-6.2125,0,50,0.010000,0.310227,2026-05-31T13:34:37.551929
1934,-6.2457,0,50,0.010000,0.233364,2026-05-31T13:34:38.079709
1935,-6.2184,0,50,0.010000,0.231789,2026-05-31T13:34:38.653255
1936,-6.1801,0,51,0.010000,0.276798,2026-05-31T13:34:39.197078
1937,-6.2594,0,50,0.010000,0.281795,2026-05-31T13:34:39.730536
1938,-6.2594,0,50,0.010000,0.261288,2026-05-31T13:34:40.270635
1939,-6.2086,0,50,0.010000,0.239831,2026-05-31T13:34:40.862430
1940,-6.2223,0,50,0.010000,0.199919,2026-05-31T13:34:41.418209
1941,-6.2223,0,50,0.010000,0.246631,2026-05-31T13:34:42.084370
1942,-6.2594,0,50,0.010000,0.287594,2026-05-31T13:34:42.606684
1943,-6.2516,0,50,0.010000,0.290296,2026-05-31T13:34:43.155547
1944,-6.2145,0,50,0.010000,0.309546,2026-05-31T13:34:43.815832
1945,-6.2457,0,50,0.010000,0.289844,2026-05-31T13:34:44.424060
1946,-6.2047,0,50,0.010000,0.231218,2026-05-31T13:34:44.977781
1947,-6.2516,0,50,0.010000,0.247878,2026-05-31T13:34:45.542920
1948,-6.2223,0,50,0.010000,0.245199,2026-05-31T13:34:46.197196
1949,-6.2320,0,50,0.010000,0.304960,2026-05-31T13:34:46.928373
1950,-6.2457,0,50,0.010000,0.253130,2026-05-31T13:34:47.634806
1951,-6.2320,0,50,0.010000,0.223719,2026-05-31T13:34:48.502288
1952,-5.5977,0,58,0.010000,0.272182,2026-05-31T13:34:49.206464
1953,-6.2379,0,50,0.010000,0.233514,2026-05-31T13:34:49.979953
1954,-6.2184,0,50,0.010000,0.302267,2026-05-31T13:34:50.510918
1955,-6.1637,0,50,0.010000,0.248415,2026-05-31T13:34:51.048843
1956,-6.2594,0,50,0.010000,0.263057,2026-05-31T13:34:51.602976
1957,-6.2125,0,50,0.010000,0.276228,2026-05-31T13:34:52.159369
1958,-6.2203,0,50,0.010000,0.240238,2026-05-31T13:34:52.750749
1959,-6.2320,0,50,0.010000,0.252707,2026-05-31T13:34:53.307247
1960,-6.2594,0,50,0.010000,0.331965,2026-05-31T13:34:53.854747
1961,-6.1754,0,50,0.010000,0.314760,2026-05-31T13:34:54.412663
1962,-6.1754,0,50,0.010000,0.305607,2026-05-31T13:34:54.952515
1963,-6.2320,0,50,0.010000,0.253001,2026-05-31T13:34:55.561051
1964,-6.2125,0,50,0.010000,0.219416,2026-05-31T13:34:56.083223
1965,-5.7289,0,56,0.010000,0.277962,2026-05-31T13:34:56.732614
1966,-6.2594,0,50,0.010000,0.270330,2026-05-31T13:34:57.298167
1967,-6.2047,0,50,0.010000,0.322137,2026-05-31T13:34:57.845870
1968,-6.2105,0,50,0.010000,0.266803,2026-05-31T13:34:58.401193
1969,-6.2594,0,50,0.010000,0.297026,2026-05-31T13:34:58.947855
1970,-6.2457,0,50,0.010000,0.272977,2026-05-31T13:34:59.501482
1971,-6.1910,0,50,0.010000,0.247719,2026-05-31T13:35:00.042722
1972,-6.1813,0,50,0.010000,0.290711,2026-05-31T13:35:00.626781
1973,-6.2047,0,50,0.010000,0.227512,2026-05-31T13:35:01.162824
1974,-6.2516,0,50,0.010000,0.264652,2026-05-31T13:35:01.723049
1975,-6.1891,0,50,0.010000,0.290227,2026-05-31T13:35:02.292419
1976,-7.6211,0,31,0.010000,0.273150,2026-05-31T13:35:02.633324
1977,-6.1871,0,50,0.010000,0.305293,2026-05-31T13:35:03.173165
1978,-7.6211,0,31,0.010000,0.220069,2026-05-31T13:35:03.532776
1979,-6.1910,0,50,0.010000,0.274806,2026-05-31T13:35:04.094897
1980,-6.2066,0,50,0.010000,0.235771,2026-05-31T13:35:04.652193
1981,-6.2457,0,50,0.010000,0.209866,2026-05-31T13:35:05.356751
1982,-6.2125,0,50,0.010000,0.263850,2026-05-31T13:35:06.052835
1983,-6.2281,0,50,0.010000,0.221867,2026-05-31T13:35:06.590294
1984,-6.2359,0,50,0.010000,0.281494,2026-05-31T13:35:07.169604
1985,-7.1508,0,37,0.010000,0.306262,2026-05-31T13:35:07.587281
1986,-6.2594,0,50,0.010000,0.275208,2026-05-31T13:35:08.124602
1987,-6.2301,0,50,0.010000,0.311715,2026-05-31T13:35:08.699647
1988,-6.1930,0,50,0.010000,0.310242,2026-05-31T13:35:09.218970
1989,-6.2359,0,50,0.010000,0.273788,2026-05-31T13:35:09.754986
1990,-6.1773,0,50,0.010000,0.231002,2026-05-31T13:35:10.313209
1991,-6.2027,0,50,0.010000,0.252182,2026-05-31T13:35:10.850364
1992,-6.1988,0,50,0.010000,0.326312,2026-05-31T13:35:11.386422
1993,-6.2027,0,50,0.010000,0.257338,2026-05-31T13:35:11.944818
1994,-6.2594,0,50,0.010000,0.270189,2026-05-31T13:35:12.508742
1995,-6.1969,0,50,0.010000,0.316604,2026-05-31T13:35:13.056745
1996,-6.2594,0,50,0.010000,0.254234,2026-05-31T13:35:13.599605
1997,-6.2438,0,50,0.010000,0.238226,2026-05-31T13:35:14.139300
1998,-6.2457,0,50,0.010000,0.247465,2026-05-31T13:35:14.679819
1999,-6.1949,0,50,0.010000,0.213301,2026-05-31T13:35:15.230310
2000,-6.2164,0,50,0.010000,0.302384,2026-05-31T13:35:15.778341
2001,-6.2359,0,50,0.010000,0.272343,2026-05-31T13:35:16.546260
2002,-7.6211,0,31,0.010000,0.253381,2026-05-31T13:35:17.000696
2003,-6.2457,0,50,0.010000,0.301937,2026-05-31T13:35:17.699094
2004,-6.1637,0,50,0.010000,0.299096,2026-05-31T13:35:18.395583
2005,-6.2145,0,50,0.010000,0.278627,2026-05-31T13:35:18.916734
2006,-6.2594,0,50,0.010000,0.316852,2026-05-31T13:35:19.625492
2007,-6.2359,0,50,0.010000,0.305436,2026-05-31T13:35:20.252305
2008,-6.1754,0,50,0.010000,0.227841,2026-05-31T13:35:20.823896
2009,-6.1910,0,50,0.010000,0.300714,2026-05-31T13:35:21.370032
2010,-6.2457,0,50,0.010000,0.290044,2026-05-31T13:35:21.929990
2011,-6.2184,0,50,0.010000,0.248421,2026-05-31T13:35:22.502211
2012,-6.1813,0,50,0.010000,0.281941,2026-05-31T13:35:23.049481
2013,-6.1969,0,50,0.010000,0.254266,2026-05-31T13:35:23.588027
2014,-6.2301,0,50,0.010000,0.252373,2026-05-31T13:35:24.138176
2015,-6.1871,0,50,0.010000,0.194498,2026-05-31T13:35:24.706897
2016,-6.2594,0,50,0.010000,0.270640,2026-05-31T13:35:25.252558
2017,-5.3980,0,60,0.010000,0.256384,2026-05-31T13:35:25.903417
2018,-6.2594,0,50,0.010000,0.259726,2026-05-31T13:35:26.454077
2019,-6.2320,0,50,0.010000,0.232472,2026-05-31T13:35:27.015427
2020,-6.2320,0,50,0.010000,0.273058,2026-05-31T13:35:27.582680
2021,-6.2359,0,50,0.010000,0.253578,2026-05-31T13:35:28.112028
2022,-6.2184,0,50,0.010000,0.245504,2026-05-31T13:35:28.675379
2023,-6.1910,0,50,0.010000,0.222331,2026-05-31T13:35:29.218948
2024,-6.2594,0,50,0.010000,0.267300,2026-05-31T13:35:29.799627
2025,-6.2594,0,50,0.010000,0.309490,2026-05-31T13:35:30.339147
2026,-6.1891,0,50,0.010000,0.300615,2026-05-31T13:35:30.880798
2027,-6.2008,0,50,0.010000,0.302399,2026-05-31T13:35:31.467790
2028,-6.2203,0,50,0.010000,0.302926,2026-05-31T13:35:32.003712
2029,-6.2008,0,50,0.010000,0.327185,2026-05-31T13:35:32.589131
2030,-6.2594,0,50,0.010000,0.296213,2026-05-31T13:35:33.121503
2031,-6.2223,0,50,0.010000,0.282552,2026-05-31T13:35:33.666301
2032,-7.4625,0,33,0.010000,0.240371,2026-05-31T13:35:34.026737
2033,-6.2145,0,50,0.010000,0.229718,2026-05-31T13:35:34.569628
2034,-6.1969,0,50,0.010000,0.233539,2026-05-31T13:35:35.107776
2035,-6.2594,0,50,0.010000,0.287664,2026-05-31T13:35:35.743289
2036,-6.2223,0,50,0.010000,0.244207,2026-05-31T13:35:36.300586
2037,-6.2242,0,50,0.010000,0.271850,2026-05-31T13:35:36.878111
2038,-5.5320,0,59,0.010000,0.262812,2026-05-31T13:35:37.536300
2039,-6.2203,0,50,0.010000,0.264651,2026-05-31T13:35:38.072878
2040,-6.1910,0,50,0.010000,0.226774,2026-05-31T13:35:38.616793
2041,-6.2145,0,50,0.010000,0.259066,2026-05-31T13:35:39.159200
2042,-6.2223,0,50,0.010000,0.263696,2026-05-31T13:35:39.699978
2043,-6.2594,0,50,0.010000,0.279820,2026-05-31T13:35:40.245486
2044,-6.2203,0,50,0.010000,0.268135,2026-05-31T13:35:40.802376
2045,-6.2594,0,50,0.010000,0.195021,2026-05-31T13:35:41.343538
2046,-6.2184,0,50,0.010000,0.284011,2026-05-31T13:35:41.902415
2047,-6.2242,0,50,0.010000,0.284198,2026-05-31T13:35:42.660685
2048,-6.2066,0,50,0.010000,0.258892,2026-05-31T13:35:43.190792
2049,-6.2379,0,50,0.010000,0.259708,2026-05-31T13:35:43.782314
2050,-6.2301,0,50,0.010000,0.232210,2026-05-31T13:35:44.331911
2051,-6.2320,0,50,0.010000,0.317714,2026-05-31T13:35:44.929182
2052,-6.2301,0,50,0.010000,0.228525,2026-05-31T13:35:45.483401
2053,-6.2320,0,50,0.010000,0.249002,2026-05-31T13:35:46.102087
2054,-6.2379,0,50,0.010000,0.286449,2026-05-31T13:35:46.847689
2055,-6.2027,0,50,0.010000,0.254522,2026-05-31T13:35:47.559449
2056,-6.1988,0,50,0.010000,0.287676,2026-05-31T13:35:48.339227
2057,-6.2320,0,50,0.010000,0.239191,2026-05-31T13:35:48.934388
2058,-6.1949,0,50,0.010000,0.290054,2026-05-31T13:35:49.537108
2059,-6.2008,0,50,0.010000,0.252140,2026-05-31T13:35:50.244632
2060,-6.2223,0,50,0.010000,0.269820,2026-05-31T13:35:50.783048
2061,-6.2457,0,50,0.010000,0.259867,2026-05-31T13:35:51.318415
2062,-6.2320,0,50,0.010000,0.336641,2026-05-31T13:35:51.866677
2063,-6.2184,0,50,0.010000,0.246784,2026-05-31T13:35:52.457064
2064,-6.1773,0,50,0.010000,0.258368,2026-05-31T13:35:53.019588
2065,-6.1773,0,50,0.010000,0.285199,2026-05-31T13:35:53.588492
2066,-6.1754,0,50,0.010000,0.252880,2026-05-31T13:35:54.118807
2067,-6.2320,0,50,0.010000,0.261892,2026-05-31T13:35:54.683726
2068,-6.2457,0,50,0.010000,0.279341,2026-05-31T13:35:55.291629
2069,-6.1637,0,50,0.010000,0.292688,2026-05-31T13:35:55.836549
2070,-6.2457,0,50,0.010000,0.229663,2026-05-31T13:35:56.371909
2071,-6.2047,0,50,0.010000,0.254240,2026-05-31T13:35:56.967372
2072,-6.2594,0,50,0.010000,0.217359,2026-05-31T13:35:57.517513
2073,-6.2086,0,50,0.010000,0.272769,2026-05-31T13:35:58.045539
2074,-6.2594,0,50,0.010000,0.246560,2026-05-31T13:35:58.598955
2075,-6.1695,0,50,0.010000,0.287953,2026-05-31T13:35:59.143587
2076,-6.2223,0,50,0.010000,0.291846,2026-05-31T13:35:59.677880
2077,-6.2594,0,50,0.010000,0.261948,2026-05-31T13:36:00.218343
2078,-6.2594,0,50,0.010000,0.282886,2026-05-31T13:36:00.788468
2079,-6.1813,0,50,0.010000,0.249401,2026-05-31T13:36:01.314322
2080,-6.2047,0,50,0.010000,0.317687,2026-05-31T13:36:01.853060
2081,-6.1910,0,50,0.010000,0.290303,2026-05-31T13:36:02.422358
2082,-6.0324,0,52,0.010000,0.331508,2026-05-31T13:36:02.982043
2083,-6.2594,0,50,0.010000,0.264704,2026-05-31T13:36:03.544733
2084,-6.2457,0,50,0.010000,0.303034,2026-05-31T13:36:04.083815
2085,-6.2457,0,50,0.010000,0.283229,2026-05-31T13:36:04.657401
2086,-6.2457,0,50,0.010000,0.277873,2026-05-31T13:36:05.326957
2087,-6.2047,0,50,0.010000,0.298328,2026-05-31T13:36:05.967184
2088,-6.2047,0,50,0.010000,0.280561,2026-05-31T13:36:06.498369
2089,-6.2047,0,50,0.010000,0.256646,2026-05-31T13:36:07.048744
2090,-6.2320,0,50,0.010000,0.240125,2026-05-31T13:36:07.601718
2091,-6.2125,0,50,0.010000,0.302869,2026-05-31T13:36:08.146176
2092,-6.2105,0,50,0.010000,0.231069,2026-05-31T13:36:08.713581
2093,-6.2594,0,50,0.010000,0.264407,2026-05-31T13:36:09.329084
2094,-6.2223,0,50,0.010000,0.284884,2026-05-31T13:36:09.880053
2095,-6.2008,0,50,0.010000,0.268592,2026-05-31T13:36:10.432099
2096,-6.1754,0,50,0.010000,0.291088,2026-05-31T13:36:10.975160
2097,-6.2047,0,50,0.010000,0.236504,2026-05-31T13:36:11.511725
2098,-6.2242,0,50,0.010000,0.206754,2026-05-31T13:36:12.074659
2099,-6.1910,0,50,0.010000,0.276913,2026-05-31T13:36:12.632559
2100,-6.2457,0,50,0.010000,0.222556,2026-05-31T13:36:13.192083
2101,-6.2594,0,50,0.010000,0.284900,2026-05-31T13:36:13.749493
2102,-7.6211,0,31,0.010000,0.266704,2026-05-31T13:36:14.082943
2103,-6.2047,0,50,0.010000,0.264246,2026-05-31T13:36:14.647922
2104,-6.2047,0,50,0.010000,0.240562,2026-05-31T13:36:15.212408
2105,-6.2457,0,50,0.010000,0.258190,2026-05-31T13:36:15.763366
2106,-6.1969,0,50,0.010000,0.282797,2026-05-31T13:36:16.480803
2107,-6.2457,0,50,0.010000,0.280724,2026-05-31T13:36:17.245216
2108,-6.1813,0,50,0.010000,0.245235,2026-05-31T13:36:17.944871
2109,-6.2047,0,50,0.010000,0.271833,2026-05-31T13:36:18.581006
2110,-6.2516,0,50,0.010000,0.231009,2026-05-31T13:36:19.123266
2111,-7.1547,0,37,0.010000,0.260729,2026-05-31T13:36:19.864134
2112,-5.8160,0,55,0.010000,0.308896,2026-05-31T13:36:20.587947
2113,-6.2594,0,50,0.010000,0.222778,2026-05-31T13:36:21.149166
2114,-6.2105,0,50,0.010000,0.287140,2026-05-31T13:36:21.696270
2115,-6.2184,0,50,0.010000,0.244264,2026-05-31T13:36:22.255252
2116,-6.2184,0,50,0.010000,0.251867,2026-05-31T13:36:22.809019
2117,-6.2516,0,50,0.010000,0.279961,2026-05-31T13:36:23.337698
2118,-6.2008,0,50,0.010000,0.197966,2026-05-31T13:36:23.891434
2119,-6.2320,0,50,0.010000,0.245501,2026-05-31T13:36:24.421363
2120,-6.2457,0,50,0.010000,0.281752,2026-05-31T13:36:25.005955
2121,-5.7543,0,56,0.010000,0.297166,2026-05-31T13:36:25.609744
2122,-6.1773,0,50,0.010000,0.251561,2026-05-31T13:36:26.156358
2123,-6.2242,0,50,0.010000,0.235476,2026-05-31T13:36:26.709857
2124,-6.2047,0,50,0.010000,0.299554,2026-05-31T13:36:27.276106
2125,-6.1910,0,50,0.010000,0.297341,2026-05-31T13:36:27.845981
2126,-6.2594,0,50,0.010000,0.254786,2026-05-31T13:36:28.390954
2127,-6.2438,0,50,0.010000,0.246772,2026-05-31T13:36:28.974298
2128,-6.1891,0,50,0.010000,0.250591,2026-05-31T13:36:29.508589
2129,-6.1910,0,50,0.010000,0.255913,2026-05-31T13:36:30.078950
2130,-6.2086,0,50,0.010000,0.249414,2026-05-31T13:36:30.625507
2131,-6.2457,0,50,0.010000,0.255315,2026-05-31T13:36:31.180519
2132,-6.2086,0,50,0.010000,0.274877,2026-05-31T13:36:31.722826
2133,-5.5184,0,59,0.010000,0.272641,2026-05-31T13:36:32.388011
2134,-5.6770,0,57,0.010000,0.267579,2026-05-31T13:36:33.056682
2135,-6.2027,0,50,0.010000,0.267288,2026-05-31T13:36:33.669222
2136,-6.1930,0,50,0.010000,0.329284,2026-05-31T13:36:34.226496
2137,-6.2379,0,50,0.010000,0.320820,2026-05-31T13:36:34.769012
2138,-6.1813,0,50,0.010000,0.251338,2026-05-31T13:36:35.312776
2139,-6.2320,0,50,0.010000,0.263490,2026-05-31T13:36:35.992956
2140,-6.2047,0,50,0.010000,0.249794,2026-05-31T13:36:36.526500
2141,-6.2066,0,50,0.010000,0.265525,2026-05-31T13:36:37.158052
2142,-6.2027,0,50,0.010000,0.241196,2026-05-31T13:36:37.698990
2143,-6.2457,0,50,0.010000,0.308016,2026-05-31T13:36:38.237548
2144,-6.2457,0,50,0.010000,0.280473,2026-05-31T13:36:38.793678
2145,-6.1988,0,50,0.010000,0.254165,2026-05-31T13:36:39.337180
2146,-6.2301,0,50,0.010000,0.250385,2026-05-31T13:36:39.888171
2147,-6.2320,0,50,0.010000,0.278850,2026-05-31T13:36:40.447032
2148,-6.1695,0,50,0.010000,0.289866,2026-05-31T13:36:41.049736
2149,-6.2359,0,50,0.010000,0.325621,2026-05-31T13:36:41.587436
2150,-6.2320,0,50,0.010000,0.208577,2026-05-31T13:36:42.140955
2151,-6.2457,0,50,0.010000,0.302169,2026-05-31T13:36:42.710745
2152,-6.1832,0,50,0.010000,0.310672,2026-05-31T13:36:43.351291
2153,-6.2457,0,50,0.010000,0.296211,2026-05-31T13:36:43.971626
2154,-6.2047,0,50,0.010000,0.253936,2026-05-31T13:36:44.513066
2155,-6.2125,0,50,0.010000,0.269136,2026-05-31T13:36:45.094018
2156,-6.1891,0,50,0.010000,0.221432,2026-05-31T13:36:45.622569
2157,-6.2594,0,50,0.010000,0.277661,2026-05-31T13:36:46.326532
2158,-6.1910,0,50,0.010000,0.285091,2026-05-31T13:36:47.069159
2159,-6.2320,0,50,0.010000,0.259199,2026-05-31T13:36:47.783730
2160,-6.2047,0,50,0.010000,0.272471,2026-05-31T13:36:48.492802
2161,-6.2066,0,50,0.010000,0.277822,2026-05-31T13:36:49.056240
2162,-6.2184,0,50,0.010000,0.273299,2026-05-31T13:36:49.807259
2163,-6.2184,0,50,0.010000,0.256106,2026-05-31T13:36:50.345852
2164,-5.7406,0,56,0.010000,0.242045,2026-05-31T13:36:51.000831
2165,-6.2242,0,50,0.010000,0.301947,2026-05-31T13:36:51.543809
2166,-6.2184,0,50,0.010000,0.268049,2026-05-31T13:36:52.157214
2167,-6.2359,0,50,0.010000,0.275931,2026-05-31T13:36:52.700801
2168,-6.2457,0,50,0.010000,0.265060,2026-05-31T13:36:53.271771
2169,-6.2027,0,50,0.010000,0.285977,2026-05-31T13:36:53.897858
2170,-6.1910,0,50,0.010000,0.267645,2026-05-31T13:36:54.430823
2171,-6.2047,0,50,0.010000,0.256778,2026-05-31T13:36:54.978194
2172,-6.1969,0,50,0.010000,0.253452,2026-05-31T13:36:55.527430
2173,-6.2105,0,50,0.010000,0.248948,2026-05-31T13:36:56.069683
2174,-5.9766,0,53,0.010000,0.255077,2026-05-31T13:36:56.662367
2175,-6.2184,0,50,0.010000,0.234768,2026-05-31T13:36:57.261189
2176,-6.2594,0,50,0.010000,0.291553,2026-05-31T13:36:57.792046
2177,-6.2242,0,50,0.010000,0.343194,2026-05-31T13:36:58.343828
2178,-6.1871,0,50,0.010000,0.273362,2026-05-31T13:36:59.006858
2179,-6.2047,0,50,0.010000,0.264974,2026-05-31T13:36:59.570082
2180,-6.2320,0,50,0.010000,0.279644,2026-05-31T13:37:00.107420
2181,-6.2281,0,50,0.010000,0.288731,2026-05-31T13:37:00.647662
2182,-6.1871,0,50,0.010000,0.283432,2026-05-31T13:37:01.271277
2183,-6.2105,0,50,0.010000,0.252971,2026-05-31T13:37:01.944463
2184,-6.1695,0,50,0.010000,0.211701,2026-05-31T13:37:02.478618
2185,-6.1930,0,50,0.010000,0.241060,2026-05-31T13:37:03.018955
2186,-6.2027,0,50,0.010000,0.211314,2026-05-31T13:37:03.601152
2187,-6.0215,0,53,0.010000,0.267799,2026-05-31T13:37:04.176058
2188,-6.2203,0,50,0.010000,0.246927,2026-05-31T13:37:04.726526
2189,-6.2145,0,50,0.010000,0.244304,2026-05-31T13:37:05.316664
2190,-6.2320,0,50,0.010000,0.274589,2026-05-31T13:37:06.038713
2191,-6.1391,0,51,0.010000,0.240911,2026-05-31T13:37:06.565305
2192,-6.1773,0,50,0.010000,0.214030,2026-05-31T13:37:07.141646
2193,-6.1754,0,50,0.010000,0.280225,2026-05-31T13:37:07.678191
2194,-6.2164,0,50,0.010000,0.281270,2026-05-31T13:37:08.230624
2195,-6.2379,0,50,0.010000,0.210517,2026-05-31T13:37:08.777297
2196,-6.2438,0,50,0.010000,0.283985,2026-05-31T13:37:09.348226
2197,-6.2164,0,50,0.010000,0.330496,2026-05-31T13:37:09.889677
2198,-6.2164,0,50,0.010000,0.279030,2026-05-31T13:37:10.473420
2199,-5.8355,0,55,0.010000,0.275958,2026-05-31T13:37:11.065588
2200,-6.1910,0,50,0.010000,0.285829,2026-05-31T13:37:11.617230
2201,-6.2164,0,50,0.010000,0.269555,2026-05-31T13:37:12.184085
2202,-6.2047,0,50,0.010000,0.235031,2026-05-31T13:37:12.713182
2203,-6.2105,0,50,0.010000,0.271907,2026-05-31T13:37:13.283945
2204,-6.2047,0,50,0.010000,0.235016,2026-05-31T13:37:13.820618
2205,-6.2457,0,50,0.010000,0.222811,2026-05-31T13:37:14.359252
2206,-6.1527,0,51,0.010000,0.255485,2026-05-31T13:37:14.926766
2207,-6.2184,0,50,0.010000,0.255932,2026-05-31T13:37:15.478002
2208,-6.2320,0,50,0.010000,0.275976,2026-05-31T13:37:16.205609
2209,-6.2457,0,50,0.010000,0.276485,2026-05-31T13:37:16.959681
2210,-6.2320,0,50,0.010000,0.253298,2026-05-31T13:37:17.675937
2211,-6.2047,0,50,0.010000,0.237101,2026-05-31T13:37:18.368482
2212,-6.2457,0,50,0.010000,0.246366,2026-05-31T13:37:18.919216
2213,-6.2047,0,50,0.010000,0.294689,2026-05-31T13:37:19.736583
2214,-6.1969,0,50,0.010000,0.264347,2026-05-31T13:37:20.379472
2215,-6.2281,0,50,0.010000,0.284753,2026-05-31T13:37:20.931219
2216,-6.2457,0,50,0.010000,0.261446,2026-05-31T13:37:21.507613
2217,-6.2281,0,50,0.010000,0.267833,2026-05-31T13:37:22.082619
2218,-6.2438,0,50,0.010000,0.232278,2026-05-31T13:37:22.631613
2219,-6.2457,0,50,0.010000,0.285595,2026-05-31T13:37:23.184532
2220,-6.2184,0,50,0.010000,0.254544,2026-05-31T13:37:23.715592
2221,-6.2008,0,50,0.010000,0.270640,2026-05-31T13:37:24.251439
2222,-6.2320,0,50,0.010000,0.270156,2026-05-31T13:37:24.801976
2223,-6.2184,0,50,0.010000,0.257775,2026-05-31T13:37:25.374517
2224,-6.2320,0,50,0.010000,0.219192,2026-05-31T13:37:25.922019
2225,-6.2594,0,50,0.010000,0.265306,2026-05-31T13:37:26.466919
2226,-6.2047,0,50,0.010000,0.266421,2026-05-31T13:37:27.024299
2227,-6.2066,0,50,0.010000,0.243362,2026-05-31T13:37:27.574359
2228,-6.2184,0,50,0.010000,0.283438,2026-05-31T13:37:28.129153
2229,-6.2184,0,50,0.010000,0.231520,2026-05-31T13:37:28.698319
2230,-6.2008,0,50,0.010000,0.279085,2026-05-31T13:37:29.262836
2231,-6.2047,0,50,0.010000,0.224392,2026-05-31T13:37:29.819750
2232,-6.2594,0,50,0.010000,0.272282,2026-05-31T13:37:30.357855
2233,-6.1813,0,50,0.010000,0.292512,2026-05-31T13:37:30.910076
2234,-6.2594,0,50,0.010000,0.257185,2026-05-31T13:37:31.456756
2235,-6.2438,0,50,0.010000,0.239257,2026-05-31T13:37:32.012733
2236,-5.6145,0,57,0.010000,0.262687,2026-05-31T13:37:32.638625
2237,-6.1832,0,50,0.010000,0.257280,2026-05-31T13:37:33.206232
2238,-6.1773,0,50,0.010000,0.321647,2026-05-31T13:37:33.735681
2239,-6.2457,0,50,0.010000,0.241649,2026-05-31T13:37:34.288542
2240,-6.1637,0,50,0.010000,0.310656,2026-05-31T13:37:34.850242
2241,-6.2105,0,50,0.010000,0.261597,2026-05-31T13:37:35.389562
2242,-6.1637,0,50,0.010000,0.240273,2026-05-31T13:37:36.039645
2243,-6.2184,0,50,0.010000,0.243880,2026-05-31T13:37:36.714192
2244,-6.2008,0,50,0.010000,0.248608,2026-05-31T13:37:37.302621
2245,-6.2086,0,50,0.010000,0.279227,2026-05-31T13:37:37.816983
2246,-6.2184,0,50,0.010000,0.259939,2026-05-31T13:37:38.401633
2247,-6.1754,0,50,0.010000,0.315904,2026-05-31T13:37:38.947756
2248,-6.1773,0,50,0.010000,0.269798,2026-05-31T13:37:39.476682
2249,-6.2516,0,50,0.010000,0.280400,2026-05-31T13:37:40.029005
2250,-6.2457,0,50,0.010000,0.288022,2026-05-31T13:37:40.564493
2251,-6.1910,0,50,0.010000,0.260925,2026-05-31T13:37:41.136467
2252,-6.2594,0,50,0.010000,0.323515,2026-05-31T13:37:41.667121
2253,-6.2203,0,50,0.010000,0.281798,2026-05-31T13:37:42.242054
2254,-6.2242,0,50,0.010000,0.268498,2026-05-31T13:37:42.772763
2255,-6.1754,0,50,0.010000,0.227791,2026-05-31T13:37:43.324885
2256,-6.2320,0,50,0.010000,0.248695,2026-05-31T13:37:43.973234
2257,-6.2047,0,50,0.010000,0.257954,2026-05-31T13:37:44.574047
2258,-6.1637,0,50,0.010000,0.273163,2026-05-31T13:37:45.144622
2259,-6.2438,0,50,0.010000,0.249993,2026-05-31T13:37:45.687282
2260,-6.2457,0,50,0.010000,0.257781,2026-05-31T13:37:46.366818
2261,-7.4625,0,33,0.010000,0.295784,2026-05-31T13:37:46.826387
2262,-6.2047,0,50,0.010000,0.253308,2026-05-31T13:37:47.545856
2263,-6.2320,0,50,0.010000,0.308438,2026-05-31T13:37:48.334259
2264,-6.2027,0,50,0.010000,0.249977,2026-05-31T13:37:48.874333
2265,-6.2594,0,50,0.010000,0.273488,2026-05-31T13:37:49.486066
2266,-6.2047,0,50,0.010000,0.256361,2026-05-31T13:37:50.236497
2267,-6.2242,0,50,0.010000,0.293986,2026-05-31T13:37:50.786332
2268,-6.2125,0,50,0.010000,0.270092,2026-05-31T13:37:51.347755
2269,-6.1891,0,50,0.010000,0.263476,2026-05-31T13:37:51.873559
2270,-7.6211,0,31,0.010000,0.254205,2026-05-31T13:37:52.260338
2271,-6.2184,0,50,0.010000,0.305004,2026-05-31T13:37:52.800939
2272,-7.6211,0,31,0.010000,0.265842,2026-05-31T13:37:53.162350
2273,-6.2184,0,50,0.010000,0.281561,2026-05-31T13:37:53.701997
2274,-6.2594,0,50,0.010000,0.237524,2026-05-31T13:37:54.233180
2275,-6.2516,0,50,0.010000,0.263652,2026-05-31T13:37:54.785407
2276,-6.1910,0,50,0.010000,0.306509,2026-05-31T13:37:55.335555
2277,-6.2145,0,50,0.010000,0.324193,2026-05-31T13:37:55.877188
2278,-6.2320,0,50,0.010000,0.272622,2026-05-31T13:37:56.479292
2279,-6.2184,0,50,0.010000,0.249893,2026-05-31T13:37:57.039465
2280,-6.2047,0,50,0.010000,0.290716,2026-05-31T13:37:57.643039
2281,-6.2594,0,50,0.010000,0.276172,2026-05-31T13:37:58.187544
2282,-6.1695,0,50,0.010000,0.233083,2026-05-31T13:37:58.742003
2283,-6.2164,0,50,0.010000,0.223702,2026-05-31T13:37:59.317043
2284,-6.1871,0,50,0.010000,0.324172,2026-05-31T13:37:59.871277
2285,-6.2379,0,50,0.010000,0.257000,2026-05-31T13:38:00.462082
2286,-6.1871,0,50,0.010000,0.273244,2026-05-31T13:38:01.001573
2287,-5.9422,0,54,0.010000,0.254089,2026-05-31T13:38:01.607598
2288,-6.2320,0,50,0.010000,0.260457,2026-05-31T13:38:02.175247
2289,-6.2184,0,50,0.010000,0.278678,2026-05-31T13:38:02.711953
2290,-6.2105,0,50,0.010000,0.303308,2026-05-31T13:38:03.261378
2291,-6.1832,0,50,0.010000,0.257723,2026-05-31T13:38:03.795708
2292,-6.2164,0,50,0.010000,0.265163,2026-05-31T13:38:04.331469
2293,-6.2184,0,50,0.010000,0.270573,2026-05-31T13:38:04.861326
2294,-6.2184,0,50,0.010000,0.266650,2026-05-31T13:38:05.431849
2295,-6.2594,0,50,0.010000,0.324033,2026-05-31T13:38:06.095979
2296,-7.6211,0,31,0.010000,0.324515,2026-05-31T13:38:06.422292
2297,-6.2086,0,50,0.010000,0.260519,2026-05-31T13:38:06.961094
2298,-6.2203,0,50,0.010000,0.256099,2026-05-31T13:38:07.526426
2299,-5.9629,0,53,0.010000,0.243576,2026-05-31T13:38:08.105163
2300,-6.1637,0,50,0.010000,0.247142,2026-05-31T13:38:08.661862
2301,-6.2594,0,50,0.010000,0.297637,2026-05-31T13:38:09.233018
2302,-7.6211,0,31,0.010000,0.245121,2026-05-31T13:38:09.591171
2303,-6.2047,0,50,0.010000,0.265208,2026-05-31T13:38:10.150927
2304,-6.1813,0,50,0.010000,0.240396,2026-05-31T13:38:10.686573
2305,-6.2320,0,50,0.010000,0.210032,2026-05-31T13:38:11.219901
2306,-6.2594,0,50,0.010000,0.277773,2026-05-31T13:38:11.869291
2307,-6.2027,0,50,0.010000,0.280882,2026-05-31T13:38:12.436334
2308,-6.2516,0,50,0.010000,0.271614,2026-05-31T13:38:12.977396
2309,-6.1832,0,50,0.010000,0.265415,2026-05-31T13:38:13.560685
2310,-6.2066,0,50,0.010000,0.195964,2026-05-31T13:38:14.106574
2311,-6.2457,0,50,0.010000,0.301804,2026-05-31T13:38:14.626429
2312,-6.2594,0,50,0.010000,0.246441,2026-05-31T13:38:15.169589
2313,-5.3148,1,61,0.010000,0.235615,2026-05-31T13:38:15.815104
2314,-6.2320,0,50,0.010000,0.290335,2026-05-31T13:38:16.543293
2315,-6.2027,0,50,0.010000,0.305818,2026-05-31T13:38:17.266493
2316,-6.2320,0,50,0.010000,0.226555,2026-05-31T13:38:17.973008
2317,-6.2047,0,50,0.010000,0.239364,2026-05-31T13:38:18.601045
2318,-6.2594,0,50,0.010000,0.257392,2026-05-31T13:38:19.151811
2319,-6.0734,0,52,0.010000,0.233581,2026-05-31T13:38:20.034658
2320,-6.2184,0,50,0.010000,0.242460,2026-05-31T13:38:20.642948
2321,-6.2320,0,50,0.010000,0.288321,2026-05-31T13:38:21.233195
2322,-6.2320,0,50,0.010000,0.275601,2026-05-31T13:38:21.792424
2323,-6.2457,0,50,0.010000,0.242563,2026-05-31T13:38:22.369906
2324,-6.1891,0,50,0.010000,0.260194,2026-05-31T13:38:22.895098
2325,-6.2594,0,50,0.010000,0.267999,2026-05-31T13:38:23.445639
2326,-6.2594,0,50,0.010000,0.303785,2026-05-31T13:38:23.986345
2327,-6.2105,0,50,0.010000,0.260419,2026-05-31T13:38:24.545566
2328,-6.2438,0,50,0.010000,0.300145,2026-05-31T13:38:25.073314
2329,-6.1871,0,50,0.010000,0.227444,2026-05-31T13:38:25.659609
2330,-6.2594,0,50,0.010000,0.293695,2026-05-31T13:38:26.189827
2331,-5.3871,1,61,0.010000,0.295228,2026-05-31T13:38:26.850479
2332,-6.1910,0,50,0.010000,0.293539,2026-05-31T13:38:27.426964
2333,-6.2223,0,50,0.010000,0.341690,2026-05-31T13:38:27.952089
2334,-7.6211,0,31,0.010000,0.235259,2026-05-31T13:38:28.296242
2335,-6.2359,0,50,0.010000,0.297999,2026-05-31T13:38:28.833158
2336,-6.1637,0,50,0.010000,0.237837,2026-05-31T13:38:29.393263
2337,-6.2047,0,50,0.010000,0.274916,2026-05-31T13:38:29.973828
2338,-6.2066,0,50,0.010000,0.272261,2026-05-31T13:38:30.528910
2339,-6.2594,0,50,0.010000,0.295085,2026-05-31T13:38:31.071930
2340,-6.2145,0,50,0.010000,0.222103,2026-05-31T13:38:31.618928
2341,-6.2281,0,50,0.010000,0.234160,2026-05-31T13:38:32.188390
2342,-6.2594,0,50,0.010000,0.280723,2026-05-31T13:38:32.717933
2343,-6.2047,0,50,0.010000,0.282949,2026-05-31T13:38:33.248075
2344,-6.2125,0,50,0.010000,0.307461,2026-05-31T13:38:33.872963
2345,-6.0078,0,53,0.010000,0.220585,2026-05-31T13:38:34.465983
2346,-6.2594,0,50,0.010000,0.256133,2026-05-31T13:38:34.970805
2347,-6.2047,0,50,0.010000,0.256674,2026-05-31T13:38:35.574535
2348,-5.6496,0,57,0.010000,0.264162,2026-05-31T13:38:36.263675
2349,-6.2457,0,50,0.010000,0.274745,2026-05-31T13:38:36.802463
2350,-6.2438,0,50,0.010000,0.226701,2026-05-31T13:38:37.388183
2351,-6.2594,0,50,0.010000,0.246881,2026-05-31T13:38:37.928286
2352,-6.2594,0,50,0.010000,0.249793,2026-05-31T13:38:38.479548
2353,-6.2301,0,50,0.010000,0.250926,2026-05-31T13:38:39.017327
2354,-6.2320,0,50,0.010000,0.271343,2026-05-31T13:38:39.560658
2355,-6.2457,0,50,0.010000,0.207109,2026-05-31T13:38:40.435093
2356,-6.2457,0,50,0.010000,0.259535,2026-05-31T13:38:40.977654
2357,-6.1754,0,50,0.010000,0.250316,2026-05-31T13:38:41.549726
2358,-6.2301,0,50,0.010000,0.220869,2026-05-31T13:38:42.096760
2359,-6.2047,0,50,0.010000,0.289421,2026-05-31T13:38:42.649664
2360,-6.2320,0,50,0.010000,0.264804,2026-05-31T13:38:43.179202
2361,-6.2594,0,50,0.010000,0.285680,2026-05-31T13:38:43.727363
2362,-6.2301,0,50,0.010000,0.263519,2026-05-31T13:38:44.348387
2363,-6.1773,0,50,0.010000,0.279916,2026-05-31T13:38:44.936668
2364,-6.2457,0,50,0.010000,0.234374,2026-05-31T13:38:45.461302
2365,-6.1930,0,50,0.010000,0.307171,2026-05-31T13:38:46.080255
2366,-6.1988,0,50,0.010000,0.318197,2026-05-31T13:38:46.809226
2367,-6.2320,0,50,0.010000,0.287408,2026-05-31T13:38:47.525087
2368,-6.2184,0,50,0.010000,0.282437,2026-05-31T13:38:48.334071
2369,-6.2086,0,50,0.010000,0.255995,2026-05-31T13:38:48.890930
2370,-6.1910,0,50,0.010000,0.277642,2026-05-31T13:38:49.509163
2371,-6.2281,0,50,0.010000,0.268119,2026-05-31T13:38:50.245554
2372,-6.2008,0,50,0.010000,0.216700,2026-05-31T13:38:50.778472
2373,-6.2594,0,50,0.010000,0.188515,2026-05-31T13:38:51.310377
2374,-6.2066,0,50,0.010000,0.290201,2026-05-31T13:38:51.845877
2375,-6.2457,0,50,0.010000,0.295074,2026-05-31T13:38:52.570021
2376,-6.1773,0,50,0.010000,0.301261,2026-05-31T13:38:53.101873
2377,-6.2594,0,50,0.010000,0.270603,2026-05-31T13:38:53.670839
2378,-6.1832,0,50,0.010000,0.267312,2026-05-31T13:38:54.213000
2379,-6.2594,0,50,0.010000,0.280451,2026-05-31T13:38:54.756979
2380,-6.2242,0,50,0.010000,0.316087,2026-05-31T13:38:55.320250
2381,-6.2457,0,50,0.010000,0.258648,2026-05-31T13:38:55.845219
2382,-6.1988,0,50,0.010000,0.313097,2026-05-31T13:38:56.388094
2383,-6.2320,0,50,0.010000,0.257863,2026-05-31T13:38:56.927301
2384,-6.2594,0,50,0.010000,0.290985,2026-05-31T13:38:57.517037
2385,-5.5320,0,59,0.010000,0.298990,2026-05-31T13:38:58.151884
2386,-6.2457,0,50,0.010000,0.244427,2026-05-31T13:38:58.703646
2387,-6.1773,0,50,0.010000,0.256100,2026-05-31T13:38:59.241708
2388,-6.2125,0,50,0.010000,0.290113,2026-05-31T13:38:59.782449
2389,-6.2184,0,50,0.010000,0.297366,2026-05-31T13:39:00.409641
2390,-6.2320,0,50,0.010000,0.291008,2026-05-31T13:39:00.965774
2391,-6.2164,0,50,0.010000,0.212055,2026-05-31T13:39:01.526414
2392,-6.2184,0,50,0.010000,0.273998,2026-05-31T13:39:02.071611
2393,-6.2594,0,50,0.010000,0.311647,2026-05-31T13:39:02.637182
2394,-6.1871,0,50,0.010000,0.247178,2026-05-31T13:39:03.198885
2395,-6.2457,0,50,0.010000,0.255359,2026-05-31T13:39:03.749959
2396,-6.2125,0,50,0.010000,0.264089,2026-05-31T13:39:04.287264
2397,-6.2594,0,50,0.010000,0.287100,2026-05-31T13:39:04.857736
2398,-6.2008,0,50,0.010000,0.280585,2026-05-31T13:39:05.410272
2399,-6.1949,0,50,0.010000,0.248102,2026-05-31T13:39:06.080930
2400,-6.2184,0,50,0.010000,0.345068,2026-05-31T13:39:06.620056
2401,-6.2594,0,50,0.010000,0.243002,2026-05-31T13:39:07.181212
2402,-6.1773,0,50,0.010000,0.214873,2026-05-31T13:39:07.726841
2403,-5.9285,0,54,0.010000,0.249905,2026-05-31T13:39:08.318371
2404,-6.1773,0,50,0.010000,0.314933,2026-05-31T13:39:08.869272
2405,-6.2594,0,50,0.010000,0.289695,2026-05-31T13:39:09.404357
2406,-6.2223,0,50,0.010000,0.244426,2026-05-31T13:39:09.976403
2407,-6.1891,0,50,0.010000,0.300564,2026-05-31T13:39:10.518027
2408,-6.2125,0,50,0.010000,0.286420,2026-05-31T13:39:11.059116
2409,-6.2457,0,50,0.010000,0.259409,2026-05-31T13:39:11.604300
2410,-6.2008,0,50,0.010000,0.271050,2026-05-31T13:39:12.162215
2411,-6.1773,0,50,0.010000,0.266026,2026-05-31T13:39:12.728493
2412,-6.1930,0,50,0.010000,0.251410,2026-05-31T13:39:13.271409
2413,-6.2457,0,50,0.010000,0.232764,2026-05-31T13:39:13.838443
2414,-6.2457,0,50,0.010000,0.313441,2026-05-31T13:39:14.384217
2415,-6.2594,0,50,0.010000,0.246152,2026-05-31T13:39:14.927179
2416,-7.6211,0,31,0.010000,0.214284,2026-05-31T13:39:15.271011
2417,-6.2457,0,50,0.010000,0.330916,2026-05-31T13:39:15.810029
2418,-6.2320,0,50,0.010000,0.245348,2026-05-31T13:39:16.550554
2419,-6.1988,0,50,0.010000,0.200281,2026-05-31T13:39:17.321517
2420,-6.1891,0,50,0.010000,0.256710,2026-05-31T13:39:18.057996
2421,-6.1773,0,50,0.010000,0.265486,2026-05-31T13:39:18.676934
2422,-6.2594,0,50,0.010000,0.238078,2026-05-31T13:39:19.216233
2423,-6.2320,0,50,0.010000,0.292952,2026-05-31T13:39:20.113520
2424,-6.1910,0,50,0.010000,0.243211,2026-05-31T13:39:20.650506
2425,-6.2594,0,50,0.010000,0.217580,2026-05-31T13:39:21.198701
2426,-6.2457,0,50,0.010000,0.306296,2026-05-31T13:39:21.759035
2427,-6.2184,0,50,0.010000,0.247876,2026-05-31T13:39:22.335052
2428,-6.1871,0,50,0.010000,0.218907,2026-05-31T13:39:22.870086
2429,-6.2594,0,50,0.010000,0.288642,2026-05-31T13:39:23.411160
2430,-6.2594,0,50,0.010000,0.276460,2026-05-31T13:39:23.966679
2431,-6.2457,0,50,0.010000,0.308361,2026-05-31T13:39:24.512390
2432,-5.9031,0,54,0.010000,0.317845,2026-05-31T13:39:25.115062
2433,-6.1910,0,50,0.010000,0.263047,2026-05-31T13:39:25.660870
2434,-6.2320,0,50,0.010000,0.202422,2026-05-31T13:39:26.203003
2435,-6.2594,0,50,0.010000,0.268484,2026-05-31T13:39:26.743100
2436,-6.1871,0,50,0.010000,0.212099,2026-05-31T13:39:27.340025
2437,-6.2320,0,50,0.010000,0.278802,2026-05-31T13:39:27.880788
2438,-6.1871,0,50,0.010000,0.267854,2026-05-31T13:39:28.429768
2439,-6.2320,0,50,0.010000,0.254167,2026-05-31T13:39:28.975564
2440,-6.2066,0,50,0.010000,0.230223,2026-05-31T13:39:29.511777
2441,-6.2184,0,50,0.010000,0.223678,2026-05-31T13:39:30.072947
2442,-6.2438,0,50,0.010000,0.317843,2026-05-31T13:39:30.620551
2443,-6.1988,0,50,0.010000,0.286219,2026-05-31T13:39:31.251821
2444,-6.2457,0,50,0.010000,0.231140,2026-05-31T13:39:31.795947
2445,-6.2320,0,50,0.010000,0.269843,2026-05-31T13:39:32.358666
2446,-6.2457,0,50,0.010000,0.279330,2026-05-31T13:39:32.902207
2447,-6.2594,0,50,0.010000,0.289408,2026-05-31T13:39:33.446395
2448,-6.2184,0,50,0.010000,0.275451,2026-05-31T13:39:34.004559
2449,-6.2320,0,50,0.010000,0.279810,2026-05-31T13:39:34.534861
2450,-6.2047,0,50,0.010000,0.264884,2026-05-31T13:39:35.087185
2451,-6.1949,0,50,0.010000,0.293469,2026-05-31T13:39:35.704467
2452,-6.2242,0,50,0.010000,0.312524,2026-05-31T13:39:36.271467
2453,-6.1813,0,50,0.010000,0.274830,2026-05-31T13:39:36.811658
2454,-6.1813,0,50,0.010000,0.225460,2026-05-31T13:39:37.393158
2455,-6.1813,0,50,0.010000,0.297960,2026-05-31T13:39:37.967970
2456,-6.1637,0,50,0.010000,0.265626,2026-05-31T13:39:38.492902
2457,-6.2047,0,50,0.010000,0.207104,2026-05-31T13:39:39.072530
2458,-6.2594,0,50,0.010000,0.262559,2026-05-31T13:39:39.590327
2459,-6.1813,0,50,0.010000,0.210699,2026-05-31T13:39:40.135491
2460,-6.2086,0,50,0.010000,0.331964,2026-05-31T13:39:40.676319
2461,-6.1969,0,50,0.010000,0.261317,2026-05-31T13:39:41.227681
2462,-6.1773,0,50,0.010000,0.266167,2026-05-31T13:39:41.798631
2463,-6.1832,0,50,0.010000,0.246595,2026-05-31T13:39:42.369420
2464,-6.1910,0,50,0.010000,0.305787,2026-05-31T13:39:42.913812
2465,-6.1813,0,50,0.010000,0.313818,2026-05-31T13:39:43.472341
2466,-6.2594,0,50,0.010000,0.271894,2026-05-31T13:39:44.019281
2467,-6.1773,0,50,0.010000,0.292068,2026-05-31T13:39:44.722365
2468,-6.2184,0,50,0.010000,0.308149,2026-05-31T13:39:45.284528
2469,-6.2438,0,50,0.010000,0.287008,2026-05-31T13:39:46.018836
2470,-5.8875,0,54,0.010000,0.231002,2026-05-31T13:39:46.768362
2471,-6.2086,0,50,0.010000,0.269839,2026-05-31T13:39:47.515568
2472,-6.1754,0,50,0.010000,0.211608,2026-05-31T13:39:48.365944
2473,-6.2457,0,50,0.010000,0.333603,2026-05-31T13:39:48.987054
2474,-6.8750,0,41,0.010000,0.323605,2026-05-31T13:39:49.442419
2475,-6.2320,0,50,0.010000,0.218844,2026-05-31T13:39:50.217993
2476,-6.1910,0,50,0.010000,0.281530,2026-05-31T13:39:50.775838
2477,-6.2008,0,50,0.010000,0.259496,2026-05-31T13:39:51.319776
2478,-6.2125,0,50,0.010000,0.282462,2026-05-31T13:39:51.894408
2479,-6.2184,0,50,0.010000,0.267011,2026-05-31T13:39:52.449429
2480,-6.2320,0,50,0.010000,0.305360,2026-05-31T13:39:52.990650
2481,-6.1813,0,50,0.010000,0.282550,2026-05-31T13:39:53.534709
2482,-6.2320,0,50,0.010000,0.279374,2026-05-31T13:39:54.115692
2483,-6.2105,0,50,0.010000,0.300411,2026-05-31T13:39:54.635802
2484,-5.5320,0,59,0.010000,0.306840,2026-05-31T13:39:55.287734
2485,-6.2203,0,50,0.010000,0.323801,2026-05-31T13:39:55.839692
2486,-6.2008,0,50,0.010000,0.217095,2026-05-31T13:39:56.380873
2487,-6.2594,0,50,0.010000,0.295417,2026-05-31T13:39:56.929176
2488,-6.2223,0,50,0.010000,0.247723,2026-05-31T13:39:57.497013
2489,-6.1695,0,50,0.010000,0.263323,2026-05-31T13:39:58.078161
2490,-6.2242,0,50,0.010000,0.262841,2026-05-31T13:39:58.615131
2491,-6.2320,0,50,0.010000,0.248184,2026-05-31T13:39:59.158343
2492,-6.1930,0,50,0.010000,0.227527,2026-05-31T13:39:59.717055
2493,-6.2457,0,50,0.010000,0.264284,2026-05-31T13:40:00.276039
2494,4.6922,1,62,0.010000,0.243074,2026-05-31T13:40:00.961104
2495,-6.2438,0,50,0.010000,0.257469,2026-05-31T13:40:01.506540
2496,-6.1813,0,50,0.010000,0.303344,2026-05-31T13:40:02.073259
2497,-6.2516,0,50,0.010000,0.257146,2026-05-31T13:40:02.630230
2498,-6.1871,0,50,0.010000,0.222658,2026-05-31T13:40:03.180428
2499,-6.2184,0,50,0.010000,0.286664,2026-05-31T13:40:03.735328
2500,-6.2457,0,50,0.010000,0.256568,2026-05-31T13:40:04.315210
2501,-6.1813,0,50,0.010000,0.237046,2026-05-31T13:40:04.873842
2502,-6.2242,0,50,0.010000,0.249115,2026-05-31T13:40:05.433531
2503,-6.2594,0,50,0.010000,0.255307,2026-05-31T13:40:06.111880
2504,-6.1949,0,50,0.010000,0.244987,2026-05-31T13:40:06.630009
2505,-6.2008,0,50,0.010000,0.227171,2026-05-31T13:40:07.163066
2506,-6.1813,0,50,0.010000,0.244284,2026-05-31T13:40:07.716067
2507,-6.1871,0,50,0.010000,0.258995,2026-05-31T13:40:08.259187
2508,-6.2438,0,50,0.010000,0.303153,2026-05-31T13:40:08.801444
2509,-6.1910,0,50,0.010000,0.327807,2026-05-31T13:40:09.471241
2510,-6.2457,0,50,0.010000,0.239406,2026-05-31T13:40:10.018761
2511,-6.2301,0,50,0.010000,0.279519,2026-05-31T13:40:10.548369
2512,-6.2184,0,50,0.010000,0.262792,2026-05-31T13:40:11.107751
2513,-6.1695,0,50,0.010000,0.279536,2026-05-31T13:40:11.655186
2514,-6.2125,0,50,0.010000,0.240076,2026-05-31T13:40:12.213333
2515,-6.2594,0,50,0.010000,0.269162,2026-05-31T13:40:12.758140
2516,-6.2594,0,50,0.010000,0.264651,2026-05-31T13:40:13.302724
2517,-6.2594,0,50,0.010000,0.295318,2026-05-31T13:40:13.852116
2518,-6.1754,0,50,0.010000,0.254925,2026-05-31T13:40:14.432398
2519,-6.2320,0,50,0.010000,0.283131,2026-05-31T13:40:14.974791
2520,-6.2047,0,50,0.010000,0.252772,2026-05-31T13:40:15.519897
2521,-6.2086,0,50,0.010000,0.241816,2026-05-31T13:40:16.178517
2522,-6.0773,0,52,0.010000,0.296002,2026-05-31T13:40:16.905454
2523,-6.2457,0,50,0.010000,0.223927,2026-05-31T13:40:17.614716
2524,-6.2516,0,50,0.010000,0.257600,2026-05-31T13:40:18.347685
2525,-6.2301,0,50,0.010000,0.305237,2026-05-31T13:40:18.877948
2526,-6.2320,0,50,0.010000,0.273320,2026-05-31T13:40:19.521447
2527,-6.1910,0,50,0.010000,0.226265,2026-05-31T13:40:20.328248
2528,-6.2008,0,50,0.010000,0.262900,2026-05-31T13:40:20.908114
2529,-6.2164,0,50,0.010000,0.292340,2026-05-31T13:40:21.451198
2530,-6.2164,0,50,0.010000,0.309661,2026-05-31T13:40:21.993054
2531,-6.2223,0,50,0.010000,0.268363,2026-05-31T13:40:22.585684
2532,-6.2457,0,50,0.010000,0.263952,2026-05-31T13:40:23.140613
2533,-6.1988,0,50,0.010000,0.212667,2026-05-31T13:40:23.687209
2534,-6.2320,0,50,0.010000,0.286650,2026-05-31T13:40:24.242653
2535,-6.2184,0,50,0.010000,0.236617,2026-05-31T13:40:24.797330
2536,-6.2047,0,50,0.010000,0.249638,2026-05-31T13:40:25.338562
2537,-6.2105,0,50,0.010000,0.260491,2026-05-31T13:40:25.876220
2538,-6.2047,0,50,0.010000,0.229210,2026-05-31T13:40:26.455663
2539,-6.2594,0,50,0.010000,0.266876,2026-05-31T13:40:26.990614
2540,-6.2359,0,50,0.010000,0.317908,2026-05-31T13:40:27.562409
2541,-6.2594,0,50,0.010000,0.189118,2026-05-31T13:40:28.095530
2542,-6.2047,0,50,0.010000,0.303171,2026-05-31T13:40:28.634051
2543,-6.2242,0,50,0.010000,0.291458,2026-05-31T13:40:29.184129
2544,-6.2594,0,50,0.010000,0.314174,2026-05-31T13:40:29.733982
2545,-6.1949,0,50,0.010000,0.239467,2026-05-31T13:40:30.349988
2546,-6.2320,0,50,0.010000,0.286973,2026-05-31T13:40:30.890775
2547,-6.1871,0,50,0.010000,0.229472,2026-05-31T13:40:31.444021
2548,-6.1773,0,50,0.010000,0.253264,2026-05-31T13:40:31.982021
2549,-6.2594,0,50,0.010000,0.261692,2026-05-31T13:40:32.551602
2550,-6.2105,0,50,0.010000,0.278354,2026-05-31T13:40:33.078012
2551,-6.1754,0,50,0.010000,0.196856,2026-05-31T13:40:33.694164
2552,-6.1695,0,50,0.010000,0.233527,2026-05-31T13:40:34.261806
2553,-6.1801,0,51,0.010000,0.304678,2026-05-31T13:40:34.809275
2554,-6.2457,0,50,0.010000,0.227459,2026-05-31T13:40:35.361225
2555,-6.2184,0,50,0.010000,0.305284,2026-05-31T13:40:36.025790
2556,-6.1773,0,50,0.010000,0.273232,2026-05-31T13:40:36.550137
2557,-6.2047,0,50,0.010000,0.227166,2026-05-31T13:40:37.093589
2558,-6.1773,0,50,0.010000,0.248091,2026-05-31T13:40:37.658331
2559,-6.1773,0,50,0.010000,0.306183,2026-05-31T13:40:38.208697
2560,-6.2320,0,50,0.010000,0.199731,2026-05-31T13:40:38.745057
2561,5.1023,1,67,0.010000,0.201945,2026-05-31T13:40:39.487341
2562,-6.2594,0,50,0.010000,0.325316,2026-05-31T13:40:40.034250
2563,-6.1949,0,50,0.010000,0.238439,2026-05-31T13:40:40.617697
2564,-6.2008,0,50,0.010000,0.282056,2026-05-31T13:40:41.155368
2565,-6.1930,0,50,0.010000,0.258829,2026-05-31T13:40:41.700529
2566,-5.6516,0,57,0.010000,0.267452,2026-05-31T13:40:42.362748
2567,-6.1832,0,50,0.010000,0.276480,2026-05-31T13:40:42.887824
2568,-6.1949,0,50,0.010000,0.259619,2026-05-31T13:40:43.448248
2569,-6.2047,0,50,0.010000,0.280217,2026-05-31T13:40:43.989418
2570,-6.1949,0,50,0.010000,0.290178,2026-05-31T13:40:44.662144
2571,-6.1695,0,50,0.010000,0.217835,2026-05-31T13:40:45.254490
2572,-6.2086,0,50,0.010000,0.183810,2026-05-31T13:40:45.806606
2573,-6.2184,0,50,0.010000,0.301361,2026-05-31T13:40:46.733541
2574,-6.1871,0,50,0.010000,0.262205,2026-05-31T13:40:47.491784
2575,-6.2594,0,50,0.010000,0.266303,2026-05-31T13:40:48.615056
2576,-6.1910,0,50,0.010000,0.241378,2026-05-31T13:40:49.851481
2577,-6.2184,0,50,0.010000,0.252516,2026-05-31T13:40:51.156286
2578,-7.6211,0,31,0.010000,0.279612,2026-05-31T13:40:51.791772
2579,-6.2066,0,50,0.010000,0.254113,2026-05-31T13:40:52.399470
2580,-6.2594,0,50,0.010000,0.259098,2026-05-31T13:40:52.938937
2581,-6.2184,0,50,0.010000,0.282890,2026-05-31T13:40:53.483868
2582,-6.2457,0,50,0.010000,0.255731,2026-05-31T13:40:54.032814
2583,-6.2301,0,50,0.010000,0.252688,2026-05-31T13:40:54.604462
2584,-6.2594,0,50,0.010000,0.282601,2026-05-31T13:40:55.144550
2585,-6.2457,0,50,0.010000,0.268381,2026-05-31T13:40:55.684234
2586,-6.2320,0,50,0.010000,0.242491,2026-05-31T13:40:56.280798
2587,-6.2457,0,50,0.010000,0.266214,2026-05-31T13:40:56.866063
2588,-6.2047,0,50,0.010000,0.263511,2026-05-31T13:40:57.432865
2589,-6.2027,0,50,0.010000,0.260985,2026-05-31T13:40:57.975945
2590,-6.2457,0,50,0.010000,0.280967,2026-05-31T13:40:58.534792
2591,-6.2457,0,50,0.010000,0.278831,2026-05-31T13:40:59.069892
2592,-6.2125,0,50,0.010000,0.320663,2026-05-31T13:40:59.642128
2593,-6.2594,0,50,0.010000,0.281929,2026-05-31T13:41:00.181330
2594,-6.2223,0,50,0.010000,0.250193,2026-05-31T13:41:00.723730
2595,-6.2320,0,50,0.010000,0.311383,2026-05-31T13:41:01.270253
2596,-6.2203,0,50,0.010000,0.275670,2026-05-31T13:41:01.804601
2597,-6.2125,0,50,0.010000,0.260810,2026-05-31T13:41:02.414772
2598,-6.1871,0,50,0.010000,0.286937,2026-05-31T13:41:02.947364
2599,-6.1910,0,50,0.010000,0.255869,2026-05-31T13:41:03.497206
2600,-6.2594,0,50,0.010000,0.238956,2026-05-31T13:41:04.089562
2601,-6.1773,0,50,0.010000,0.222537,2026-05-31T13:41:04.632328
2602,-6.2457,0,50,0.010000,0.226592,2026-05-31T13:41:05.256666
2603,-6.2242,0,50,0.010000,0.226624,2026-05-31T13:41:05.894008
2604,-6.2320,0,50,0.010000,0.275112,2026-05-31T13:41:06.556748
2605,-6.1988,0,50,0.010000,0.240056,2026-05-31T13:41:07.718228
2606,-6.1910,0,50,0.010000,0.296577,2026-05-31T13:41:08.560584
2607,-6.1637,0,50,0.010000,0.260849,2026-05-31T13:41:09.554907
2608,-5.6633,0,57,0.010000,0.242521,2026-05-31T13:41:10.749859
2609,-6.2125,0,50,0.010000,0.188213,2026-05-31T13:41:11.604945
2610,-6.1891,0,50,0.010000,0.220124,2026-05-31T13:41:12.177875
2611,-6.1949,0,50,0.010000,0.280597,2026-05-31T13:41:12.801427
2612,-6.2594,0,50,0.010000,0.246931,2026-05-31T13:41:13.408930
2613,-6.2594,0,50,0.010000,0.257357,2026-05-31T13:41:14.023775
2614,-6.2594,0,50,0.010000,0.260137,2026-05-31T13:41:14.642366
2615,-6.2086,0,50,0.010000,0.259412,2026-05-31T13:41:15.242446
2616,-6.2438,0,50,0.010000,0.290905,2026-05-31T13:41:15.845741
2617,-6.2457,0,50,0.010000,0.280842,2026-05-31T13:41:16.734899
2618,-6.2320,0,50,0.010000,0.217780,2026-05-31T13:41:17.575271
2619,-6.2359,0,50,0.010000,0.306267,2026-05-31T13:41:18.719363
2620,-6.1254,0,51,0.010000,0.267760,2026-05-31T13:41:19.647662
2621,-6.2594,0,50,0.010000,0.226606,2026-05-31T13:41:20.617968
2622,-6.1813,0,50,0.010000,0.324823,2026-05-31T13:41:21.237671
2623,-6.2594,0,50,0.010000,0.245326,2026-05-31T13:41:21.858943
2624,-6.2594,0,50,0.010000,0.245179,2026-05-31T13:41:22.506338
2625,-6.2320,0,50,0.010000,0.216280,2026-05-31T13:41:23.102209
2626,-6.1754,0,50,0.010000,0.267994,2026-05-31T13:41:23.711650
2627,4.9055,1,64,0.010000,0.289522,2026-05-31T13:41:24.491235
2628,-5.8492,0,55,0.010000,0.297661,2026-05-31T13:41:25.179383
2629,-6.2320,0,50,0.010000,0.299340,2026-05-31T13:41:25.766204
2630,-6.2184,0,50,0.010000,0.246922,2026-05-31T13:41:26.666296
2631,-6.2320,0,50,0.010000,0.290851,2026-05-31T13:41:27.326058
2632,-6.2242,0,50,0.010000,0.289529,2026-05-31T13:41:27.968935
2633,-6.2457,0,50,0.010000,0.201811,2026-05-31T13:41:28.568004
2634,-6.1988,0,50,0.010000,0.295691,2026-05-31T13:41:29.151573
2635,-6.2320,0,50,0.010000,0.291005,2026-05-31T13:41:29.745497
2636,-5.6250,0,58,0.010000,0.192576,2026-05-31T13:41:30.438960
2637,-6.2145,0,50,0.010000,0.242444,2026-05-31T13:41:31.030504
2638,-6.1969,0,50,0.010000,0.271566,2026-05-31T13:41:31.650871
2639,-6.1695,0,50,0.010000,0.211421,2026-05-31T13:41:32.506446
2640,-6.1969,0,50,0.010000,0.248537,2026-05-31T13:41:33.546494
2641,-6.2594,0,50,0.010000,0.253593,2026-05-31T13:41:34.260478
2642,-6.1910,0,50,0.010000,0.230861,2026-05-31T13:41:34.882471
2643,-6.1891,0,50,0.010000,0.213198,2026-05-31T13:41:35.511298
2644,-6.1773,0,50,0.010000,0.265042,2026-05-31T13:41:36.241390
2645,-6.2047,0,50,0.010000,0.283198,2026-05-31T13:41:36.838788
2646,-6.2281,0,50,0.010000,0.242981,2026-05-31T13:41:37.463621
2647,-6.2457,0,50,0.010000,0.290175,2026-05-31T13:41:38.077790
2648,-7.6211,0,31,0.010000,0.246592,2026-05-31T13:41:38.446022
2649,-6.2457,0,50,0.010000,0.232477,2026-05-31T13:41:39.054028
2650,-6.2457,0,50,0.010000,0.217310,2026-05-31T13:41:39.860356
2651,-6.2516,0,50,0.010000,0.280932,2026-05-31T13:41:40.730954
2652,-6.1695,0,50,0.010000,0.229878,2026-05-31T13:41:41.305297
2653,-6.2047,0,50,0.010000,0.261846,2026-05-31T13:41:41.859566
2654,-6.2594,0,50,0.010000,0.198366,2026-05-31T13:41:42.412835
2655,-6.1969,0,50,0.010000,0.178166,2026-05-31T13:41:42.971049
2656,-6.1637,0,50,0.010000,0.219645,2026-05-31T13:41:43.517216
2657,-6.2105,0,50,0.010000,0.225002,2026-05-31T13:41:44.084160
2658,-6.2184,0,50,0.010000,0.250101,2026-05-31T13:41:44.637588
2659,-6.2457,0,50,0.010000,0.257612,2026-05-31T13:41:45.261473
2660,-6.1910,0,50,0.010000,0.313879,2026-05-31T13:41:45.879007
2661,-5.5625,0,58,0.010000,0.258551,2026-05-31T13:41:46.732917
2662,-6.2594,0,50,0.010000,0.316270,2026-05-31T13:41:47.442183
2663,-6.1930,0,50,0.010000,0.336855,2026-05-31T13:41:48.220069
2664,-6.2457,0,50,0.010000,0.284655,2026-05-31T13:41:48.802978
2665,-6.1910,0,50,0.010000,0.309869,2026-05-31T13:41:49.388502
2666,-6.2457,0,50,0.010000,0.214910,2026-05-31T13:41:50.221651
2667,-6.2457,0,50,0.010000,0.261498,2026-05-31T13:41:50.749365
2668,-6.2594,0,50,0.010000,0.268167,2026-05-31T13:41:51.316853
2669,-6.2457,0,50,0.010000,0.271473,2026-05-31T13:41:51.890854
2670,-6.1695,0,50,0.010000,0.216235,2026-05-31T13:41:52.444761
2671,-6.1637,0,50,0.010000,0.318709,2026-05-31T13:41:52.992117
2672,-6.2594,0,50,0.010000,0.224681,2026-05-31T13:41:53.551329
2673,-6.2008,0,50,0.010000,0.260850,2026-05-31T13:41:54.110697
2674,-6.1813,0,50,0.010000,0.228484,2026-05-31T13:41:54.656243
2675,-6.1695,0,50,0.010000,0.317544,2026-05-31T13:41:55.233769
2676,-6.1949,0,50,0.010000,0.274590,2026-05-31T13:41:55.791884
2677,-6.1773,0,50,0.010000,0.196069,2026-05-31T13:41:56.341310
2678,-6.2320,0,50,0.010000,0.249978,2026-05-31T13:41:56.915646
2679,-6.2457,0,50,0.010000,0.257190,2026-05-31T13:41:57.450348
2680,-6.2301,0,50,0.010000,0.284494,2026-05-31T13:41:57.996141
2681,-6.2457,0,50,0.010000,0.291682,2026-05-31T13:41:58.538134
2682,-6.2047,0,50,0.010000,0.270510,2026-05-31T13:41:59.074649
2683,-6.2438,0,50,0.010000,0.305583,2026-05-31T13:41:59.597736
2684,-6.2594,0,50,0.010000,0.290286,2026-05-31T13:42:00.167608
2685,-6.2184,0,50,0.010000,0.277144,2026-05-31T13:42:00.722139
2686,-5.7836,0,56,0.010000,0.286857,2026-05-31T13:42:01.451842
2687,-6.2320,0,50,0.010000,0.275169,2026-05-31T13:42:02.070109
2688,-6.2320,0,50,0.010000,0.298583,2026-05-31T13:42:02.742668
2689,-6.2438,0,50,0.010000,0.238471,2026-05-31T13:42:03.274454
2690,-6.2594,0,50,0.010000,0.303918,2026-05-31T13:42:03.842386
2691,-6.1754,0,50,0.010000,0.308168,2026-05-31T13:42:04.374854
2692,-6.2242,0,50,0.010000,0.241731,2026-05-31T13:42:04.918804
2693,-6.0734,0,52,0.010000,0.267543,2026-05-31T13:42:05.527759
2694,-6.2164,0,50,0.010000,0.307639,2026-05-31T13:42:06.116271
2695,-6.2105,0,50,0.010000,0.325186,2026-05-31T13:42:06.648339
2696,-6.1969,0,50,0.010000,0.285146,2026-05-31T13:42:07.219547
2697,-6.1910,0,50,0.010000,0.253569,2026-05-31T13:42:07.814733
2698,-6.2184,0,50,0.010000,0.280106,2026-05-31T13:42:08.350193
2699,-6.1754,0,50,0.010000,0.258833,2026-05-31T13:42:08.893364
2700,-5.6906,0,57,0.010000,0.260328,2026-05-31T13:42:09.492030
2701,-6.2320,0,50,0.010000,0.254075,2026-05-31T13:42:10.051498
2702,-6.2320,0,50,0.010000,0.272323,2026-05-31T13:42:10.584002
2703,-6.2184,0,50,0.010000,0.273255,2026-05-31T13:42:11.127449
2704,-6.1910,0,50,0.010000,0.237918,2026-05-31T13:42:11.674671
2705,-6.2184,0,50,0.010000,0.225750,2026-05-31T13:42:12.266378
2706,-6.1695,0,50,0.010000,0.257577,2026-05-31T13:42:12.949567
2707,-6.1969,0,50,0.010000,0.227241,2026-05-31T13:42:13.491756
2708,-6.2594,0,50,0.010000,0.269464,2026-05-31T13:42:14.043284
2709,-5.6113,0,58,0.010000,0.250052,2026-05-31T13:42:14.658326
2710,-6.2184,0,50,0.010000,0.218279,2026-05-31T13:42:15.216665
2711,-6.2047,0,50,0.010000,0.252698,2026-05-31T13:42:15.744870
2712,-6.2047,0,50,0.010000,0.263547,2026-05-31T13:42:16.573738
2713,-6.1813,0,50,0.010000,0.287427,2026-05-31T13:42:17.266149
2714,-5.9285,0,54,0.010000,0.263287,2026-05-31T13:42:18.041559
2715,-6.2594,0,50,0.010000,0.262123,2026-05-31T13:42:18.645626
2716,-5.7836,0,56,0.010000,0.283242,2026-05-31T13:42:19.255090
2717,-6.2457,0,50,0.010000,0.289048,2026-05-31T13:42:20.155977
2718,-6.2184,0,50,0.010000,0.276823,2026-05-31T13:42:20.698233
2719,-6.2457,0,50,0.010000,0.272883,2026-05-31T13:42:21.262337
2720,-6.2047,0,50,0.010000,0.239247,2026-05-31T13:42:21.804549
2721,-6.2594,0,50,0.010000,0.327503,2026-05-31T13:42:22.348221
2722,-7.6211,0,31,0.010000,0.280849,2026-05-31T13:42:22.727539
2723,-6.2379,0,50,0.010000,0.264958,2026-05-31T13:42:23.273933
2724,-6.1949,0,50,0.010000,0.257353,2026-05-31T13:42:23.809986
2725,-6.2594,0,50,0.010000,0.205775,2026-05-31T13:42:24.366581
2726,-6.1637,0,50,0.010000,0.231281,2026-05-31T13:42:24.911796
2727,-6.2457,0,50,0.010000,0.240516,2026-05-31T13:42:25.450196
2728,-5.6770,0,57,0.010000,0.219259,2026-05-31T13:42:26.074193
2729,-6.2594,0,50,0.010000,0.235448,2026-05-31T13:42:26.610513
2730,-5.5430,0,58,0.010000,0.262945,2026-05-31T13:42:27.259915
2731,-6.1754,0,50,0.010000,0.221143,2026-05-31T13:42:27.833026
2732,-6.2047,0,50,0.010000,0.273431,2026-05-31T13:42:28.393029
2733,-6.1773,0,50,0.010000,0.246220,2026-05-31T13:42:28.928135
2734,-6.1832,0,50,0.010000,0.266970,2026-05-31T13:42:29.464794
2735,-6.2320,0,50,0.010000,0.217869,2026-05-31T13:42:30.011304
2736,-6.2438,0,50,0.010000,0.263942,2026-05-31T13:42:30.538959
2737,-6.2379,0,50,0.010000,0.255451,2026-05-31T13:42:31.088104
2738,-6.2594,0,50,0.010000,0.265781,2026-05-31T13:42:31.628406
2739,-6.1773,0,50,0.010000,0.199430,2026-05-31T13:42:32.199691
2740,-6.2047,0,50,0.010000,0.287538,2026-05-31T13:42:32.766926
2741,-6.2516,0,50,0.010000,0.242844,2026-05-31T13:42:33.292985
2742,-6.2320,0,50,0.010000,0.209506,2026-05-31T13:42:33.877300
2743,-5.8355,0,55,0.010000,0.200361,2026-05-31T13:42:34.470462
2744,-6.2320,0,50,0.010000,0.284831,2026-05-31T13:42:35.020632
2745,-6.1754,0,50,0.010000,0.302666,2026-05-31T13:42:35.593349
2746,-6.2184,0,50,0.010000,0.279120,2026-05-31T13:42:36.223116
2747,-6.2066,0,50,0.010000,0.298800,2026-05-31T13:42:36.749818
2748,-6.1910,0,50,0.010000,0.306071,2026-05-31T13:42:37.328240
2749,-6.2516,0,50,0.010000,0.260472,2026-05-31T13:42:37.884288
2750,-6.0844,0,51,0.010000,0.257794,2026-05-31T13:42:38.447680
2751,-6.2184,0,50,0.010000,0.311067,2026-05-31T13:42:38.994846
2752,-6.2594,0,50,0.010000,0.235013,2026-05-31T13:42:39.546759
2753,-6.1813,0,50,0.010000,0.241230,2026-05-31T13:42:40.156877
2754,-6.1910,0,50,0.010000,0.230211,2026-05-31T13:42:40.685923
2755,-6.2145,0,50,0.010000,0.253687,2026-05-31T13:42:41.220859
2756,-7.3039,0,35,0.010000,0.264129,2026-05-31T13:42:41.615593
2757,-6.2457,0,50,0.010000,0.322305,2026-05-31T13:42:42.151402
2758,-6.2457,0,50,0.010000,0.239939,2026-05-31T13:42:42.711246
2759,-6.2184,0,50,0.010000,0.229313,2026-05-31T13:42:43.256064
2760,-6.2184,0,50,0.010000,0.328656,2026-05-31T13:42:43.788313
2761,-5.9668,0,53,0.010000,0.244317,2026-05-31T13:42:44.400083
2762,-6.2105,0,50,0.010000,0.283981,2026-05-31T13:42:44.934523
2763,-6.1988,0,50,0.010000,0.288282,2026-05-31T13:42:45.550457
2764,-6.1910,0,50,0.010000,0.245269,2026-05-31T13:42:46.221186
2765,-7.6211,0,31,0.010000,0.250001,2026-05-31T13:42:46.646273
2766,-6.2184,0,50,0.010000,0.277661,2026-05-31T13:42:47.398447
2767,-6.2594,0,50,0.010000,0.315811,2026-05-31T13:42:48.145842
2768,-6.2594,0,50,0.010000,0.237210,2026-05-31T13:42:48.724093
2769,-6.1988,0,50,0.010000,0.208944,2026-05-31T13:42:49.291034
2770,-6.2457,0,50,0.010000,0.284776,2026-05-31T13:42:50.072922
2771,-6.2320,0,50,0.010000,0.234760,2026-05-31T13:42:50.724157
2772,-6.2320,0,50,0.010000,0.291288,2026-05-31T13:42:51.273417
2773,-6.2379,0,50,0.010000,0.264411,2026-05-31T13:42:51.797965
2774,-6.1773,0,50,0.010000,0.214857,2026-05-31T13:42:52.387038
2775,-7.6211,0,31,0.010000,0.246740,2026-05-31T13:42:52.738711
2776,-6.1930,0,50,0.010000,0.299892,2026-05-31T13:42:53.285247
2777,-6.2066,0,50,0.010000,0.305977,2026-05-31T13:42:53.818706
2778,-6.1813,0,50,0.010000,0.248564,2026-05-31T13:42:54.360466
2779,-6.2184,0,50,0.010000,0.274840,2026-05-31T13:42:54.901911
2780,-6.1949,0,50,0.010000,0.253895,2026-05-31T13:42:55.446791
2781,-6.1891,0,50,0.010000,0.295712,2026-05-31T13:42:56.004693
2782,-6.2320,0,50,0.010000,0.251853,2026-05-31T13:42:56.577212
2783,-6.1930,0,50,0.010000,0.278920,2026-05-31T13:42:57.121438
2784,-6.2066,0,50,0.010000,0.263651,2026-05-31T13:42:57.704547
2785,-6.1773,0,50,0.010000,0.278861,2026-05-31T13:42:58.274122
2786,-6.1910,0,50,0.010000,0.315869,2026-05-31T13:42:58.818183
2787,-6.1754,0,50,0.010000,0.261512,2026-05-31T13:42:59.372347
2788,-6.1949,0,50,0.010000,0.271651,2026-05-31T13:42:59.898594
2789,-6.2359,0,50,0.010000,0.245060,2026-05-31T13:43:00.477390
2790,-6.2047,0,50,0.010000,0.243657,2026-05-31T13:43:01.011047
2791,-6.2281,0,50,0.010000,0.269645,2026-05-31T13:43:01.537556
2792,-6.2457,0,50,0.010000,0.279687,2026-05-31T13:43:02.094711
2793,-6.2066,0,50,0.010000,0.226592,2026-05-31T13:43:02.675792
2794,-6.1871,0,50,0.010000,0.300332,2026-05-31T13:43:03.208537
2795,-6.9332,0,40,0.010000,0.268529,2026-05-31T13:43:03.636789
2796,-6.2379,0,50,0.010000,0.298046,2026-05-31T13:43:04.192549
2797,-6.2594,0,50,0.010000,0.327871,2026-05-31T13:43:04.755336
2798,-6.2457,0,50,0.010000,0.259119,2026-05-31T13:43:05.334867
2799,-6.1891,0,50,0.010000,0.311658,2026-05-31T13:43:05.947552
2800,-5.6250,0,58,0.010000,0.256351,2026-05-31T13:43:06.580752
2801,-6.2027,0,50,0.010000,0.248611,2026-05-31T13:43:07.126125
2802,-6.2457,0,50,0.010000,0.272797,2026-05-31T13:43:07.697280
2803,-6.1773,0,50,0.010000,0.282555,2026-05-31T13:43:08.281030
2804,-7.6211,0,31,0.010000,0.278159,2026-05-31T13:43:08.640391
2805,-6.1695,0,50,0.010000,0.272871,2026-05-31T13:43:09.174492
2806,-6.2594,0,50,0.010000,0.257083,2026-05-31T13:43:09.706103
2807,-6.2184,0,50,0.010000,0.221737,2026-05-31T13:43:10.263283
2808,-6.2184,0,50,0.010000,0.224174,2026-05-31T13:43:10.797685
2809,-6.2594,0,50,0.010000,0.328519,2026-05-31T13:43:11.352511
2810,-6.2457,0,50,0.010000,0.202130,2026-05-31T13:43:11.876394
2811,-6.1891,0,50,0.010000,0.177766,2026-05-31T13:43:12.466466
2812,-6.2320,0,50,0.010000,0.287535,2026-05-31T13:43:13.013317
2813,-6.2457,0,50,0.010000,0.218942,2026-05-31T13:43:13.558829
2814,-5.9422,0,54,0.010000,0.274059,2026-05-31T13:43:14.146387
2815,-6.2359,0,50,0.010000,0.268012,2026-05-31T13:43:14.684484
2816,-6.2594,0,50,0.010000,0.255354,2026-05-31T13:43:15.253957
2817,-6.1910,0,50,0.010000,0.278570,2026-05-31T13:43:15.780482
2818,-6.2008,0,50,0.010000,0.236357,2026-05-31T13:43:16.579826
2819,-6.2320,0,50,0.010000,0.287741,2026-05-31T13:43:17.281029
2820,-6.2594,0,50,0.010000,0.234603,2026-05-31T13:43:18.001665
2821,-6.2203,0,50,0.010000,0.346909,2026-05-31T13:43:18.662978
2822,-6.2027,0,50,0.010000,0.279528,2026-05-31T13:43:19.211466
2823,-6.2047,0,50,0.010000,0.278885,2026-05-31T13:43:19.988381
2824,-6.2516,0,50,0.010000,0.231151,2026-05-31T13:43:20.557951
2825,-6.2594,0,50,0.010000,0.221156,2026-05-31T13:43:21.134972
2826,-6.2320,0,50,0.010000,0.250674,2026-05-31T13:43:21.668783
2827,-6.2359,0,50,0.010000,0.267151,2026-05-31T13:43:22.197098
2828,-6.2242,0,50,0.010000,0.272728,2026-05-31T13:43:22.761127
2829,-6.2145,0,50,0.010000,0.283658,2026-05-31T13:43:23.316173
2830,6.5246,1,86,0.010000,0.271210,2026-05-31T13:43:24.233213
2831,-6.2047,0,50,0.010000,0.241781,2026-05-31T13:43:24.778158
2832,-6.2320,0,50,0.010000,0.246919,2026-05-31T13:43:25.321488
2833,-6.2457,0,50,0.010000,0.268065,2026-05-31T13:43:25.859811
2834,-6.1969,0,50,0.010000,0.289784,2026-05-31T13:43:26.415612
2835,-6.1637,0,50,0.010000,0.221169,2026-05-31T13:43:26.950215
2836,-6.2301,0,50,0.010000,0.213393,2026-05-31T13:43:27.523073
2837,-6.1637,0,50,0.010000,0.226193,2026-05-31T13:43:28.189258
2838,-6.2184,0,50,0.010000,0.250498,2026-05-31T13:43:28.754194
2839,-6.2594,0,50,0.010000,0.276814,2026-05-31T13:43:29.301417
2840,-6.1910,0,50,0.010000,0.279950,2026-05-31T13:43:29.837118
2841,-6.2594,0,50,0.010000,0.294881,2026-05-31T13:43:30.404043
2842,-6.2594,0,50,0.010000,0.273536,2026-05-31T13:43:30.936630
2843,-6.2320,0,50,0.010000,0.278671,2026-05-31T13:43:31.473703
2844,-6.2184,0,50,0.010000,0.261979,2026-05-31T13:43:32.016210
2845,-6.2438,0,50,0.010000,0.272547,2026-05-31T13:43:32.603567
2846,-6.2125,0,50,0.010000,0.274130,2026-05-31T13:43:33.143985
2847,-6.2594,0,50,0.010000,0.294322,2026-05-31T13:43:33.683097
2848,-6.2594,0,50,0.010000,0.259968,2026-05-31T13:43:34.230450
2849,-6.1637,0,50,0.010000,0.250720,2026-05-31T13:43:34.763299
2850,-6.2047,0,50,0.010000,0.268402,2026-05-31T13:43:35.321952
2851,-6.1910,0,50,0.010000,0.208475,2026-05-31T13:43:35.955646
2852,-6.2242,0,50,0.010000,0.301535,2026-05-31T13:43:36.527574
2853,-6.2594,0,50,0.010000,0.246786,2026-05-31T13:43:37.069344
2854,-6.2594,0,50,0.010000,0.284196,2026-05-31T13:43:37.637555
2855,-6.1773,0,50,0.010000,0.253687,2026-05-31T13:43:38.190186
2856,-6.2047,0,50,0.010000,0.293501,2026-05-31T13:43:38.768141
2857,-6.2281,0,50,0.010000,0.268852,2026-05-31T13:43:39.295047
2858,-6.1754,0,50,0.010000,0.259683,2026-05-31T13:43:39.923725
2859,-6.1754,0,50,0.010000,0.287812,2026-05-31T13:43:40.499768
2860,-6.2203,0,50,0.010000,0.276272,2026-05-31T13:43:41.039155
2861,-7.3039,0,35,0.010000,0.254338,2026-05-31T13:43:41.446437
2862,-6.2301,0,50,0.010000,0.289715,2026-05-31T13:43:41.985306
2863,4.7449,1,62,0.010000,0.209882,2026-05-31T13:43:42.674870
2864,-6.2594,0,50,0.010000,0.262461,2026-05-31T13:43:43.211396
2865,-6.2203,0,50,0.010000,0.272543,2026-05-31T13:43:43.747977
2866,-6.2047,0,50,0.010000,0.265067,2026-05-31T13:43:44.318585
2867,-6.2320,0,50,0.010000,0.260983,2026-05-31T13:43:44.900805
2868,-6.2145,0,50,0.010000,0.249650,2026-05-31T13:43:45.550235
2869,-6.2125,0,50,0.010000,0.311123,2026-05-31T13:43:46.161264
2870,-6.1910,0,50,0.010000,0.198550,2026-05-31T13:43:46.866313
2871,-6.1969,0,50,0.010000,0.284137,2026-05-31T13:43:47.594453
2872,-6.1910,0,50,0.010000,0.257520,2026-05-31T13:43:48.331256
2873,-6.1871,0,50,0.010000,0.258751,2026-05-31T13:43:48.888591
2874,-6.1910,0,50,0.010000,0.278657,2026-05-31T13:43:49.493147
2875,-6.8628,0,41,0.010000,0.205448,2026-05-31T13:43:50.142492
2876,-6.2320,0,50,0.010000,0.249361,2026-05-31T13:43:50.670585
2877,5.0406,1,66,0.010000,0.268217,2026-05-31T13:43:51.419921
2878,-6.2457,0,50,0.010000,0.250754,2026-05-31T13:43:51.947656
2879,-5.8629,0,55,0.010000,0.311243,2026-05-31T13:43:52.588874
2880,-6.2184,0,50,0.010000,0.252549,2026-05-31T13:43:53.115721
2881,-6.2516,0,50,0.010000,0.319833,2026-05-31T13:43:53.664330
2882,-6.1969,0,50,0.010000,0.260873,2026-05-31T13:43:54.192416
2883,-6.2027,0,50,0.010000,0.315406,2026-05-31T13:43:54.725179
2884,-6.1773,0,50,0.010000,0.222512,2026-05-31T13:43:55.265376
2885,-6.2594,0,50,0.010000,0.270004,2026-05-31T13:43:55.802465
2886,-6.1949,0,50,0.010000,0.219977,2026-05-31T13:43:56.354664
2887,-6.1871,0,50,0.010000,0.252502,2026-05-31T13:43:56.965544
2888,-6.2047,0,50,0.010000,0.265864,2026-05-31T13:43:57.534304
2889,-6.1773,0,50,0.010000,0.206954,2026-05-31T13:43:58.075318
2890,-6.2047,0,50,0.010000,0.235687,2026-05-31T13:43:58.619064
2891,-6.2594,0,50,0.010000,0.254598,2026-05-31T13:43:59.152546
2892,-6.2047,0,50,0.010000,0.200341,2026-05-31T13:43:59.693889
2893,-6.2047,0,50,0.010000,0.285876,2026-05-31T13:44:00.247371
2894,-6.2594,0,50,0.010000,0.245673,2026-05-31T13:44:00.815264
2895,-6.1988,0,50,0.010000,0.237581,2026-05-31T13:44:01.365505
2896,-6.2320,0,50,0.010000,0.255559,2026-05-31T13:44:01.903154
2897,-6.0363,0,52,0.010000,0.217644,2026-05-31T13:44:02.476340
2898,-6.2457,0,50,0.010000,0.247029,2026-05-31T13:44:03.148489
2899,-6.2301,0,50,0.010000,0.333654,2026-05-31T13:44:03.823087
2900,-6.2594,0,50,0.010000,0.217780,2026-05-31T13:44:04.541255
2901,-6.2457,0,50,0.010000,0.287365,2026-05-31T13:44:05.078954
2902,-6.2066,0,50,0.010000,0.263844,2026-05-31T13:44:05.686724
2903,-5.5488,0,58,0.010000,0.287868,2026-05-31T13:44:06.372477
2904,-6.2594,0,50,0.010000,0.281937,2026-05-31T13:44:06.925602
2905,-6.2457,0,50,0.010000,0.291752,2026-05-31T13:44:07.594173
2906,-6.1910,0,50,0.010000,0.244880,2026-05-31T13:44:08.125400
2907,-6.2359,0,50,0.010000,0.242364,2026-05-31T13:44:08.692041
2908,-6.1891,0,50,0.010000,0.269269,2026-05-31T13:44:09.217203
2909,-6.2047,0,50,0.010000,0.221718,2026-05-31T13:44:09.775989
2910,-6.2320,0,50,0.010000,0.286488,2026-05-31T13:44:10.322767
2911,-6.1813,0,50,0.010000,0.257904,2026-05-31T13:44:10.873542
2912,-6.1969,0,50,0.010000,0.282006,2026-05-31T13:44:11.412962
2913,-5.5684,0,58,0.010000,0.284962,2026-05-31T13:44:12.045358
2914,-6.1871,0,50,0.010000,0.288233,2026-05-31T13:44:12.650898
2915,-6.2125,0,50,0.010000,0.289389,2026-05-31T13:44:13.169158
2916,-6.2457,0,50,0.010000,0.277275,2026-05-31T13:44:13.759325
2917,-6.2320,0,50,0.010000,0.286469,2026-05-31T13:44:14.290162
2918,-6.2145,0,50,0.010000,0.267729,2026-05-31T13:44:14.850946
2919,-6.1930,0,50,0.010000,0.327182,2026-05-31T13:44:15.392152
2920,-5.9805,0,53,0.010000,0.267021,2026-05-31T13:44:16.045771
2921,-6.2320,0,50,0.010000,0.262083,2026-05-31T13:44:16.894052
2922,-6.2086,0,50,0.010000,0.243457,2026-05-31T13:44:17.599437
2923,-6.2047,0,50,0.010000,0.269340,2026-05-31T13:44:18.299776
2924,-6.2066,0,50,0.010000,0.284858,2026-05-31T13:44:18.853851
2925,-6.1773,0,50,0.010000,0.251646,2026-05-31T13:44:19.438243
2926,-6.1949,0,50,0.010000,0.227133,2026-05-31T13:44:20.355045
2927,-6.2457,0,50,0.010000,0.304802,2026-05-31T13:44:20.963602
2928,-6.2047,0,50,0.010000,0.192552,2026-05-31T13:44:21.510588
2929,-6.2594,0,50,0.010000,0.311538,2026-05-31T13:44:22.060950
2930,-5.7836,0,56,0.010000,0.274112,2026-05-31T13:44:22.690736
2931,-6.2047,0,50,0.010000,0.260293,2026-05-31T13:44:23.250405
2932,-6.2047,0,50,0.010000,0.271454,2026-05-31T13:44:23.780005
2933,-6.1871,0,50,0.010000,0.247990,2026-05-31T13:44:24.318633
2934,-6.2047,0,50,0.010000,0.256417,2026-05-31T13:44:24.890271
2935,-6.1988,0,50,0.010000,0.338412,2026-05-31T13:44:25.418013
2936,-6.2047,0,50,0.010000,0.206589,2026-05-31T13:44:25.979394
2937,-6.2047,0,50,0.010000,0.264664,2026-05-31T13:44:26.524842
2938,-5.7836,0,56,0.010000,0.255771,2026-05-31T13:44:27.165282
2939,-6.2223,0,50,0.010000,0.280576,2026-05-31T13:44:27.725471
2940,-6.2320,0,50,0.010000,0.223224,2026-05-31T13:44:28.268110
2941,-6.1773,0,50,0.010000,0.266207,2026-05-31T13:44:28.836603
2942,-6.2047,0,50,0.010000,0.225983,2026-05-31T13:44:29.380409
2943,-6.2320,0,50,0.010000,0.206904,2026-05-31T13:44:29.921255
2944,-6.2320,0,50,0.010000,0.248917,2026-05-31T13:44:30.463013
2945,-6.2047,0,50,0.010000,0.273402,2026-05-31T13:44:31.011904
2946,-6.2320,0,50,0.010000,0.302530,2026-05-31T13:44:31.553404
2947,-6.2047,0,50,0.010000,0.289352,2026-05-31T13:44:32.105057
2948,-6.1969,0,50,0.010000,0.244311,2026-05-31T13:44:32.683673
2949,-7.6211,0,31,0.010000,0.252968,2026-05-31T13:44:33.026384
2950,-6.2320,0,50,0.010000,0.296099,2026-05-31T13:44:33.617020
2951,-6.2184,0,50,0.010000,0.278643,2026-05-31T13:44:34.183057
2952,-6.2457,0,50,0.010000,0.257271,2026-05-31T13:44:34.728519
2953,-6.2223,0,50,0.010000,0.235270,2026-05-31T13:44:35.280785
2954,-6.2027,0,50,0.010000,0.253759,2026-05-31T13:44:35.938504
2955,-6.2457,0,50,0.010000,0.230098,2026-05-31T13:44:36.475251
2956,-6.2594,0,50,0.010000,0.260558,2026-05-31T13:44:37.033045
2957,-6.2457,0,50,0.010000,0.250459,2026-05-31T13:44:37.597746
2958,-6.2457,0,50,0.010000,0.241619,2026-05-31T13:44:38.141657
2959,-6.2457,0,50,0.010000,0.271629,2026-05-31T13:44:38.706128
2960,-6.1910,0,50,0.010000,0.215644,2026-05-31T13:44:39.259017
2961,-6.0598,0,52,0.010000,0.293706,2026-05-31T13:44:39.843111
2962,-6.2320,0,50,0.010000,0.236699,2026-05-31T13:44:40.394028
2963,-5.8082,0,55,0.010000,0.258171,2026-05-31T13:44:41.027678
2964,-6.1871,0,50,0.010000,0.329145,2026-05-31T13:44:41.573523
2965,-6.2125,0,50,0.010000,0.282153,2026-05-31T13:44:42.114403
2966,-6.2438,0,50,0.010000,0.256239,2026-05-31T13:44:42.666531
2967,-6.2164,0,50,0.010000,0.285575,2026-05-31T13:44:43.209720
2968,-6.2457,0,50,0.010000,0.306406,2026-05-31T13:44:43.779671
2969,-6.2047,0,50,0.010000,0.320534,2026-05-31T13:44:44.339360
2970,-6.7816,0,42,0.010000,0.272936,2026-05-31T13:44:44.804361
2971,-6.1891,0,50,0.010000,0.261404,2026-05-31T13:44:45.350739
2972,-5.3961,0,60,0.010000,0.288429,2026-05-31T13:44:46.328385
2973,-6.1773,0,50,0.010000,0.219431,2026-05-31T13:44:47.021222
2974,-6.1988,0,50,0.010000,0.270604,2026-05-31T13:44:47.766800
2975,-6.2047,0,50,0.010000,0.265292,2026-05-31T13:44:48.469867
2976,-6.1891,0,50,0.010000,0.240170,2026-05-31T13:44:49.029601
2977,-6.1813,0,50,0.010000,0.252785,2026-05-31T13:44:49.724496
2978,-6.2320,0,50,0.010000,0.240544,2026-05-31T13:44:50.326889
2979,-6.2320,0,50,0.010000,0.258065,2026-05-31T13:44:50.871596
2980,-6.1910,0,50,0.010000,0.249087,2026-05-31T13:44:51.410163
2981,-6.2320,0,50,0.010000,0.244140,2026-05-31T13:44:51.951219
2982,-6.1637,0,50,0.010000,0.187590,2026-05-31T13:44:52.488875
2983,-6.2320,0,50,0.010000,0.224023,2026-05-31T13:44:53.083891
2984,-6.2184,0,50,0.010000,0.232676,2026-05-31T13:44:53.612211
2985,-6.1832,0,50,0.010000,0.235018,2026-05-31T13:44:54.142574
2986,-6.1773,0,50,0.010000,0.293338,2026-05-31T13:44:54.688186
2987,-6.2105,0,50,0.010000,0.301670,2026-05-31T13:44:55.217895
2988,-6.1773,0,50,0.010000,0.255714,2026-05-31T13:44:55.767770
2989,-6.2594,0,50,0.010000,0.275725,2026-05-31T13:44:56.296006
2990,-6.1773,0,50,0.010000,0.239823,2026-05-31T13:44:56.896551
2991,-6.2594,0,50,0.010000,0.299469,2026-05-31T13:44:57.462111
2992,-6.2184,0,50,0.010000,0.278461,2026-05-31T13:44:58.036570
2993,-6.1910,0,50,0.010000,0.284705,2026-05-31T13:44:58.580420
2994,-6.1832,0,50,0.010000,0.302311,2026-05-31T13:44:59.134393
2995,-6.1910,0,50,0.010000,0.219930,2026-05-31T13:44:59.673777
2996,-6.2105,0,50,0.010000,0.306567,2026-05-31T13:45:00.222184
2997,-6.2184,0,50,0.010000,0.223640,2026-05-31T13:45:00.789046
2998,-6.2027,0,50,0.010000,0.275023,2026-05-31T13:45:01.359940
2999,-6.2320,0,50,0.010000,0.308282,2026-05-31T13:45:01.904423
3000,-6.2184,0,50,0.010000,0.224762,2026-05-31T13:45:02.436928
3001,-6.2223,0,50,0.010000,0.241327,2026-05-31T13:45:03.057093
3002,-6.1910,0,50,0.010000,0.275062,2026-05-31T13:45:03.594097
3003,-6.2594,0,50,0.010000,0.306917,2026-05-31T13:45:04.143822
3004,-6.2027,0,50,0.010000,0.260706,2026-05-31T13:45:04.675551
3005,-6.2457,0,50,0.010000,0.285013,2026-05-31T13:45:05.289819
3006,-6.1117,0,51,0.010000,0.274978,2026-05-31T13:45:05.921244
3007,-6.2184,0,50,0.010000,0.206281,2026-05-31T13:45:06.499479
3008,-6.2008,0,50,0.010000,0.244832,2026-05-31T13:45:07.041818
3009,-6.2594,0,50,0.010000,0.269083,2026-05-31T13:45:07.596014
3010,-6.2457,0,50,0.010000,0.237422,2026-05-31T13:45:08.154842
3011,-6.2457,0,50,0.010000,0.252996,2026-05-31T13:45:08.684180
3012,-6.2594,0,50,0.010000,0.201613,2026-05-31T13:45:09.254078
3013,-6.1988,0,50,0.010000,0.231367,2026-05-31T13:45:09.786291
3014,-6.2047,0,50,0.010000,0.292906,2026-05-31T13:45:10.344597
3015,-6.1910,0,50,0.010000,0.264300,2026-05-31T13:45:10.891613
3016,-6.1891,0,50,0.010000,0.275976,2026-05-31T13:45:11.434387
3017,-6.2027,0,50,0.010000,0.227653,2026-05-31T13:45:12.004459
3018,-6.1695,0,50,0.010000,0.283798,2026-05-31T13:45:12.552416
3019,-6.2320,0,50,0.010000,0.275634,2026-05-31T13:45:13.148922
3020,-6.2457,0,50,0.010000,0.283053,2026-05-31T13:45:13.680250
3021,-6.2457,0,50,0.010000,0.272029,2026-05-31T13:45:14.221488
3022,-6.1773,0,50,0.010000,0.265828,2026-05-31T13:45:14.770291
3023,-6.1813,0,50,0.010000,0.277439,2026-05-31T13:45:15.305488
3024,-6.2047,0,50,0.010000,0.232600,2026-05-31T13:45:15.860407
3025,-6.1293,0,51,0.010000,0.234531,2026-05-31T13:45:16.621828
3026,-6.2027,0,50,0.010000,0.242522,2026-05-31T13:45:17.333036
3027,-6.1695,0,50,0.010000,0.279465,2026-05-31T13:45:18.040831
3028,-6.2594,0,50,0.010000,0.240405,2026-05-31T13:45:18.653685
3029,-6.2066,0,50,0.010000,0.282605,2026-05-31T13:45:19.184370
3030,-6.2320,0,50,0.010000,0.300154,2026-05-31T13:45:20.027764
3031,-6.1930,0,50,0.010000,0.167061,2026-05-31T13:45:20.551339
3032,-6.1988,0,50,0.010000,0.253549,2026-05-31T13:45:21.135817
3033,-6.1871,0,50,0.010000,0.303720,2026-05-31T13:45:21.652983
3034,-6.2125,0,50,0.010000,0.286604,2026-05-31T13:45:22.197581
3035,4.8027,1,63,0.010000,0.253816,2026-05-31T13:45:22.912689
3036,-6.2066,0,50,0.010000,0.255625,2026-05-31T13:45:23.447493
3037,-7.6211,0,31,0.010000,0.283444,2026-05-31T13:45:23.794805
3038,-6.2047,0,50,0.010000,0.274290,2026-05-31T13:45:24.384483
3039,-6.2047,0,50,0.010000,0.260080,2026-05-31T13:45:24.950352
3040,-6.2320,0,50,0.010000,0.236388,2026-05-31T13:45:25.608842
3041,-6.1871,0,50,0.010000,0.241591,2026-05-31T13:45:26.160404
3042,-6.2516,0,50,0.010000,0.278062,2026-05-31T13:45:26.705836
3043,-6.2047,0,50,0.010000,0.250716,2026-05-31T13:45:27.250679
3044,-6.2047,0,50,0.010000,0.278478,2026-05-31T13:45:27.810552
3045,-6.2145,0,50,0.010000,0.228708,2026-05-31T13:45:28.339795
3046,-6.2223,0,50,0.010000,0.317887,2026-05-31T13:45:28.898385
3047,-6.2242,0,50,0.010000,0.285343,2026-05-31T13:45:29.465185
3048,-6.2027,0,50,0.010000,0.287214,2026-05-31T13:45:29.992201
3049,-6.2594,0,50,0.010000,0.276018,2026-05-31T13:45:30.531330
3050,-6.2320,0,50,0.010000,0.271840,2026-05-31T13:45:31.072541
3051,-6.2281,0,50,0.010000,0.244085,2026-05-31T13:45:31.642643
3052,-6.2125,0,50,0.010000,0.268417,2026-05-31T13:45:32.171538
3053,-6.2203,0,50,0.010000,0.255307,2026-05-31T13:45:32.740073
3054,-5.6250,0,58,0.010000,0.221045,2026-05-31T13:45:33.400572
3055,-6.2594,0,50,0.010000,0.275625,2026-05-31T13:45:33.939009
3056,-6.1832,0,50,0.010000,0.264964,2026-05-31T13:45:34.474589
3057,-7.6211,0,31,0.010000,0.238536,2026-05-31T13:45:34.822315
3058,-6.2105,0,50,0.010000,0.293399,2026-05-31T13:45:35.359877
3059,-6.2086,0,50,0.010000,0.297883,2026-05-31T13:45:36.025752
3060,-6.2320,0,50,0.010000,0.246943,2026-05-31T13:45:36.585540
3061,-6.2457,0,50,0.010000,0.259978,2026-05-31T13:45:37.163227
3062,-6.2320,0,50,0.010000,0.293647,2026-05-31T13:45:37.727013
3063,-6.2516,0,50,0.010000,0.262235,2026-05-31T13:45:38.283747
3064,-6.2516,0,50,0.010000,0.235699,2026-05-31T13:45:38.832660
3065,-6.2203,0,50,0.010000,0.275322,2026-05-31T13:45:39.453306
3066,-6.2594,0,50,0.010000,0.278471,2026-05-31T13:45:39.975867
3067,-6.1637,0,50,0.010000,0.248947,2026-05-31T13:45:40.527375
3068,-6.2203,0,50,0.010000,0.279103,2026-05-31T13:45:41.078354
3069,-6.2086,0,50,0.010000,0.274915,2026-05-31T13:45:41.649759
3070,-7.6211,0,31,0.010000,0.296592,2026-05-31T13:45:41.993296
3071,-6.2594,0,50,0.010000,0.280430,2026-05-31T13:45:42.534718
3072,-6.2184,0,50,0.010000,0.235589,2026-05-31T13:45:43.107725
3073,-5.5703,0,58,0.010000,0.261185,2026-05-31T13:45:43.722348
3074,-6.1637,0,50,0.010000,0.311163,2026-05-31T13:45:44.259419
3075,-5.6113,0,58,0.010000,0.221418,2026-05-31T13:45:44.889693
3076,-6.2320,0,50,0.010000,0.378000,2026-05-31T13:45:45.449661
3077,-6.0520,0,52,0.010000,0.253798,2026-05-31T13:45:46.178790
3078,-6.1891,0,50,0.010000,0.279102,2026-05-31T13:45:46.848712
3079,-6.2594,0,50,0.010000,0.231877,2026-05-31T13:45:47.560475
3080,-6.2066,0,50,0.010000,0.317633,2026-05-31T13:45:48.407051
3081,-5.6770,0,57,0.010000,0.251781,2026-05-31T13:45:49.108398
3082,-6.4941,0,46,0.010000,0.289427,2026-05-31T13:45:49.736619
3083,-6.2457,0,50,0.010000,0.274915,2026-05-31T13:45:50.377900
3084,-6.1910,0,50,0.010000,0.209535,2026-05-31T13:45:50.909634
3085,-6.1637,0,50,0.010000,0.282399,2026-05-31T13:45:51.467263
3086,-6.2594,0,50,0.010000,0.272879,2026-05-31T13:45:51.997349
3087,-6.1891,0,50,0.010000,0.228609,2026-05-31T13:45:52.537982
3088,-6.2047,0,50,0.010000,0.247752,2026-05-31T13:45:53.107296
3089,-6.1813,0,50,0.010000,0.283178,2026-05-31T13:45:53.652731
3090,-6.1949,0,50,0.010000,0.268716,2026-05-31T13:45:54.198016
3091,-7.3039,0,35,0.010000,0.295815,2026-05-31T13:45:54.582759
3092,-6.1773,0,50,0.010000,0.246791,2026-05-31T13:45:55.129174
3093,-6.1832,0,50,0.010000,0.218695,2026-05-31T13:45:55.659280
3094,-5.8629,0,55,0.010000,0.255241,2026-05-31T13:45:56.241657
3095,-6.1930,0,50,0.010000,0.262589,2026-05-31T13:45:56.783615
3096,-6.2184,0,50,0.010000,0.234919,2026-05-31T13:45:57.355324
3097,-6.2008,0,50,0.010000,0.270486,2026-05-31T13:45:57.917739
3098,-6.2242,0,50,0.010000,0.215033,2026-05-31T13:45:58.475069
3099,-6.2457,0,50,0.010000,0.236340,2026-05-31T13:45:59.007146
3100,-6.2359,0,50,0.010000,0.269304,2026-05-31T13:45:59.544033
3101,-5.7699,0,56,0.010000,0.244302,2026-05-31T13:46:00.164071
3102,-7.0090,0,39,0.010000,0.273684,2026-05-31T13:46:00.604732
3103,-7.6211,0,31,0.010000,0.223232,2026-05-31T13:46:00.943246
3104,-7.6211,0,31,0.010000,0.274805,2026-05-31T13:46:01.328259
3105,-7.6211,0,31,0.010000,0.254667,2026-05-31T13:46:01.678614
3106,-5.8316,0,55,0.010000,0.216184,2026-05-31T13:46:02.277167
3107,-6.2594,0,50,0.010000,0.316192,2026-05-31T13:46:02.825631
3108,-6.1969,0,50,0.010000,0.215760,2026-05-31T13:46:03.488789
3109,-5.6496,0,57,0.010000,0.184469,2026-05-31T13:46:04.104070
3110,-6.2594,0,50,0.010000,0.265052,2026-05-31T13:46:04.643525
3111,-6.2066,0,50,0.010000,0.226207,2026-05-31T13:46:05.188532
3112,-5.6496,0,57,0.010000,0.283711,2026-05-31T13:46:05.900895
3113,-5.8277,0,55,0.010000,0.292758,2026-05-31T13:46:06.514944
3114,-6.1969,0,50,0.010000,0.309682,2026-05-31T13:46:07.069536
3115,-6.1832,0,50,0.010000,0.272981,2026-05-31T13:46:07.622313
3116,-6.1930,0,50,0.010000,0.299798,2026-05-31T13:46:08.202203
3117,-6.2086,0,50,0.010000,0.242599,2026-05-31T13:46:08.762003
3118,-6.2594,0,50,0.010000,0.263779,2026-05-31T13:46:09.358109
3119,-6.2184,0,50,0.010000,0.286270,2026-05-31T13:46:09.881091
3120,-6.2320,0,50,0.010000,0.305154,2026-05-31T13:46:10.437471
3121,-6.1871,0,50,0.010000,0.305494,2026-05-31T13:46:10.979475
3122,-6.2457,0,50,0.010000,0.241585,2026-05-31T13:46:11.532629
3123,-6.1910,0,50,0.010000,0.310625,2026-05-31T13:46:12.059386
3124,-6.2008,0,50,0.010000,0.319469,2026-05-31T13:46:12.603131
3125,-6.2516,0,50,0.010000,0.247611,2026-05-31T13:46:13.181815
3126,6.5598,1,86,0.010000,0.279229,2026-05-31T13:46:14.109156
3127,-6.1832,0,50,0.010000,0.229631,2026-05-31T13:46:14.646787
3128,-6.2027,0,50,0.010000,0.322772,2026-05-31T13:46:15.187531
3129,-6.2047,0,50,0.010000,0.293150,2026-05-31T13:46:15.789734
3130,-6.2184,0,50,0.010000,0.244425,2026-05-31T13:46:16.568325
3131,-6.1988,0,50,0.010000,0.258336,2026-05-31T13:46:17.280331
3132,-6.2594,0,50,0.010000,0.279101,2026-05-31T13:46:18.011083
3133,-6.2594,0,50,0.010000,0.247969,2026-05-31T13:46:18.620311
3134,-6.1949,0,50,0.010000,0.249097,2026-05-31T13:46:19.154340
3135,-6.2242,0,50,0.010000,0.232249,2026-05-31T13:46:20.063085
3136,-6.2359,0,50,0.010000,0.281056,2026-05-31T13:46:20.626423
3137,-6.2457,0,50,0.010000,0.269898,2026-05-31T13:46:21.179602
3138,-6.2184,0,50,0.010000,0.312293,2026-05-31T13:46:21.756110
3139,-6.2184,0,50,0.010000,0.256250,2026-05-31T13:46:22.296358
3140,-6.1871,0,50,0.010000,0.296068,2026-05-31T13:46:22.853959
3141,-6.2457,0,50,0.010000,0.271281,2026-05-31T13:46:23.403552
3142,-6.1637,0,50,0.010000,0.241337,2026-05-31T13:46:23.930501
3143,-6.1832,0,50,0.010000,0.253599,2026-05-31T13:46:24.474650
3144,-5.9668,0,53,0.010000,0.253273,2026-05-31T13:46:25.062772
3145,-6.2457,0,50,0.010000,0.249603,2026-05-31T13:46:25.634174
3146,-6.1637,0,50,0.010000,0.236182,2026-05-31T13:46:26.189197
3147,-6.2223,0,50,0.010000,0.260639,2026-05-31T13:46:26.719828
3148,-6.1969,0,50,0.010000,0.281262,2026-05-31T13:46:27.269665
3149,-6.2320,0,50,0.010000,0.270801,2026-05-31T13:46:27.831597
3150,-6.2594,0,50,0.010000,0.255438,2026-05-31T13:46:28.414207
3151,-6.1754,0,50,0.010000,0.286696,2026-05-31T13:46:28.967032
3152,-6.1695,0,50,0.010000,0.202848,2026-05-31T13:46:29.530720
3153,-6.1832,0,50,0.010000,0.269055,2026-05-31T13:46:30.073265
3154,-6.2047,0,50,0.010000,0.338615,2026-05-31T13:46:30.620469
3155,-6.2516,0,50,0.010000,0.222105,2026-05-31T13:46:31.178688
3156,-6.2047,0,50,0.010000,0.229412,2026-05-31T13:46:31.725280
3157,-6.2203,0,50,0.010000,0.276750,2026-05-31T13:46:32.267898
3158,-7.6211,0,31,0.010000,0.300514,2026-05-31T13:46:32.630417
3159,-6.2320,0,50,0.010000,0.259360,2026-05-31T13:46:33.190677
3160,-6.2457,0,50,0.010000,0.223688,2026-05-31T13:46:33.816738
3161,-6.2594,0,50,0.010000,0.288897,2026-05-31T13:46:34.361395
3162,-6.1910,0,50,0.010000,0.319412,2026-05-31T13:46:34.911891
3163,-6.1754,0,50,0.010000,0.236106,2026-05-31T13:46:35.460351
3164,-6.2145,0,50,0.010000,0.274033,2026-05-31T13:46:36.075912
3165,-6.1910,0,50,0.010000,0.231804,2026-05-31T13:46:36.605393
3166,-6.2184,0,50,0.010000,0.225171,2026-05-31T13:46:37.142189
3167,-6.1637,0,50,0.010000,0.266025,2026-05-31T13:46:37.780934
3168,-6.1891,0,50,0.010000,0.293193,2026-05-31T13:46:38.318288
3169,-6.1910,0,50,0.010000,0.197295,2026-05-31T13:46:38.884119
3170,-6.2164,0,50,0.010000,0.280920,2026-05-31T13:46:39.431310
3171,-6.1988,0,50,0.010000,0.255958,2026-05-31T13:46:39.991118
3172,-6.2184,0,50,0.010000,0.258950,2026-05-31T13:46:40.556510
3173,-6.2594,0,50,0.010000,0.247163,2026-05-31T13:46:41.103792
3174,-6.1773,0,50,0.010000,0.262294,2026-05-31T13:46:41.676825
3175,-6.2184,0,50,0.010000,0.296566,2026-05-31T13:46:42.337377
3176,-6.2086,0,50,0.010000,0.293737,2026-05-31T13:46:42.907994
3177,-6.0215,0,53,0.010000,0.257443,2026-05-31T13:46:43.494094
3178,-6.0078,0,53,0.010000,0.258637,2026-05-31T13:46:44.072495
3179,-6.1949,0,50,0.010000,0.255515,2026-05-31T13:46:44.606905
3180,-5.6203,0,57,0.010000,0.214511,2026-05-31T13:46:45.214681
3181,-5.6906,0,57,0.010000,0.291374,2026-05-31T13:46:46.033838
3182,-6.2184,0,50,0.010000,0.278074,2026-05-31T13:46:46.719324
3183,-6.1871,0,50,0.010000,0.263206,2026-05-31T13:46:47.415465
3184,-7.6211,0,31,0.010000,0.233435,2026-05-31T13:46:47.883846
3185,-6.1813,0,50,0.010000,0.251747,2026-05-31T13:46:48.537096
3186,-6.2086,0,50,0.010000,0.282921,2026-05-31T13:46:49.074622
3187,-6.2281,0,50,0.010000,0.262655,2026-05-31T13:46:49.821170
3188,-6.1910,0,50,0.010000,0.303259,2026-05-31T13:46:50.392396
3189,-6.2320,0,50,0.010000,0.296748,2026-05-31T13:46:50.951513
3190,-6.2594,0,50,0.010000,0.266679,2026-05-31T13:46:51.520972
3191,-6.2047,0,50,0.010000,0.280300,2026-05-31T13:46:52.063465
3192,-6.1832,0,50,0.010000,0.279349,2026-05-31T13:46:52.607462
3193,-6.1637,0,50,0.010000,0.226887,2026-05-31T13:46:53.174825
3194,-6.2594,0,50,0.010000,0.284269,2026-05-31T13:46:53.746555
3195,-6.2184,0,50,0.010000,0.358975,2026-05-31T13:46:54.286639
3196,-6.2184,0,50,0.010000,0.295793,2026-05-31T13:46:54.845388
3197,-6.2516,0,50,0.010000,0.270134,2026-05-31T13:46:55.374412
3198,-6.2125,0,50,0.010000,0.282415,2026-05-31T13:46:55.914054
3199,-6.1871,0,50,0.010000,0.281539,2026-05-31T13:46:56.462566
3200,-7.6211,0,31,0.010000,0.290109,2026-05-31T13:46:56.813153
3201,-6.2457,0,50,0.010000,0.275711,2026-05-31T13:46:57.346649
3202,-6.1910,0,50,0.010000,0.263111,2026-05-31T13:46:57.937176
3203,-6.1695,0,50,0.010000,0.244685,2026-05-31T13:46:58.473230
3204,-6.2184,0,50,0.010000,0.256224,2026-05-31T13:46:59.012818
3205,-6.1949,0,50,0.010000,0.266957,2026-05-31T13:46:59.558859
3206,-6.2184,0,50,0.010000,0.343345,2026-05-31T13:47:00.104711
3207,-6.8799,0,41,0.010000,0.255036,2026-05-31T13:47:00.546175
3208,-6.2594,0,50,0.010000,0.256036,2026-05-31T13:47:01.089571
3209,-7.6211,0,31,0.010000,0.286770,2026-05-31T13:47:01.446850
3210,-6.2438,0,50,0.010000,0.270897,2026-05-31T13:47:02.005086
3211,-6.2047,0,50,0.010000,0.274433,2026-05-31T13:47:02.625985
3212,-6.7283,0,43,0.010000,0.286118,2026-05-31T13:47:03.237151
3213,-6.2320,0,50,0.010000,0.298432,2026-05-31T13:47:03.783969
3214,-6.2320,0,50,0.010000,0.248307,2026-05-31T13:47:04.316442
3215,-6.2301,0,50,0.010000,0.348572,2026-05-31T13:47:04.868875
3216,-6.2594,0,50,0.010000,0.242239,2026-05-31T13:47:05.398942
3217,-6.2047,0,50,0.010000,0.215141,2026-05-31T13:47:06.052026
3218,-6.1637,0,50,0.010000,0.265659,2026-05-31T13:47:06.584990
3219,-6.2184,0,50,0.010000,0.290196,2026-05-31T13:47:07.120954
3220,-6.2301,0,50,0.010000,0.280000,2026-05-31T13:47:07.685347
3221,-6.2008,0,50,0.010000,0.250471,2026-05-31T13:47:08.270832
3222,-7.6211,0,31,0.010000,0.273154,2026-05-31T13:47:08.630734
3223,-6.2594,0,50,0.010000,0.226326,2026-05-31T13:47:09.172175
3224,-7.6211,0,31,0.010000,0.308409,2026-05-31T13:47:09.514428
3225,-7.6211,0,31,0.010000,0.176765,2026-05-31T13:47:09.897487
3226,-6.2438,0,50,0.010000,0.263228,2026-05-31T13:47:10.417916
3227,-7.6211,0,31,0.010000,0.278695,2026-05-31T13:47:10.781547
3228,-6.2223,0,50,0.010000,0.286638,2026-05-31T13:47:11.316621
3229,-5.8219,0,55,0.010000,0.253231,2026-05-31T13:47:11.917619
3230,-6.2164,0,50,0.010000,0.266756,2026-05-31T13:47:12.476017
3231,-6.1773,0,50,0.010000,0.294105,2026-05-31T13:47:13.057161
3232,-6.2457,0,50,0.010000,0.212276,2026-05-31T13:47:13.590733
3233,-6.2457,0,50,0.010000,0.245845,2026-05-31T13:47:14.151161
3234,-6.2359,0,50,0.010000,0.275381,2026-05-31T13:47:14.730383
3235,-6.1773,0,50,0.010000,0.253272,2026-05-31T13:47:15.274883
3236,-6.1754,0,50,0.010000,0.334912,2026-05-31T13:47:15.831151
3237,-6.2359,0,50,0.010000,0.253485,2026-05-31T13:47:16.708895
3238,-6.2438,0,50,0.010000,0.276583,2026-05-31T13:47:17.395421
3239,-6.2301,0,50,0.010000,0.197003,2026-05-31T13:47:18.128450
3240,-6.1949,0,50,0.010000,0.241634,2026-05-31T13:47:18.753291
3241,-6.0461,0,52,0.010000,0.255780,2026-05-31T13:47:19.313925
3242,-6.2066,0,50,0.010000,0.311787,2026-05-31T13:47:20.135404
3243,-6.1637,0,50,0.010000,0.306716,2026-05-31T13:47:20.651525
3244,-7.6211,0,31,0.010000,0.227113,2026-05-31T13:47:21.010964
3245,-6.2457,0,50,0.010000,0.306784,2026-05-31T13:47:21.678559
3246,-6.2320,0,50,0.010000,0.258942,2026-05-31T13:47:22.240491
3247,-6.8109,0,42,0.010000,0.275734,2026-05-31T13:47:22.713743
3248,-6.1891,0,50,0.010000,0.241224,2026-05-31T13:47:23.276282
3249,-6.1910,0,50,0.010000,0.271790,2026-05-31T13:47:23.816064
3250,-6.2184,0,50,0.010000,0.286625,2026-05-31T13:47:24.342059
3251,-6.2301,0,50,0.010000,0.279386,2026-05-31T13:47:24.896115
3252,-6.1695,0,50,0.010000,0.287674,2026-05-31T13:47:25.444944
3253,-6.1773,0,50,0.010000,0.310125,2026-05-31T13:47:26.840916
3254,-6.1813,0,50,0.010000,0.279748,2026-05-31T13:47:27.801018
3255,-6.1871,0,50,0.010000,0.237416,2026-05-31T13:47:28.482350
3256,-6.2145,0,50,0.010000,0.274427,2026-05-31T13:47:29.027912
3257,-6.1773,0,50,0.010000,0.331293,2026-05-31T13:47:29.575145
3258,-6.2594,0,50,0.010000,0.212266,2026-05-31T13:47:30.168473
3259,-6.1832,0,50,0.010000,0.267465,2026-05-31T13:47:30.677375
3260,-6.2594,0,50,0.010000,0.201785,2026-05-31T13:47:31.221945
3261,-6.2184,0,50,0.010000,0.281498,2026-05-31T13:47:31.771055
3262,-6.1871,0,50,0.010000,0.269948,2026-05-31T13:47:32.503774
3263,-6.1910,0,50,0.010000,0.211834,2026-05-31T13:47:33.160974
3264,-6.2301,0,50,0.010000,0.267890,2026-05-31T13:47:33.660269
3265,-6.1891,0,50,0.010000,0.297793,2026-05-31T13:47:34.208650
3266,-6.2594,0,50,0.010000,0.266350,2026-05-31T13:47:34.735455
3267,-5.9148,0,54,0.010000,0.308816,2026-05-31T13:47:35.289879
3268,-6.2184,0,50,0.010000,0.277106,2026-05-31T13:47:35.931136
3269,-6.1871,0,50,0.010000,0.231362,2026-05-31T13:47:36.498805
3270,-5.8914,0,54,0.010000,0.335863,2026-05-31T13:47:37.333717
3271,-6.2320,0,50,0.010000,0.328632,2026-05-31T13:47:37.947263
3272,-6.2457,0,50,0.010000,0.288789,2026-05-31T13:47:38.459350
3273,-6.2086,0,50,0.010000,0.285850,2026-05-31T13:47:38.956980
3274,-6.2047,0,50,0.010000,0.285613,2026-05-31T13:47:39.500869
3275,-6.2594,0,50,0.010000,0.300578,2026-05-31T13:47:40.064439
3276,-6.2438,0,50,0.010000,0.246027,2026-05-31T13:47:40.624786
3277,-6.2203,0,50,0.010000,0.301449,2026-05-31T13:47:41.169523
3278,-6.2457,0,50,0.010000,0.260010,2026-05-31T13:47:41.698728
3279,-6.2457,0,50,0.010000,0.244054,2026-05-31T13:47:42.258556
3280,-6.2125,0,50,0.010000,0.252934,2026-05-31T13:47:42.822601
3281,-6.2047,0,50,0.010000,0.302569,2026-05-31T13:47:43.364288
3282,-6.2457,0,50,0.010000,0.265788,2026-05-31T13:47:43.898831
3283,-6.1910,0,50,0.010000,0.258139,2026-05-31T13:47:44.414468
3284,-6.1910,0,50,0.010000,0.271824,2026-05-31T13:47:44.932358
3285,-6.2184,0,50,0.010000,0.238430,2026-05-31T13:47:45.564195
3286,-6.1254,0,51,0.010000,0.283905,2026-05-31T13:47:46.280453
3287,-7.6211,0,31,0.010000,0.249681,2026-05-31T13:47:46.691792
3288,-6.2320,0,50,0.010000,0.301229,2026-05-31T13:47:47.350760
3289,-6.2379,0,50,0.010000,0.236389,2026-05-31T13:47:48.061860
3290,-6.2594,0,50,0.010000,0.240644,2026-05-31T13:47:48.658686
3291,4.7352,1,62,0.010000,0.295272,2026-05-31T13:47:49.348151
3292,-6.2594,0,50,0.010000,0.250942,2026-05-31T13:47:50.116048
3293,-6.2594,0,50,0.010000,0.263126,2026-05-31T13:47:50.750359
3294,-6.2457,0,50,0.010000,0.263912,2026-05-31T13:47:51.272912
3295,-6.2594,0,50,0.010000,0.259000,2026-05-31T13:47:51.823892
3296,-6.2457,0,50,0.010000,0.245622,2026-05-31T13:47:52.330543
3297,-6.2203,0,50,0.010000,0.259113,2026-05-31T13:47:52.863227
3298,-6.1988,0,50,0.010000,0.321377,2026-05-31T13:47:53.376038
3299,-6.1910,0,50,0.010000,0.234698,2026-05-31T13:47:53.907828
3300,-6.1949,0,50,0.010000,0.241113,2026-05-31T13:47:54.456627
3301,-6.1949,0,50,0.010000,0.266793,2026-05-31T13:47:54.942590
3302,-6.2047,0,50,0.010000,0.205758,2026-05-31T13:47:55.423393
3303,-6.2105,0,50,0.010000,0.278900,2026-05-31T13:47:55.904175
3304,-6.2594,0,50,0.010000,0.304022,2026-05-31T13:47:56.429511
3305,-6.1695,0,50,0.010000,0.252658,2026-05-31T13:47:56.925856
3306,-6.2320,0,50,0.010000,0.296044,2026-05-31T13:47:57.399107
3307,-5.8629,0,55,0.010000,0.264537,2026-05-31T13:47:57.991068
3308,-6.2027,0,50,0.010000,0.298326,2026-05-31T13:47:58.465145
3309,-6.2359,0,50,0.010000,0.259314,2026-05-31T13:47:58.934420
3310,-6.1773,0,50,0.010000,0.253828,2026-05-31T13:47:59.406853
3311,-6.2184,0,50,0.010000,0.278686,2026-05-31T13:47:59.878317
3312,-6.2457,0,50,0.010000,0.316950,2026-05-31T13:48:00.376805
3313,-6.2223,0,50,0.010000,0.310433,2026-05-31T13:48:00.858975
3314,-6.1910,0,50,0.010000,0.301019,2026-05-31T13:48:01.352126
3315,-6.1891,0,50,0.010000,0.245305,2026-05-31T13:48:01.835231
3316,-6.2457,0,50,0.010000,0.194903,2026-05-31T13:48:02.334584
3317,-6.1637,0,50,0.010000,0.248166,2026-05-31T13:48:02.814404
3318,-6.2594,0,50,0.010000,0.254080,2026-05-31T13:48:03.310461
3319,-6.2027,0,50,0.010000,0.218668,2026-05-31T13:48:03.788684
3320,-6.2438,0,50,0.010000,0.287474,2026-05-31T13:48:04.276304
3321,-6.1891,0,50,0.010000,0.246869,2026-05-31T13:48:04.725625
3322,-6.2184,0,50,0.010000,0.248456,2026-05-31T13:48:05.188343
3323,-6.2516,0,50,0.010000,0.213500,2026-05-31T13:48:05.705789
3324,-6.1773,0,50,0.010000,0.259803,2026-05-31T13:48:06.224840
3325,-6.2594,0,50,0.010000,0.225364,2026-05-31T13:48:06.690678
3326,-6.2594,0,50,0.010000,0.275098,2026-05-31T13:48:07.135658
3327,-6.2125,0,50,0.010000,0.264936,2026-05-31T13:48:07.592827
3328,-6.2164,0,50,0.010000,0.266255,2026-05-31T13:48:08.060447
3329,-6.0461,0,52,0.010000,0.246486,2026-05-31T13:48:08.551569
3330,-6.2594,0,50,0.010000,0.290594,2026-05-31T13:48:09.008069
3331,-6.2457,0,50,0.010000,0.276242,2026-05-31T13:48:09.460451
3332,-6.2457,0,50,0.010000,0.348079,2026-05-31T13:48:09.918573
3333,-6.2242,0,50,0.010000,0.279430,2026-05-31T13:48:10.386969
3334,-6.2203,0,50,0.010000,0.269030,2026-05-31T13:48:10.839735
3335,-6.2047,0,50,0.010000,0.326120,2026-05-31T13:48:11.299888
3336,-5.5320,0,59,0.010000,0.306664,2026-05-31T13:48:11.843472
3337,-6.2320,0,50,0.010000,0.237987,2026-05-31T13:48:12.297171
3338,-6.1988,0,50,0.010000,0.248904,2026-05-31T13:48:12.765953
3339,-6.2008,0,50,0.010000,0.240091,2026-05-31T13:48:13.238558
3340,-6.2320,0,50,0.010000,0.237766,2026-05-31T13:48:13.703274
3341,-7.6211,0,31,0.010000,0.342652,2026-05-31T13:48:13.992657
3342,-6.2281,0,50,0.010000,0.250028,2026-05-31T13:48:14.451037
3343,-6.2320,0,50,0.010000,0.322899,2026-05-31T13:48:14.903482
3344,-6.2184,0,50,0.010000,0.294563,2026-05-31T13:48:15.367814
3345,-6.2320,0,50,0.010000,0.315663,2026-05-31T13:48:15.831775
3346,-6.1754,0,50,0.010000,0.274928,2026-05-31T13:48:16.592026
3347,-6.2457,0,50,0.010000,0.251035,2026-05-31T13:48:17.162620
3348,-5.9922,0,53,0.010000,0.290084,2026-05-31T13:48:17.800949
3349,-6.2184,0,50,0.010000,0.267247,2026-05-31T13:48:18.382204
3350,-6.2047,0,50,0.010000,0.299706,2026-05-31T13:48:18.813298
3351,-6.2457,0,50,0.010000,0.345514,2026-05-31T13:48:19.301231
3352,-6.1969,0,50,0.010000,0.228381,2026-05-31T13:48:20.014292
3353,-6.1910,0,50,0.010000,0.329107,2026-05-31T13:48:20.488964
3354,-6.1891,0,50,0.010000,0.342450,2026-05-31T13:48:20.952990
3355,-6.1910,0,50,0.010000,0.268383,2026-05-31T13:48:21.418735
3356,-6.1949,0,50,0.010000,0.270410,2026-05-31T13:48:21.863206
3357,-6.2125,0,50,0.010000,0.286046,2026-05-31T13:48:22.324353
3358,-6.1273,0,51,0.010000,0.297480,2026-05-31T13:48:22.803652
3359,-6.2184,0,50,0.010000,0.253673,2026-05-31T13:48:23.273354
3360,-6.2320,0,50,0.010000,0.251271,2026-05-31T13:48:23.720631
3361,-6.2047,0,50,0.010000,0.243110,2026-05-31T13:48:24.173535
3362,-5.9258,0,53,0.010000,0.291976,2026-05-31T13:48:24.653697
3363,-6.1813,0,50,0.010000,0.290860,2026-05-31T13:48:25.110242
3364,-6.2320,0,50,0.010000,0.279763,2026-05-31T13:48:25.567916
3365,-6.2184,0,50,0.010000,0.281549,2026-05-31T13:48:26.032452
3366,-6.2047,0,50,0.010000,0.290093,2026-05-31T13:48:26.504583
3367,-6.2320,0,50,0.010000,0.230245,2026-05-31T13:48:26.976644
3368,6.5002,1,86,0.010000,0.265624,2026-05-31T13:48:27.748598
3369,-6.1754,0,50,0.010000,0.325594,2026-05-31T13:48:28.216765
3370,-6.2594,0,50,0.010000,0.267649,2026-05-31T13:48:28.678535
3371,-6.2594,0,50,0.010000,0.258253,2026-05-31T13:48:29.129902
3372,-6.2359,0,50,0.010000,0.287465,2026-05-31T13:48:29.581063
3373,-6.2320,0,50,0.010000,0.237038,2026-05-31T13:48:30.038974
3374,-6.1910,0,50,0.010000,0.265314,2026-05-31T13:48:30.504508
3375,-6.2320,0,50,0.010000,0.287058,2026-05-31T13:48:30.970348
3376,-6.2184,0,50,0.010000,0.334709,2026-05-31T13:48:31.426187
3377,-7.4625,0,33,0.010000,0.289331,2026-05-31T13:48:31.732461
3378,-6.2164,0,50,0.010000,0.243286,2026-05-31T13:48:32.191190
3379,-6.2125,0,50,0.010000,0.315104,2026-05-31T13:48:32.643941
3380,-6.2457,0,50,0.010000,0.316571,2026-05-31T13:48:33.119633
3381,-6.2105,0,50,0.010000,0.278529,2026-05-31T13:48:33.657894
3382,-6.2184,0,50,0.010000,0.254080,2026-05-31T13:48:34.120313
3383,-6.1813,0,50,0.010000,0.284740,2026-05-31T13:48:34.572306
3384,-6.1871,0,50,0.010000,0.281428,2026-05-31T13:48:35.024614
3385,-6.2516,0,50,0.010000,0.297451,2026-05-31T13:48:35.504199
3386,-6.2047,0,50,0.010000,0.252055,2026-05-31T13:48:36.032766
3387,-6.2047,0,50,0.010000,0.251164,2026-05-31T13:48:36.542483
3388,-6.2457,0,50,0.010000,0.226936,2026-05-31T13:48:36.980382
3389,-6.1695,0,50,0.010000,0.301811,2026-05-31T13:48:37.444327
3390,-6.2066,0,50,0.010000,0.306908,2026-05-31T13:48:37.911137
3391,-6.6574,0,44,0.010000,0.261887,2026-05-31T13:48:38.322707
3392,-6.2457,0,50,0.010000,0.214706,2026-05-31T13:48:38.790072
3393,-6.1773,0,50,0.010000,0.282808,2026-05-31T13:48:39.257502
3394,-6.2594,0,50,0.010000,0.269837,2026-05-31T13:48:39.712990
3395,-6.2457,0,50,0.010000,0.270347,2026-05-31T13:48:40.169430
3396,-6.2223,0,50,0.010000,0.295814,2026-05-31T13:48:40.623077
3397,-6.1773,0,50,0.010000,0.373425,2026-05-31T13:48:41.087778
3398,-6.2223,0,50,0.010000,0.306478,2026-05-31T13:48:41.545807
3399,6.5754,1,86,0.010000,0.259750,2026-05-31T13:48:42.339877
3400,-6.2320,0,50,0.010000,0.250483,2026-05-31T13:48:42.812165
3401,-6.2320,0,50,0.010000,0.258342,2026-05-31T13:48:43.289726
3402,-6.2320,0,50,0.010000,0.263175,2026-05-31T13:48:43.756235
3403,-6.2457,0,50,0.010000,0.279527,2026-05-31T13:48:44.215208
3404,-6.2066,0,50,0.010000,0.289214,2026-05-31T13:48:44.666704
3405,-6.2105,0,50,0.010000,0.326548,2026-05-31T13:48:45.131012
3406,-6.2027,0,50,0.010000,0.319152,2026-05-31T13:48:45.580292
3407,-6.1988,0,50,0.010000,0.294952,2026-05-31T13:48:46.104005
3408,-7.6211,0,31,0.010000,0.286085,2026-05-31T13:48:46.567998
3409,-6.2105,0,50,0.010000,0.224489,2026-05-31T13:48:47.151285
3410,-6.2457,0,50,0.010000,0.271069,2026-05-31T13:48:47.746219
3411,-6.2457,0,50,0.010000,0.233253,2026-05-31T13:48:48.334613
3412,-6.1773,0,50,0.010000,0.283540,2026-05-31T13:48:48.771461
3413,-6.1910,0,50,0.010000,0.314037,2026-05-31T13:48:49.233329
3414,-6.2457,0,50,0.010000,0.290915,2026-05-31T13:48:49.883675
3415,-6.2359,0,50,0.010000,0.281764,2026-05-31T13:48:50.348773
3416,-6.2223,0,50,0.010000,0.260238,2026-05-31T13:48:50.806897
3417,-6.2457,0,50,0.010000,0.315008,2026-05-31T13:48:51.258442
3418,-5.7563,0,56,0.010000,0.270575,2026-05-31T13:48:51.775454
3419,-6.2184,0,50,0.010000,0.295316,2026-05-31T13:48:52.223191
3420,-6.2457,0,50,0.010000,0.353093,2026-05-31T13:48:52.674957
3421,-6.1117,0,51,0.010000,0.290611,2026-05-31T13:48:53.153570
3422,-6.2457,0,50,0.010000,0.225096,2026-05-31T13:48:53.620661
3423,-6.2359,0,50,0.010000,0.305236,2026-05-31T13:48:54.069258
3424,-6.2184,0,50,0.010000,0.298808,2026-05-31T13:48:54.534224
3425,-6.2594,0,50,0.010000,0.254125,2026-05-31T13:48:54.996976
3426,-6.2594,0,50,0.010000,0.250024,2026-05-31T13:48:55.448105
3427,-5.8141,0,55,0.010000,0.261418,2026-05-31T13:48:55.950712
3428,-6.2320,0,50,0.010000,0.285488,2026-05-31T13:48:56.412803
3429,-6.2086,0,50,0.010000,0.232928,2026-05-31T13:48:56.858669
3430,-5.9609,0,53,0.010000,0.278378,2026-05-31T13:48:57.345128
3431,-6.2359,0,50,0.010000,0.290901,2026-05-31T13:48:57.798010
3432,-6.2223,0,50,0.010000,0.272217,2026-05-31T13:48:58.278107
3433,-6.2594,0,50,0.010000,0.222320,2026-05-31T13:48:58.775725
3434,-6.2184,0,50,0.010000,0.357370,2026-05-31T13:48:59.222251
3435,-6.2594,0,50,0.010000,0.237030,2026-05-31T13:48:59.675500
3436,-6.2047,0,50,0.010000,0.251773,2026-05-31T13:49:00.128936
3437,-6.2047,0,50,0.010000,0.299873,2026-05-31T13:49:00.589679
3438,-6.2594,0,50,0.010000,0.266041,2026-05-31T13:49:01.042253
3439,-6.2105,0,50,0.010000,0.317401,2026-05-31T13:49:01.505453
3440,-6.2438,0,50,0.010000,0.293176,2026-05-31T13:49:01.961348
3441,-6.2457,0,50,0.010000,0.347674,2026-05-31T13:49:02.421180
3442,-6.2105,0,50,0.010000,0.267831,2026-05-31T13:49:02.890429
3443,-6.2457,0,50,0.010000,0.249732,2026-05-31T13:49:03.355796
3444,-5.4969,0,59,0.010000,0.286687,2026-05-31T13:49:03.896089
3445,-6.2203,0,50,0.010000,0.300386,2026-05-31T13:49:04.347479
3446,-6.2184,0,50,0.010000,0.292013,2026-05-31T13:49:04.798653
3447,-6.2457,0,50,0.010000,0.358421,2026-05-31T13:49:05.265490
3448,-6.2457,0,50,0.010000,0.312915,2026-05-31T13:49:05.768519
3449,-6.2594,0,50,0.010000,0.309550,2026-05-31T13:49:06.277641
3450,-6.2125,0,50,0.010000,0.252889,2026-05-31T13:49:06.745117
3451,-6.1891,0,50,0.010000,0.304240,2026-05-31T13:49:07.189848
3452,-6.1637,0,50,0.010000,0.302719,2026-05-31T13:49:07.645402
3453,-6.2320,0,50,0.010000,0.316366,2026-05-31T13:49:08.110672
3454,-6.1773,0,50,0.010000,0.293079,2026-05-31T13:49:08.597429
3455,-6.1910,0,50,0.010000,0.292921,2026-05-31T13:49:09.044083
3456,-6.2184,0,50,0.010000,0.263893,2026-05-31T13:49:09.491485
3457,-6.2164,0,50,0.010000,0.242927,2026-05-31T13:49:09.949897
3458,-6.1988,0,50,0.010000,0.311468,2026-05-31T13:49:10.399794
3459,-7.6211,0,31,0.010000,0.356109,2026-05-31T13:49:10.695627
3460,-6.2594,0,50,0.010000,0.289031,2026-05-31T13:49:11.158438
3461,-6.0844,0,51,0.010000,0.286666,2026-05-31T13:49:11.627354
3462,5.3910,1,70,0.010000,0.281578,2026-05-31T13:49:12.273448
3463,-6.2281,0,50,0.010000,0.219843,2026-05-31T13:49:12.724027
3464,-6.2008,0,50,0.010000,0.214991,2026-05-31T13:49:13.194569
3465,-6.2594,0,50,0.010000,0.296785,2026-05-31T13:49:13.727841
3466,-6.2184,0,50,0.010000,0.292272,2026-05-31T13:49:14.190531
3467,-6.2184,0,50,0.010000,0.249676,2026-05-31T13:49:14.663912
3468,-5.6379,0,57,0.010000,0.246967,2026-05-31T13:49:15.184816
3469,-6.2457,0,50,0.010000,0.313471,2026-05-31T13:49:15.629741
3470,-6.2145,0,50,0.010000,0.309398,2026-05-31T13:49:16.221337
3471,-6.1910,0,50,0.010000,0.296878,2026-05-31T13:49:16.806350
3472,-6.2047,0,50,0.010000,0.246243,2026-05-31T13:49:17.420938
3473,-6.1910,0,50,0.010000,0.297509,2026-05-31T13:49:18.370520
3474,-6.1969,0,50,0.010000,0.277062,2026-05-31T13:49:19.296371
3475,-5.7563,0,56,0.010000,0.281095,2026-05-31T13:49:20.394027
3476,-6.2203,0,50,0.010000,0.243592,2026-05-31T13:49:21.034168
3477,-7.4625,0,33,0.010000,0.264090,2026-05-31T13:49:21.316708
3478,-6.2594,0,50,0.010000,0.297022,2026-05-31T13:49:21.783603
3479,-6.2066,0,50,0.010000,0.277164,2026-05-31T13:49:22.237627
3480,-7.6211,0,31,0.010000,0.298673,2026-05-31T13:49:22.526628
3481,-6.2457,0,50,0.010000,0.334300,2026-05-31T13:49:23.019893
3482,-6.2594,0,50,0.010000,0.294954,2026-05-31T13:49:23.498078
3483,-6.2457,0,50,0.010000,0.284808,2026-05-31T13:49:23.931694
3484,-7.6211,0,31,0.010000,0.286984,2026-05-31T13:49:24.214302
3485,-6.2320,0,50,0.010000,0.313746,2026-05-31T13:49:24.676716
3486,-6.2457,0,50,0.010000,0.255326,2026-05-31T13:49:25.134430
3487,-7.6211,0,31,0.010000,0.229973,2026-05-31T13:49:25.433848
3488,-6.2027,0,50,0.010000,0.314937,2026-05-31T13:49:25.892267
3489,-5.8738,0,54,0.010000,0.298661,2026-05-31T13:49:26.402160
3490,-6.2457,0,50,0.010000,0.281480,2026-05-31T13:49:26.880150
3491,-5.8336,0,55,0.010000,0.328028,2026-05-31T13:49:27.390663
3492,-6.2184,0,50,0.010000,0.268085,2026-05-31T13:49:27.839158
3493,-6.1969,0,50,0.010000,0.325460,2026-05-31T13:49:28.325597
3494,-6.0598,0,52,0.010000,0.280028,2026-05-31T13:49:28.812080
3495,-6.2223,0,50,0.010000,0.339334,2026-05-31T13:49:29.258679
3496,-6.2105,0,50,0.010000,0.258063,2026-05-31T13:49:29.720776
3497,-6.2184,0,50,0.010000,0.307254,2026-05-31T13:49:30.181478
3498,-6.2457,0,50,0.010000,0.307071,2026-05-31T13:49:30.656535
3499,-6.2320,0,50,0.010000,0.223136,2026-05-31T13:49:31.127405
3500,-6.2359,0,50,0.010000,0.259349,2026-05-31T13:49:31.579720
3501,-6.1813,0,50,0.010000,0.268446,2026-05-31T13:49:32.042535
3502,-6.1891,0,50,0.010000,0.248458,2026-05-31T13:49:32.501579
3503,-5.3980,0,60,0.010000,0.329838,2026-05-31T13:49:33.065904
3504,-6.1949,0,50,0.010000,0.295783,2026-05-31T13:49:33.532641
3505,-6.2145,0,50,0.010000,0.261509,2026-05-31T13:49:33.976223
3506,-6.1969,0,50,0.010000,0.278770,2026-05-31T13:49:34.432959
3507,-6.1773,0,50,0.010000,0.259483,2026-05-31T13:49:34.893363
3508,-6.2320,0,50,0.010000,0.286970,2026-05-31T13:49:35.344290
3509,-6.2086,0,50,0.010000,0.287349,2026-05-31T13:49:35.896775
3510,-6.1910,0,50,0.010000,0.319159,2026-05-31T13:49:36.392693
3511,-6.2457,0,50,0.010000,0.332364,2026-05-31T13:49:36.845295
3512,-6.2320,0,50,0.010000,0.285642,2026-05-31T13:49:37.294512
3513,-5.5977,0,58,0.010000,0.250505,2026-05-31T13:49:37.822313
3514,-6.2047,0,50,0.010000,0.249950,2026-05-31T13:49:38.296023
3515,-6.0188,0,52,0.010000,0.290537,2026-05-31T13:49:38.809850
3516,-6.2125,0,50,0.010000,0.233682,2026-05-31T13:49:39.250685
3517,-6.2184,0,50,0.010000,0.276705,2026-05-31T13:49:39.710528
3518,-6.2594,0,50,0.010000,0.336729,2026-05-31T13:49:40.406790
3519,-6.2359,0,50,0.010000,0.242391,2026-05-31T13:49:40.858853
3520,-6.2184,0,50,0.010000,0.311823,2026-05-31T13:49:41.320065
3521,-6.2047,0,50,0.010000,0.312693,2026-05-31T13:49:41.788729
3522,-6.2457,0,50,0.010000,0.290447,2026-05-31T13:49:42.247868
3523,-6.1930,0,50,0.010000,0.366406,2026-05-31T13:49:42.705163
3524,-6.2047,0,50,0.010000,0.300338,2026-05-31T13:49:43.202615
3525,-6.2242,0,50,0.010000,0.280970,2026-05-31T13:49:43.661706
3526,-6.1637,0,50,0.010000,0.254418,2026-05-31T13:49:44.104019
3527,-6.2320,0,50,0.010000,0.298202,2026-05-31T13:49:44.567844
3528,-6.2145,0,50,0.010000,0.285240,2026-05-31T13:49:45.027149
3529,-6.2594,0,50,0.010000,0.261113,2026-05-31T13:49:45.478101
3530,-7.0090,0,39,0.010000,0.277764,2026-05-31T13:49:45.840848
3531,-6.2086,0,50,0.010000,0.335487,2026-05-31T13:49:46.818816
3532,5.1680,1,68,0.010000,0.273955,2026-05-31T13:49:47.700469
3533,-6.1801,0,51,0.010000,0.272989,2026-05-31T13:49:48.333283
3534,-6.2164,0,50,0.010000,0.269776,2026-05-31T13:49:48.840507
3535,-6.2184,0,50,0.010000,0.278994,2026-05-31T13:49:49.283129
3536,-6.2320,0,50,0.010000,0.363423,2026-05-31T13:49:49.872735
3537,-6.2281,0,50,0.010000,0.294219,2026-05-31T13:49:50.362845
3538,-6.2184,0,50,0.010000,0.333690,2026-05-31T13:49:50.810513
3539,-6.2457,0,50,0.010000,0.295105,2026-05-31T13:49:51.276037
3540,-6.2516,0,50,0.010000,0.299559,2026-05-31T13:49:51.743275
3541,-6.2320,0,50,0.010000,0.306992,2026-05-31T13:49:52.210829
3542,-6.2184,0,50,0.010000,0.368305,2026-05-31T13:49:52.656554
3543,-6.2223,0,50,0.010000,0.228481,2026-05-31T13:49:53.118152
3544,-6.2457,0,50,0.010000,0.279931,2026-05-31T13:49:53.583939
3545,-5.7699,0,56,0.010000,0.290576,2026-05-31T13:49:54.085073
3546,-6.2457,0,50,0.010000,0.342282,2026-05-31T13:49:54.533330
3547,-6.1949,0,50,0.010000,0.274441,2026-05-31T13:49:54.996134
3548,-6.2594,0,50,0.010000,0.259683,2026-05-31T13:49:55.462373
3549,-6.2125,0,50,0.010000,0.265215,2026-05-31T13:49:55.908691
3550,-6.2594,0,50,0.010000,0.275448,2026-05-31T13:49:56.353708
3551,-5.8063,0,55,0.010000,0.264373,2026-05-31T13:49:56.874249
3552,-6.1891,0,50,0.010000,0.290914,2026-05-31T13:49:57.335111
3553,-6.2184,0,50,0.010000,0.323502,2026-05-31T13:49:57.788495
3554,-6.2457,0,50,0.010000,0.266763,2026-05-31T13:49:58.258461
3555,-6.2301,0,50,0.010000,0.327981,2026-05-31T13:49:58.723018
3556,-6.2516,0,50,0.010000,0.264418,2026-05-31T13:49:59.176101
3557,-6.2203,0,50,0.010000,0.301432,2026-05-31T13:49:59.632507
3558,-6.2320,0,50,0.010000,0.290767,2026-05-31T13:50:00.085573
3559,-5.7836,0,56,0.010000,0.292620,2026-05-31T13:50:00.599488
3560,-6.1891,0,50,0.010000,0.299922,2026-05-31T13:50:01.048721
3561,-6.2086,0,50,0.010000,0.312313,2026-05-31T13:50:01.514990
3562,-6.2281,0,50,0.010000,0.327962,2026-05-31T13:50:02.027661
3563,-5.7113,0,56,0.010000,0.338888,2026-05-31T13:50:02.522525
3564,-6.1773,0,50,0.010000,0.339226,2026-05-31T13:50:03.004314
3565,-6.2047,0,50,0.010000,0.276823,2026-05-31T13:50:03.491395
3566,-6.2184,0,50,0.010000,0.271294,2026-05-31T13:50:03.929653
3567,-6.1930,0,50,0.010000,0.277022,2026-05-31T13:50:04.380136
3568,-6.2320,0,50,0.010000,0.260885,2026-05-31T13:50:04.838274
3569,-6.1891,0,50,0.010000,0.294118,2026-05-31T13:50:05.301920
3570,-6.2145,0,50,0.010000,0.295787,2026-05-31T13:50:05.771272
3571,-7.6211,0,31,0.010000,0.355493,2026-05-31T13:50:06.104049
3572,-6.2379,0,50,0.010000,0.343048,2026-05-31T13:50:06.563178
3573,-6.2047,0,50,0.010000,0.296146,2026-05-31T13:50:07.028705
3574,-6.2320,0,50,0.010000,0.263686,2026-05-31T13:50:07.487094
3575,-6.2125,0,50,0.010000,0.323619,2026-05-31T13:50:07.948705
3576,-6.1871,0,50,0.010000,0.241702,2026-05-31T13:50:08.413467
3577,-6.1910,0,50,0.010000,0.284484,2026-05-31T13:50:08.876316
3578,-6.1754,0,50,0.010000,0.291133,2026-05-31T13:50:09.317919
3579,-6.2203,0,50,0.010000,0.227183,2026-05-31T13:50:09.768510
3580,-6.2320,0,50,0.010000,0.295102,2026-05-31T13:50:10.222040
3581,-6.2105,0,50,0.010000,0.245751,2026-05-31T13:50:10.671739
3582,-6.2047,0,50,0.010000,0.250442,2026-05-31T13:50:11.144560
3583,-6.2457,0,50,0.010000,0.249243,2026-05-31T13:50:11.609817
3584,-6.2594,0,50,0.010000,0.291174,2026-05-31T13:50:12.076842
3585,-6.2457,0,50,0.010000,0.317405,2026-05-31T13:50:12.521436
3586,-6.2594,0,50,0.010000,0.305950,2026-05-31T13:50:12.985664
3587,-6.1910,0,50,0.010000,0.319956,2026-05-31T13:50:13.455389
3588,-6.2379,0,50,0.010000,0.347048,2026-05-31T13:50:13.928479
3589,-6.1773,0,50,0.010000,0.315904,2026-05-31T13:50:14.377222
3590,-6.2320,0,50,0.010000,0.270768,2026-05-31T13:50:14.834597
3591,-6.2320,0,50,0.010000,0.296819,2026-05-31T13:50:15.306753
3592,-6.2184,0,50,0.010000,0.368807,2026-05-31T13:50:15.762166
3593,-6.2594,0,50,0.010000,0.332997,2026-05-31T13:50:16.425085
3594,-6.1930,0,50,0.010000,0.290687,2026-05-31T13:50:16.987407
3595,-6.2301,0,50,0.010000,0.231791,2026-05-31T13:50:17.575492
3596,-6.2184,0,50,0.010000,0.232709,2026-05-31T13:50:18.182543
3597,-6.2457,0,50,0.010000,0.295036,2026-05-31T13:50:18.628521
3598,-6.2320,0,50,0.010000,0.318375,2026-05-31T13:50:19.089387
3599,-6.2320,0,50,0.010000,0.312285,2026-05-31T13:50:19.792699
3600,-6.1773,0,50,0.010000,0.307466,2026-05-31T13:50:20.270902
3601,-6.2242,0,50,0.010000,0.291364,2026-05-31T13:50:20.738459
3602,-6.2145,0,50,0.010000,0.289463,2026-05-31T13:50:21.181963
3603,-6.2066,0,50,0.010000,0.231962,2026-05-31T13:50:21.637185
3604,-6.2320,0,50,0.010000,0.317600,2026-05-31T13:50:22.101157
3605,-6.2457,0,50,0.010000,0.268852,2026-05-31T13:50:22.551115
3606,-6.2184,0,50,0.010000,0.355515,2026-05-31T13:50:23.011351
3607,-7.4625,0,33,0.010000,0.299322,2026-05-31T13:50:23.358055
3608,-6.1871,0,50,0.010000,0.302240,2026-05-31T13:50:23.814220
3609,-6.2301,0,50,0.010000,0.226395,2026-05-31T13:50:24.261941
3610,-6.2320,0,50,0.010000,0.302867,2026-05-31T13:50:24.712646
3611,-6.2027,0,50,0.010000,0.284098,2026-05-31T13:50:25.177066
3612,-6.2301,0,50,0.010000,0.325515,2026-05-31T13:50:25.622509
3613,-6.1695,0,50,0.010000,0.273088,2026-05-31T13:50:26.081249
3614,-6.1988,0,50,0.010000,0.255731,2026-05-31T13:50:26.530305
3615,-6.2320,0,50,0.010000,0.249555,2026-05-31T13:50:26.987527
3616,-6.2516,0,50,0.010000,0.283100,2026-05-31T13:50:27.451862
3617,-6.2457,0,50,0.010000,0.259217,2026-05-31T13:50:27.901232
3618,-6.2223,0,50,0.010000,0.314449,2026-05-31T13:50:28.370683
3619,-6.1695,0,50,0.010000,0.250911,2026-05-31T13:50:28.819580
3620,-6.2164,0,50,0.010000,0.300502,2026-05-31T13:50:29.272796
3621,-6.2457,0,50,0.010000,0.264430,2026-05-31T13:50:29.716980
3622,-6.2594,0,50,0.010000,0.328238,2026-05-31T13:50:30.182100
3623,-6.2125,0,50,0.010000,0.302303,2026-05-31T13:50:30.627489
3624,-6.2203,0,50,0.010000,0.326849,2026-05-31T13:50:31.086934
3625,-6.2320,0,50,0.010000,0.291221,2026-05-31T13:50:31.553787
3626,-6.1695,0,50,0.010000,0.220137,2026-05-31T13:50:32.013501
3627,-6.2047,0,50,0.010000,0.278529,2026-05-31T13:50:32.606523
3628,-6.2047,0,50,0.010000,0.288304,2026-05-31T13:50:33.106007
3629,-6.1813,0,50,0.010000,0.285673,2026-05-31T13:50:33.578844
3630,-6.1508,0,51,0.010000,0.321296,2026-05-31T13:50:34.042833
3631,-7.6211,0,31,0.010000,0.223065,2026-05-31T13:50:34.330008
3632,-6.2281,0,50,0.010000,0.231481,2026-05-31T13:50:34.785594
3633,-5.9285,0,54,0.010000,0.300391,2026-05-31T13:50:35.316579
3634,-6.2594,0,50,0.010000,0.307763,2026-05-31T13:50:35.874261
3635,-6.2164,0,50,0.010000,0.313972,2026-05-31T13:50:36.357841
3636,-6.1754,0,50,0.010000,0.311354,2026-05-31T13:50:36.792372
3637,-6.1988,0,50,0.010000,0.316551,2026-05-31T13:50:37.254316
3638,-6.2516,0,50,0.010000,0.272218,2026-05-31T13:50:37.702462
3639,-6.2594,0,50,0.010000,0.226251,2026-05-31T13:50:38.171980
3640,-6.7039,0,43,0.010000,0.279907,2026-05-31T13:50:38.571046
3641,6.4650,1,86,0.010000,0.307897,2026-05-31T13:50:39.355700
3642,-6.2008,0,50,0.010000,0.221670,2026-05-31T13:50:39.827293
3643,-6.1988,0,50,0.010000,0.318230,2026-05-31T13:50:40.294878
3644,-6.2027,0,50,0.010000,0.259110,2026-05-31T13:50:40.738046
3645,-6.2594,0,50,0.010000,0.288966,2026-05-31T13:50:41.199686
3646,-6.2047,0,50,0.010000,0.286203,2026-05-31T13:50:41.652181
3647,-7.6211,0,31,0.010000,0.243081,2026-05-31T13:50:41.947270
3648,-6.1832,0,50,0.010000,0.288092,2026-05-31T13:50:42.409388
3649,-6.2105,0,50,0.010000,0.216296,2026-05-31T13:50:42.860528
3650,-6.2184,0,50,0.010000,0.297667,2026-05-31T13:50:43.370497
3651,-6.0734,0,52,0.010000,0.283985,2026-05-31T13:50:43.845741
3652,-6.2594,0,50,0.010000,0.221083,2026-05-31T13:50:44.316183
3653,-5.9285,0,54,0.010000,0.300569,2026-05-31T13:50:44.820387
3654,-6.2027,0,50,0.010000,0.294361,2026-05-31T13:50:45.294917
3655,-6.2379,0,50,0.010000,0.252891,2026-05-31T13:50:45.731780
3656,-6.1637,0,50,0.010000,0.260984,2026-05-31T13:50:46.326112
3657,-6.2594,0,50,0.010000,0.296551,2026-05-31T13:50:46.956712
3658,-6.1910,0,50,0.010000,0.330311,2026-05-31T13:50:47.561419
3659,-6.2457,0,50,0.010000,0.287740,2026-05-31T13:50:48.186584
3660,-6.2008,0,50,0.010000,0.331380,2026-05-31T13:50:48.649571
3661,-5.9422,0,54,0.010000,0.368424,2026-05-31T13:50:49.136701
3662,-6.2320,0,50,0.010000,0.223847,2026-05-31T13:50:49.777631
3663,-7.6211,0,31,0.010000,0.319473,2026-05-31T13:50:50.073696
3664,-6.2184,0,50,0.010000,0.255340,2026-05-31T13:50:50.505043
3665,-6.2457,0,50,0.010000,0.301132,2026-05-31T13:50:50.971781
3666,-6.2184,0,50,0.010000,0.273877,2026-05-31T13:50:51.440758
3667,-6.2594,0,50,0.010000,0.313846,2026-05-31T13:50:51.902648
3668,-6.2438,0,50,0.010000,0.246210,2026-05-31T13:50:52.353290
3669,-6.2145,0,50,0.010000,0.292704,2026-05-31T13:50:52.804609
3670,-6.2184,0,50,0.010000,0.290019,2026-05-31T13:50:53.272834
3671,-6.2047,0,50,0.010000,0.247652,2026-05-31T13:50:53.731448
3672,-6.2047,0,50,0.010000,0.299115,2026-05-31T13:50:54.184084
3673,-6.2457,0,50,0.010000,0.291840,2026-05-31T13:50:54.637072
3674,-6.1527,0,51,0.010000,0.301361,2026-05-31T13:50:55.107010
3675,-6.2066,0,50,0.010000,0.272528,2026-05-31T13:50:55.580641
3676,-6.2047,0,50,0.010000,0.276120,2026-05-31T13:50:56.043091
3677,-6.2047,0,50,0.010000,0.262770,2026-05-31T13:50:56.494134
3678,4.7852,1,63,0.010000,0.248256,2026-05-31T13:50:57.072702
3679,-6.2594,0,50,0.010000,0.358497,2026-05-31T13:50:57.530499
3680,-6.2457,0,50,0.010000,0.327901,2026-05-31T13:50:57.993168
3681,-6.2594,0,50,0.010000,0.287127,2026-05-31T13:50:58.456605
3682,-6.2320,0,50,0.010000,0.290655,2026-05-31T13:50:58.921606
3683,-6.2457,0,50,0.010000,0.310216,2026-05-31T13:50:59.380554
3684,-6.2320,0,50,0.010000,0.322504,2026-05-31T13:50:59.828127
3685,-6.1832,0,50,0.010000,0.317108,2026-05-31T13:51:00.294773
3686,-6.2066,0,50,0.010000,0.290608,2026-05-31T13:51:00.739367
3687,-6.1773,0,50,0.010000,0.282471,2026-05-31T13:51:01.199091
3688,-6.2594,0,50,0.010000,0.248206,2026-05-31T13:51:01.646247
3689,-6.2047,0,50,0.010000,0.313307,2026-05-31T13:51:02.108356
3690,-7.6211,0,31,0.010000,0.344025,2026-05-31T13:51:02.393549
3691,-6.1813,0,50,0.010000,0.193570,2026-05-31T13:51:02.837126
3692,-6.2027,0,50,0.010000,0.341550,2026-05-31T13:51:03.331935
3693,-6.1910,0,50,0.010000,0.277968,2026-05-31T13:51:03.801300
3694,-6.2320,0,50,0.010000,0.253827,2026-05-31T13:51:04.248917
3695,-6.2184,0,50,0.010000,0.260909,2026-05-31T13:51:04.700223
3696,-6.2203,0,50,0.010000,0.286079,2026-05-31T13:51:05.172086
3697,-5.6113,0,58,0.010000,0.270648,2026-05-31T13:51:05.869136
3698,-7.6211,0,31,0.010000,0.365276,2026-05-31T13:51:06.220056
3699,-6.2594,0,50,0.010000,0.271610,2026-05-31T13:51:06.671514
3700,-6.2379,0,50,0.010000,0.284520,2026-05-31T13:51:07.120305
3701,-6.2359,0,50,0.010000,0.262352,2026-05-31T13:51:07.708801
3702,-6.2594,0,50,0.010000,0.277899,2026-05-31T13:51:08.306381
3703,-6.2594,0,50,0.010000,0.305062,2026-05-31T13:51:08.759425
3704,-6.2281,0,50,0.010000,0.290687,2026-05-31T13:51:09.205427
3705,-6.2457,0,50,0.010000,0.241905,2026-05-31T13:51:09.658148
3706,-5.9805,0,53,0.010000,0.274878,2026-05-31T13:51:10.142931
3707,-6.2594,0,50,0.010000,0.308228,2026-05-31T13:51:10.594841
3708,-6.1254,0,51,0.010000,0.305953,2026-05-31T13:51:11.062491
3709,-6.2164,0,50,0.010000,0.251060,2026-05-31T13:51:11.532800
3710,-6.2457,0,50,0.010000,0.296943,2026-05-31T13:51:12.002061
3711,-6.2027,0,50,0.010000,0.279334,2026-05-31T13:51:12.455388
3712,-6.2145,0,50,0.010000,0.238803,2026-05-31T13:51:12.902781
3713,-6.2184,0,50,0.010000,0.228450,2026-05-31T13:51:13.381918
3714,-6.1773,0,50,0.010000,0.257778,2026-05-31T13:51:13.843671
3715,-6.1910,0,50,0.010000,0.300926,2026-05-31T13:51:14.295980
3716,-6.2457,0,50,0.010000,0.317314,2026-05-31T13:51:14.778262
3717,-6.1910,0,50,0.010000,0.298451,2026-05-31T13:51:15.243256
3718,-6.2145,0,50,0.010000,0.261531,2026-05-31T13:51:15.716233
3719,-6.1910,0,50,0.010000,0.315129,2026-05-31T13:51:16.345753
3720,-6.2320,0,50,0.010000,0.313024,2026-05-31T13:51:16.917945
3721,-5.5762,0,58,0.010000,0.333382,2026-05-31T13:51:17.600913
3722,-6.2594,0,50,0.010000,0.289090,2026-05-31T13:51:18.163493
3723,-6.2516,0,50,0.010000,0.329556,2026-05-31T13:51:18.617732
3724,-6.2047,0,50,0.010000,0.278845,2026-05-31T13:51:19.085986
3725,-6.2184,0,50,0.010000,0.292483,2026-05-31T13:51:19.703514
3726,-6.1832,0,50,0.010000,0.299566,2026-05-31T13:51:20.180384
3727,-6.1910,0,50,0.010000,0.231239,2026-05-31T13:51:20.646409
3728,-6.2203,0,50,0.010000,0.260829,2026-05-31T13:51:21.690562
3729,-6.1695,0,50,0.010000,0.246110,2026-05-31T13:51:22.397042
3730,-6.2242,0,50,0.010000,0.282635,2026-05-31T13:51:22.930959
3731,-6.1754,0,50,0.010000,0.234395,2026-05-31T13:51:23.523940
3732,-6.2594,0,50,0.010000,0.253354,2026-05-31T13:51:24.082103
3733,-6.2242,0,50,0.010000,0.312839,2026-05-31T13:51:24.630365
3734,-6.2184,0,50,0.010000,0.324851,2026-05-31T13:51:25.163391
3735,-6.1637,0,50,0.010000,0.282433,2026-05-31T13:51:25.716167
3736,-6.2594,0,50,0.010000,0.264729,2026-05-31T13:51:26.266164
3737,5.1836,1,68,0.010000,0.308820,2026-05-31T13:51:27.111990
3738,-6.2457,0,50,0.010000,0.315963,2026-05-31T13:51:29.459483
3739,-6.1891,0,50,0.010000,0.297284,2026-05-31T13:51:30.308696
3740,-6.2594,0,50,0.010000,0.254998,2026-05-31T13:51:30.980216
3741,-6.2457,0,50,0.010000,0.314886,2026-05-31T13:51:31.755977
3742,-6.0480,0,52,0.010000,0.320283,2026-05-31T13:51:32.685663
3743,-6.1969,0,50,0.010000,0.320118,2026-05-31T13:51:33.442257
3744,-7.6211,0,31,0.010000,0.250949,2026-05-31T13:51:33.837660
3745,-7.6211,0,31,0.010000,0.295786,2026-05-31T13:51:34.172525
3746,-6.1910,0,50,0.010000,0.268677,2026-05-31T13:51:34.736945
3747,-6.2320,0,50,0.010000,0.273932,2026-05-31T13:51:35.294094
3748,-6.2184,0,50,0.010000,0.270763,2026-05-31T13:51:35.888286
3749,-6.1754,0,50,0.010000,0.243402,2026-05-31T13:51:36.447797
3750,-6.1930,0,50,0.010000,0.251547,2026-05-31T13:51:36.982592
3751,-6.2027,0,50,0.010000,0.275707,2026-05-31T13:51:37.560435
3752,4.9191,1,64,0.010000,0.281716,2026-05-31T13:51:38.278288
3753,-6.2594,0,50,0.010000,0.262758,2026-05-31T13:51:38.818180
3754,-6.2320,0,50,0.010000,0.327845,2026-05-31T13:51:39.377979
3755,-6.1695,0,50,0.010000,0.295815,2026-05-31T13:51:39.919761
3756,-6.1930,0,50,0.010000,0.278533,2026-05-31T13:51:40.479177
3757,-6.2086,0,50,0.010000,0.254078,2026-05-31T13:51:41.002842
3758,-7.6211,0,31,0.010000,0.272807,2026-05-31T13:51:41.349154
3759,-6.2047,0,50,0.010000,0.321343,2026-05-31T13:51:41.884458
3760,-6.2145,0,50,0.010000,0.272738,2026-05-31T13:51:42.441412
3761,-6.2320,0,50,0.010000,0.318156,2026-05-31T13:51:42.984346
3762,-6.2594,0,50,0.010000,0.248043,2026-05-31T13:51:43.546446
3763,-6.2223,0,50,0.010000,0.247373,2026-05-31T13:51:44.077493
3764,-6.2320,0,50,0.010000,0.288117,2026-05-31T13:51:44.645606
3765,-6.1801,0,51,0.010000,0.307544,2026-05-31T13:51:45.205688
3766,5.1375,1,67,0.010000,0.269144,2026-05-31T13:51:46.025314
3767,-6.2594,0,50,0.010000,0.274988,2026-05-31T13:51:47.201745
3768,-6.1988,0,50,0.010000,0.243158,2026-05-31T13:51:48.079426
3769,-6.2184,0,50,0.010000,0.243609,2026-05-31T13:51:49.128599
3770,-6.1930,0,50,0.010000,0.342454,2026-05-31T13:51:49.846617
3771,-6.2184,0,50,0.010000,0.341485,2026-05-31T13:51:50.468328
3772,-6.2594,0,50,0.010000,0.286670,2026-05-31T13:51:51.328590
3773,-6.2457,0,50,0.010000,0.246721,2026-05-31T13:51:52.121706
3774,-6.2320,0,50,0.010000,0.277903,2026-05-31T13:51:52.876288
3775,-6.2320,0,50,0.010000,0.296630,2026-05-31T13:51:53.497689
3776,-6.1832,0,50,0.010000,0.281383,2026-05-31T13:51:54.084081
3777,-6.1988,0,50,0.010000,0.306970,2026-05-31T13:51:54.677931
3778,-6.2105,0,50,0.010000,0.288319,2026-05-31T13:51:55.262282
3779,-6.2145,0,50,0.010000,0.229979,2026-05-31T13:51:55.867706
3780,-6.2320,0,50,0.010000,0.332065,2026-05-31T13:51:56.605999
3781,-6.1949,0,50,0.010000,0.242194,2026-05-31T13:51:57.203114
3782,-6.2301,0,50,0.010000,0.279601,2026-05-31T13:51:57.810806
3783,-6.2027,0,50,0.010000,0.271391,2026-05-31T13:51:58.445185
3784,-6.2320,0,50,0.010000,0.274628,2026-05-31T13:51:59.021642
3785,-6.1969,0,50,0.010000,0.284510,2026-05-31T13:51:59.637114
3786,-6.2047,0,50,0.010000,0.285512,2026-05-31T13:52:00.545903
3787,-6.1910,0,50,0.010000,0.239089,2026-05-31T13:52:01.158182
3788,-5.6906,0,57,0.010000,0.283572,2026-05-31T13:52:02.039883
3789,-6.2320,0,50,0.010000,0.274095,2026-05-31T13:52:02.636308
3790,-6.1969,0,50,0.010000,0.289933,2026-05-31T13:52:03.333247
3791,-6.2457,0,50,0.010000,0.266901,2026-05-31T13:52:04.085817
3792,-6.2594,0,50,0.010000,0.269016,2026-05-31T13:52:04.703270
3793,-6.2066,0,50,0.010000,0.268783,2026-05-31T13:52:05.306185
3794,-6.1813,0,50,0.010000,0.337405,2026-05-31T13:52:05.932071
3795,-6.1910,0,50,0.010000,0.301440,2026-05-31T13:52:06.531773
3796,-5.6496,0,57,0.010000,0.254175,2026-05-31T13:52:07.202762
3797,-6.2359,0,50,0.010000,0.270156,2026-05-31T13:52:08.084019
3798,-7.6211,0,31,0.010000,0.227317,2026-05-31T13:52:08.516765
3799,-6.2223,0,50,0.010000,0.342545,2026-05-31T13:52:09.101007
3800,-6.1773,0,50,0.010000,0.270039,2026-05-31T13:52:09.698419
3801,-6.2164,0,50,0.010000,0.243571,2026-05-31T13:52:10.320573
3802,-6.1664,0,51,0.010000,0.300944,2026-05-31T13:52:10.920467
3803,-7.0041,0,39,0.010000,0.235318,2026-05-31T13:52:11.403687
3804,-6.1891,0,50,0.010000,0.281576,2026-05-31T13:52:11.986288
3805,-6.1910,0,50,0.010000,0.388047,2026-05-31T13:52:12.605546
3806,-6.2320,0,50,0.010000,0.251772,2026-05-31T13:52:13.228417
3807,-6.2047,0,50,0.010000,0.231217,2026-05-31T13:52:14.048017
3808,-6.2301,0,50,0.010000,0.225333,2026-05-31T13:52:14.723129
3809,-6.1773,0,50,0.010000,0.259539,2026-05-31T13:52:15.547855
3810,-6.2457,0,50,0.010000,0.294103,2026-05-31T13:52:16.551053
3811,-6.1910,0,50,0.010000,0.306088,2026-05-31T13:52:17.315875
3812,-6.2027,0,50,0.010000,0.289918,2026-05-31T13:52:18.114572
3813,-6.2320,0,50,0.010000,0.324820,2026-05-31T13:52:18.891227
3814,-6.2359,0,50,0.010000,0.219628,2026-05-31T13:52:19.516012
3815,-6.1910,0,50,0.010000,0.271355,2026-05-31T13:52:20.398203
3816,-6.2184,0,50,0.010000,0.321526,2026-05-31T13:52:21.052538
3817,-6.2047,0,50,0.010000,0.290524,2026-05-31T13:52:21.914871
3818,-6.1410,0,51,0.010000,0.267881,2026-05-31T13:52:22.689146
3819,-6.2516,0,50,0.010000,0.259372,2026-05-31T13:52:23.235431
3820,-6.1910,0,50,0.010000,0.318588,2026-05-31T13:52:23.770114
3821,-5.8738,0,54,0.010000,0.284765,2026-05-31T13:52:24.364654
3822,-6.1695,0,50,0.010000,0.297548,2026-05-31T13:52:24.917939
3823,-6.2281,0,50,0.010000,0.261524,2026-05-31T13:52:25.481568
3824,-6.2457,0,50,0.010000,0.286690,2026-05-31T13:52:26.050423
3825,-6.2320,0,50,0.010000,0.254249,2026-05-31T13:52:26.600805
3826,-6.1813,0,50,0.010000,0.323577,2026-05-31T13:52:27.141322
3827,-6.2184,0,50,0.010000,0.324166,2026-05-31T13:52:27.677533
3828,-6.2320,0,50,0.010000,0.254049,2026-05-31T13:52:28.236766
3829,-6.1773,0,50,0.010000,0.254742,2026-05-31T13:52:28.778287
3830,-6.2457,0,50,0.010000,0.245373,2026-05-31T13:52:29.318421
3831,-6.2457,0,50,0.010000,0.274035,2026-05-31T13:52:29.887664
3832,-6.2457,0,50,0.010000,0.323043,2026-05-31T13:52:30.426053
3833,-6.2184,0,50,0.010000,0.245428,2026-05-31T13:52:30.965744
3834,-6.2301,0,50,0.010000,0.241742,2026-05-31T13:52:31.525408
3835,-6.2047,0,50,0.010000,0.307859,2026-05-31T13:52:32.065841
3836,-6.2320,0,50,0.010000,0.297129,2026-05-31T13:52:32.630106
3837,-6.2457,0,50,0.010000,0.302361,2026-05-31T13:52:33.181943
3838,-6.2047,0,50,0.010000,0.306774,2026-05-31T13:52:33.798138
3839,-6.2359,0,50,0.010000,0.273024,2026-05-31T13:52:34.336476
3840,-6.2594,0,50,0.010000,0.266555,2026-05-31T13:52:34.877627
3841,-6.1910,0,50,0.010000,0.272348,2026-05-31T13:52:35.427042
3842,-6.2438,0,50,0.010000,0.261526,2026-05-31T13:52:36.041774
3843,-6.1930,0,50,0.010000,0.302786,2026-05-31T13:52:36.597367
3844,-6.2047,0,50,0.010000,0.283535,2026-05-31T13:52:37.231792
3845,-6.2281,0,50,0.010000,0.250407,2026-05-31T13:52:37.809361
3846,-6.2320,0,50,0.010000,0.250779,2026-05-31T13:52:38.375138
3847,-6.1988,0,50,0.010000,0.270106,2026-05-31T13:52:38.911349
3848,-6.2184,0,50,0.010000,0.232486,2026-05-31T13:52:39.455379
3849,-6.2320,0,50,0.010000,0.319635,2026-05-31T13:52:40.017826
3850,-6.2457,0,50,0.010000,0.269226,2026-05-31T13:52:40.564177
3851,-6.2320,0,50,0.010000,0.271610,2026-05-31T13:52:41.119768
3852,-6.2008,0,50,0.010000,0.314444,2026-05-31T13:52:41.685717
3853,-6.2594,0,50,0.010000,0.239554,2026-05-31T13:52:42.215795
3854,-6.2047,0,50,0.010000,0.278702,2026-05-31T13:52:42.771043
3855,-6.1637,0,50,0.010000,0.244686,2026-05-31T13:52:43.336435
3856,-6.1910,0,50,0.010000,0.242871,2026-05-31T13:52:43.850575
3857,-6.2223,0,50,0.010000,0.258461,2026-05-31T13:52:44.398912
3858,-6.1910,0,50,0.010000,0.238514,2026-05-31T13:52:44.943848
3859,-6.1754,0,50,0.010000,0.309993,2026-05-31T13:52:45.512073
3860,-6.2457,0,50,0.010000,0.281881,2026-05-31T13:52:46.160305
3861,-6.2008,0,50,0.010000,0.249025,2026-05-31T13:52:46.863073
3862,-6.2242,0,50,0.010000,0.244783,2026-05-31T13:52:47.636729
3863,-6.1832,0,50,0.010000,0.331715,2026-05-31T13:52:48.387759
3864,-6.2594,0,50,0.010000,0.245542,2026-05-31T13:52:48.920083
3865,-6.2242,0,50,0.010000,0.276948,2026-05-31T13:52:49.504998
3866,-6.2594,0,50,0.010000,0.287734,2026-05-31T13:52:50.234616
3867,-6.2184,0,50,0.010000,0.273930,2026-05-31T13:52:50.790208
3868,-7.6211,0,31,0.010000,0.311469,2026-05-31T13:52:51.149325
3869,-6.2320,0,50,0.010000,0.310803,2026-05-31T13:52:51.721743
3870,-6.1773,0,50,0.010000,0.272820,2026-05-31T13:52:52.252646
3871,-6.2457,0,50,0.010000,0.334809,2026-05-31T13:52:52.853907
3872,-6.1754,0,50,0.010000,0.291966,2026-05-31T13:52:53.409690
3873,4.8508,1,64,0.010000,0.253462,2026-05-31T13:52:54.122996
3874,-6.2047,0,50,0.010000,0.296438,2026-05-31T13:52:54.680054
3875,-7.6211,0,31,0.010000,0.241651,2026-05-31T13:52:55.019133
3876,-6.2105,0,50,0.010000,0.235855,2026-05-31T13:52:55.561216
3877,-6.2457,0,50,0.010000,0.275844,2026-05-31T13:52:56.096414
3878,-6.2457,0,50,0.010000,0.261992,2026-05-31T13:52:56.629175
3879,-6.2223,0,50,0.010000,0.285299,2026-05-31T13:52:57.171603
3880,-6.2594,0,50,0.010000,0.238361,2026-05-31T13:52:57.752325
3881,-6.2301,0,50,0.010000,0.296617,2026-05-31T13:52:58.311693
3882,-6.2594,0,50,0.010000,0.250789,2026-05-31T13:52:58.880547
3883,-6.2594,0,50,0.010000,0.292650,2026-05-31T13:52:59.436364
3884,-6.1910,0,50,0.010000,0.288782,2026-05-31T13:52:59.973061
3885,-6.2457,0,50,0.010000,0.256678,2026-05-31T13:53:00.531895
3886,-6.0000,0,53,0.010000,0.286077,2026-05-31T13:53:01.106641
3887,-6.2457,0,50,0.010000,0.273471,2026-05-31T13:53:01.665797
3888,-6.2457,0,50,0.010000,0.335103,2026-05-31T13:53:02.217299
3889,-6.2184,0,50,0.010000,0.334887,2026-05-31T13:53:02.768962
3890,-6.1871,0,50,0.010000,0.287860,2026-05-31T13:53:03.331486
3891,-6.1637,0,50,0.010000,0.231111,2026-05-31T13:53:03.852155
3892,-7.6211,0,31,0.010000,0.261418,2026-05-31T13:53:04.202465
3893,-6.2301,0,50,0.010000,0.261816,2026-05-31T13:53:04.752089
3894,-6.2320,0,50,0.010000,0.263530,2026-05-31T13:53:05.311224
3895,-6.1891,0,50,0.010000,0.250472,2026-05-31T13:53:05.981210
3896,-6.1949,0,50,0.010000,0.302955,2026-05-31T13:53:06.498739
3897,-6.2125,0,50,0.010000,0.329237,2026-05-31T13:53:07.036426
3898,-6.2223,0,50,0.010000,0.280648,2026-05-31T13:53:07.576788
3899,-6.2320,0,50,0.010000,0.267604,2026-05-31T13:53:08.141122
3900,-6.2047,0,50,0.010000,0.282128,2026-05-31T13:53:08.685251
3901,-6.1969,0,50,0.010000,0.377049,2026-05-31T13:53:09.237884
3902,-6.2320,0,50,0.010000,0.238965,2026-05-31T13:53:09.807585
3903,-5.4664,0,60,0.010000,0.287237,2026-05-31T13:53:10.436859
3904,-7.6211,0,31,0.010000,0.246774,2026-05-31T13:53:10.788201
3905,-6.2457,0,50,0.010000,0.226035,2026-05-31T13:53:11.324677
3906,-7.6211,0,31,0.010000,0.341714,2026-05-31T13:53:11.681359
3907,-6.2438,0,50,0.010000,0.260409,2026-05-31T13:53:12.351041
3908,-7.6211,0,31,0.010000,0.251546,2026-05-31T13:53:12.683498
3909,-6.2457,0,50,0.010000,0.308212,2026-05-31T13:53:13.235958
3910,-6.2203,0,50,0.010000,0.303333,2026-05-31T13:53:13.791573
3911,-6.2105,0,50,0.010000,0.284266,2026-05-31T13:53:14.318150
3912,-6.2457,0,50,0.010000,0.328264,2026-05-31T13:53:14.854655
3913,-6.2047,0,50,0.010000,0.271604,2026-05-31T13:53:15.387464
3914,-6.1637,0,50,0.010000,0.274396,2026-05-31T13:53:16.042275
3915,-6.1695,0,50,0.010000,0.344967,2026-05-31T13:53:16.786593
3916,-6.2223,0,50,0.010000,0.258727,2026-05-31T13:53:17.473462
3917,-6.2203,0,50,0.010000,0.267267,2026-05-31T13:53:18.225361
3918,-6.2320,0,50,0.010000,0.323213,2026-05-31T13:53:18.806492
3919,-6.2281,0,50,0.010000,0.264368,2026-05-31T13:53:19.345845
3920,-6.2594,0,50,0.010000,0.319093,2026-05-31T13:53:20.147399
3921,-6.2281,0,50,0.010000,0.340307,2026-05-31T13:53:20.665354
3922,-7.6211,0,31,0.010000,0.341495,2026-05-31T13:53:21.019959
3923,-6.2594,0,50,0.010000,0.306163,2026-05-31T13:53:21.578865
3924,-6.2594,0,50,0.010000,0.344649,2026-05-31T13:53:22.142691
3925,-6.2320,0,50,0.010000,0.305419,2026-05-31T13:53:22.694571
3926,-6.1910,0,50,0.010000,0.370019,2026-05-31T13:53:23.251961
3927,-6.2594,0,50,0.010000,0.241800,2026-05-31T13:53:23.796413
3928,-6.1773,0,50,0.010000,0.219893,2026-05-31T13:53:24.324113
3929,-6.2457,0,50,0.010000,0.255511,2026-05-31T13:53:24.862927
3930,-6.1988,0,50,0.010000,0.279876,2026-05-31T13:53:25.409139
3931,-5.7152,0,56,0.010000,0.280613,2026-05-31T13:53:26.041028
3932,-6.2457,0,50,0.010000,0.304919,2026-05-31T13:53:26.581269
3933,-6.2164,0,50,0.010000,0.269389,2026-05-31T13:53:27.130215
3934,5.3266,1,70,0.010000,0.285978,2026-05-31T13:53:27.917731
3935,-6.2594,0,50,0.010000,0.285169,2026-05-31T13:53:28.499197
3936,-7.1498,0,37,0.010000,0.265025,2026-05-31T13:53:28.901654
3937,-6.1813,0,50,0.010000,0.284089,2026-05-31T13:53:29.441863
3938,-6.2047,0,50,0.010000,0.326938,2026-05-31T13:53:30.013465
3939,-6.2184,0,50,0.010000,0.322520,2026-05-31T13:53:30.536271
3940,-6.2086,0,50,0.010000,0.290642,2026-05-31T13:53:31.081063
3941,-6.2320,0,50,0.010000,0.305156,2026-05-31T13:53:31.624294
3942,-7.6211,0,31,0.010000,0.290310,2026-05-31T13:53:31.964384
3943,-6.1930,0,50,0.010000,0.314216,2026-05-31T13:53:32.573664
3944,-6.2359,0,50,0.010000,0.202001,2026-05-31T13:53:33.121347
3945,-6.2242,0,50,0.010000,0.282338,2026-05-31T13:53:33.685489
3946,-6.1801,0,51,0.010000,0.337467,2026-05-31T13:53:34.231494
3947,-6.2457,0,50,0.010000,0.269596,2026-05-31T13:53:34.771115
3948,-6.1988,0,50,0.010000,0.288969,2026-05-31T13:53:35.317229
3949,-6.1664,0,51,0.010000,0.237243,2026-05-31T13:53:35.980567
3950,-6.2184,0,50,0.010000,0.287018,2026-05-31T13:53:36.517073
3951,-6.2594,0,50,0.010000,0.340313,2026-05-31T13:53:37.177308
3952,-5.7043,0,57,0.010000,0.267890,2026-05-31T13:53:37.811788
3953,-6.2457,0,50,0.010000,0.282705,2026-05-31T13:53:38.397153
3954,-6.2320,0,50,0.010000,0.335065,2026-05-31T13:53:38.941230
3955,-7.6211,0,31,0.010000,0.293465,2026-05-31T13:53:39.283197
3956,-5.9422,0,54,0.010000,0.334531,2026-05-31T13:53:39.872819
3957,-6.1969,0,50,0.010000,0.341823,2026-05-31T13:53:40.414251
3958,-6.2105,0,50,0.010000,0.317896,2026-05-31T13:53:40.967150
3959,-6.1754,0,50,0.010000,0.314918,2026-05-31T13:53:41.504368
3960,-6.2281,0,50,0.010000,0.283091,2026-05-31T13:53:42.087406
3961,-6.2457,0,50,0.010000,0.271110,2026-05-31T13:53:42.621134
3962,-6.1637,0,50,0.010000,0.265317,2026-05-31T13:53:43.193635
3963,-6.2516,0,50,0.010000,0.248584,2026-05-31T13:53:43.737356
3964,-6.2086,0,50,0.010000,0.258011,2026-05-31T13:53:44.267002
3965,-6.2594,0,50,0.010000,0.278136,2026-05-31T13:53:44.792225
3966,-6.2457,0,50,0.010000,0.331426,2026-05-31T13:53:45.328778
3967,-7.6211,0,31,0.010000,0.320979,2026-05-31T13:53:45.674581
3968,-6.2184,0,50,0.010000,0.289716,2026-05-31T13:53:46.359577
3969,-7.6211,0,31,0.010000,0.358751,2026-05-31T13:53:46.809991
3970,-7.0031,0,39,0.010000,0.266211,2026-05-31T13:53:47.426824
3971,-5.8082,0,55,0.010000,0.336335,2026-05-31T13:53:48.259255
3972,-7.6211,0,31,0.010000,0.272652,2026-05-31T13:53:48.749135
3973,-6.2457,0,50,0.010000,0.284844,2026-05-31T13:53:49.287344
3974,-6.1910,0,50,0.010000,0.265787,2026-05-31T13:53:50.051945
3975,-6.2457,0,50,0.010000,0.355516,2026-05-31T13:53:50.551080
3976,-6.1969,0,50,0.010000,0.232188,2026-05-31T13:53:51.111177
3977,-7.6211,0,31,0.010000,0.298697,2026-05-31T13:53:51.445673
3978,-5.9188,0,54,0.010000,0.357498,2026-05-31T13:53:52.022139
3979,-6.2047,0,50,0.010000,0.349443,2026-05-31T13:53:52.585861
3980,-7.3039,0,35,0.010000,0.322684,2026-05-31T13:53:52.961874
3981,-6.1695,0,50,0.010000,0.362563,2026-05-31T13:53:53.535464
3982,-6.2320,0,50,0.010000,0.309808,2026-05-31T13:53:54.100345
3983,-6.2301,0,50,0.010000,0.255046,2026-05-31T13:53:54.627978
3984,-6.2223,0,50,0.010000,0.265200,2026-05-31T13:53:55.167152
3985,-6.1949,0,50,0.010000,0.272354,2026-05-31T13:53:55.715818
3986,-5.6418,0,57,0.010000,0.280370,2026-05-31T13:53:56.350654
3987,-6.1969,0,50,0.010000,0.256226,2026-05-31T13:53:56.933737
3988,-6.2008,0,50,0.010000,0.265945,2026-05-31T13:53:57.462798
3989,-5.8629,0,55,0.010000,0.340467,2026-05-31T13:53:58.093089
3990,-6.2457,0,50,0.010000,0.283726,2026-05-31T13:53:58.636877
3991,-6.2301,0,50,0.010000,0.294450,2026-05-31T13:53:59.225293
3992,-6.2105,0,50,0.010000,0.271699,2026-05-31T13:53:59.943446
3993,-6.1988,0,50,0.010000,0.294718,2026-05-31T13:54:00.520922
3994,-6.1969,0,50,0.010000,0.259380,2026-05-31T13:54:01.080126
3995,-6.2047,0,50,0.010000,0.286425,2026-05-31T13:54:01.610962
3996,-6.1813,0,50,0.010000,0.261943,2026-05-31T13:54:02.193162
3997,-6.1754,0,50,0.010000,0.273956,2026-05-31T13:54:02.726433
3998,-6.1871,0,50,0.010000,0.270787,2026-05-31T13:54:03.288379
3999,-6.2516,0,50,0.010000,0.245781,2026-05-31T13:54:03.832208
4000,-6.2184,0,50,0.010000,0.275753,2026-05-31T13:54:04.391437
4001,-6.2184,0,50,0.010000,0.295779,2026-05-31T13:54:04.916185
4002,-7.6211,0,31,0.010000,0.296101,2026-05-31T13:54:05.270176
4003,-6.2457,0,50,0.010000,0.304036,2026-05-31T13:54:05.910585
4004,-6.2516,0,50,0.010000,0.272724,2026-05-31T13:54:06.444861
4005,-6.2457,0,50,0.010000,0.326550,2026-05-31T13:54:06.991418
4006,-6.2105,0,50,0.010000,0.319240,2026-05-31T13:54:07.533587
4007,-6.2223,0,50,0.010000,0.244406,2026-05-31T13:54:08.091826
4008,-6.2594,0,50,0.010000,0.224117,2026-05-31T13:54:08.644246
4009,-6.2223,0,50,0.010000,0.288984,2026-05-31T13:54:09.185433
4010,-6.2594,0,50,0.010000,0.293786,2026-05-31T13:54:09.733628
4011,-6.2594,0,50,0.010000,0.289973,2026-05-31T13:54:10.305928
4012,-6.1832,0,50,0.010000,0.288391,2026-05-31T13:54:10.848451
4013,6.8547,1,91,0.010000,0.268346,2026-05-31T13:54:11.849208
4014,-6.2203,0,50,0.010000,0.303211,2026-05-31T13:54:12.385840
4015,-6.1988,0,50,0.010000,0.236553,2026-05-31T13:54:12.939965
4016,-6.1813,0,50,0.010000,0.354954,2026-05-31T13:54:13.503709
4017,-6.2184,0,50,0.010000,0.295246,2026-05-31T13:54:14.078333
4018,-6.1801,0,51,0.010000,0.335427,2026-05-31T13:54:14.617898
4019,-6.2145,0,50,0.010000,0.301000,2026-05-31T13:54:15.165122
4020,-6.2594,0,50,0.010000,0.320211,2026-05-31T13:54:15.689253
4021,-6.1910,0,50,0.010000,0.249855,2026-05-31T13:54:16.450014
4022,-7.6211,0,31,0.010000,0.238037,2026-05-31T13:54:16.885772
4023,-6.2184,0,50,0.010000,0.278421,2026-05-31T13:54:17.596890
4024,-6.2047,0,50,0.010000,0.225132,2026-05-31T13:54:18.335900
4025,-6.2320,0,50,0.010000,0.312078,2026-05-31T13:54:18.883474
4026,-6.1910,0,50,0.010000,0.297794,2026-05-31T13:54:19.468651
4027,-7.6211,0,31,0.010000,0.302071,2026-05-31T13:54:20.123679
4028,-6.2066,0,50,0.010000,0.347731,2026-05-31T13:54:20.684987
4029,-6.2594,0,50,0.010000,0.286225,2026-05-31T13:54:21.280194
4030,-6.2594,0,50,0.010000,0.288938,2026-05-31T13:54:21.829024
4031,-6.2281,0,50,0.010000,0.351346,2026-05-31T13:54:22.386792
4032,-7.4625,0,33,0.010000,0.237169,2026-05-31T13:54:22.737817
4033,-6.2145,0,50,0.010000,0.302865,2026-05-31T13:54:23.296994
4034,-6.1910,0,50,0.010000,0.296728,2026-05-31T13:54:23.853479
4035,-6.2594,0,50,0.010000,0.344362,2026-05-31T13:54:24.400133
4036,-6.1910,0,50,0.010000,0.272523,2026-05-31T13:54:24.946800
4037,-6.2008,0,50,0.010000,0.300626,2026-05-31T13:54:25.459781
4038,-6.2594,0,50,0.010000,0.245940,2026-05-31T13:54:26.011397
4039,-6.2145,0,50,0.010000,0.264923,2026-05-31T13:54:26.541477
4040,-6.2457,0,50,0.010000,0.265543,2026-05-31T13:54:27.101467
4041,-6.1508,0,51,0.010000,0.313078,2026-05-31T13:54:27.757950
4042,-5.9148,0,54,0.010000,0.289393,2026-05-31T13:54:28.379759
4043,-6.2203,0,50,0.010000,0.263664,2026-05-31T13:54:28.929023
4044,-7.6211,0,31,0.010000,0.384696,2026-05-31T13:54:29.290699
4045,-6.1910,0,50,0.010000,0.326336,2026-05-31T13:54:29.823927
4046,-5.6652,0,57,0.010000,0.236749,2026-05-31T13:54:30.443231
4047,-6.1773,0,50,0.010000,0.263244,2026-05-31T13:54:31.008570
4048,-6.1910,0,50,0.010000,0.343055,2026-05-31T13:54:31.558280
4049,-6.2457,0,50,0.010000,0.286121,2026-05-31T13:54:32.110656
4050,-6.1969,0,50,0.010000,0.237680,2026-05-31T13:54:32.649359
4051,-6.2320,0,50,0.010000,0.298379,2026-05-31T13:54:33.234553
4052,-5.4969,0,59,0.010000,0.340470,2026-05-31T13:54:33.924666
4053,-6.2379,0,50,0.010000,0.278662,2026-05-31T13:54:34.460886
4054,-5.8063,0,55,0.010000,0.261355,2026-05-31T13:54:35.080945
4055,-6.2594,0,50,0.010000,0.265658,2026-05-31T13:54:35.665365
4056,-7.6211,0,31,0.010000,0.220204,2026-05-31T13:54:36.039800
4057,-7.6211,0,31,0.010000,0.306194,2026-05-31T13:54:36.375207
4058,-6.2594,0,50,0.010000,0.277325,2026-05-31T13:54:36.916892
4059,-6.1871,0,50,0.010000,0.253277,2026-05-31T13:54:37.456437
4060,-6.1801,0,51,0.010000,0.246958,2026-05-31T13:54:38.016787
4061,-6.2105,0,50,0.010000,0.264817,2026-05-31T13:54:38.582892
4062,-6.1813,0,50,0.010000,0.307705,2026-05-31T13:54:39.136444
4063,-6.2594,0,50,0.010000,0.274241,2026-05-31T13:54:39.676040
4064,-6.2145,0,50,0.010000,0.373685,2026-05-31T13:54:40.243649
4065,-6.1930,0,50,0.010000,0.266213,2026-05-31T13:54:40.763303
4066,-6.2594,0,50,0.010000,0.296813,2026-05-31T13:54:41.353019
4067,-6.2320,0,50,0.010000,0.341613,2026-05-31T13:54:41.920207
4068,-6.2457,0,50,0.010000,0.295892,2026-05-31T13:54:42.455042
4069,-6.1813,0,50,0.010000,0.281308,2026-05-31T13:54:43.023409
4070,-6.2164,0,50,0.010000,0.298189,2026-05-31T13:54:43.602396
4071,-6.2594,0,50,0.010000,0.293117,2026-05-31T13:54:44.151437
4072,-6.2594,0,50,0.010000,0.334065,2026-05-31T13:54:44.683265
4073,-6.2145,0,50,0.010000,0.340593,2026-05-31T13:54:45.227765
4074,4.9574,1,65,0.010000,0.279055,2026-05-31T13:54:45.963555
4075,-6.1910,0,50,0.010000,0.301062,2026-05-31T13:54:46.677079
4076,-6.2184,0,50,0.010000,0.317654,2026-05-31T13:54:47.435127
4077,-6.2359,0,50,0.010000,0.367257,2026-05-31T13:54:48.208162
4078,-6.2027,0,50,0.010000,0.269288,2026-05-31T13:54:48.824253
4079,-6.1637,0,50,0.010000,0.297736,2026-05-31T13:54:49.381638
4080,-6.1969,0,50,0.010000,0.291775,2026-05-31T13:54:50.143956
4081,-6.2457,0,50,0.010000,0.267017,2026-05-31T13:54:50.667376
4082,-7.6211,0,31,0.010000,0.251385,2026-05-31T13:54:51.075119
4083,-6.2320,0,50,0.010000,0.264981,2026-05-31T13:54:51.599066
4084,-6.1832,0,50,0.010000,0.293393,2026-05-31T13:54:52.157013
4085,-6.1832,0,50,0.010000,0.264007,2026-05-31T13:54:52.699556
4086,-6.2242,0,50,0.010000,0.274646,2026-05-31T13:54:53.255974
4087,-6.2125,0,50,0.010000,0.292787,2026-05-31T13:54:53.808869
4088,-6.2320,0,50,0.010000,0.292666,2026-05-31T13:54:54.374677
4089,-6.1988,0,50,0.010000,0.325913,2026-05-31T13:54:54.923946
4090,-6.1773,0,50,0.010000,0.308514,2026-05-31T13:54:55.471496
4091,-6.2047,0,50,0.010000,0.243399,2026-05-31T13:54:56.012576
4092,-6.2008,0,50,0.010000,0.296108,2026-05-31T13:54:56.534953
4093,-6.2457,0,50,0.010000,0.284430,2026-05-31T13:54:57.080420
4094,-6.2066,0,50,0.010000,0.263624,2026-05-31T13:54:57.611829
4095,-5.8355,0,55,0.010000,0.231686,2026-05-31T13:54:58.238039
4096,-6.2594,0,50,0.010000,0.325288,2026-05-31T13:54:58.781848
4097,-6.2184,0,50,0.010000,0.291440,2026-05-31T13:54:59.358514
4098,-6.2047,0,50,0.010000,0.325441,2026-05-31T13:54:59.896846
4099,-5.6770,0,57,0.010000,0.333434,2026-05-31T13:55:00.595206
4100,-6.2594,0,50,0.010000,0.244777,2026-05-31T13:55:01.138330
4101,-6.2145,0,50,0.010000,0.288476,2026-05-31T13:55:01.688161
4102,-6.2379,0,50,0.010000,0.278030,2026-05-31T13:55:02.241792
4103,-6.1008,0,52,0.010000,0.298552,2026-05-31T13:55:02.801355
4104,-6.2320,0,50,0.010000,0.352146,2026-05-31T13:55:03.390242
4105,-6.1949,0,50,0.010000,0.281844,2026-05-31T13:55:03.932358
4106,-6.2066,0,50,0.010000,0.240484,2026-05-31T13:55:04.465363
4107,-7.4625,0,33,0.010000,0.332655,2026-05-31T13:55:04.939244
4108,-6.1910,0,50,0.010000,0.278816,2026-05-31T13:55:05.522319
4109,-6.1813,0,50,0.010000,0.310426,2026-05-31T13:55:06.151045
4110,-6.2281,0,50,0.010000,0.327630,2026-05-31T13:55:06.677743
4111,-6.1988,0,50,0.010000,0.263567,2026-05-31T13:55:07.255429
4112,-6.1801,0,51,0.010000,0.311156,2026-05-31T13:55:07.804800
4113,-6.2223,0,50,0.010000,0.257395,2026-05-31T13:55:08.369446
4114,-6.2008,0,50,0.010000,0.295649,2026-05-31T13:55:08.918228
4115,-6.2066,0,50,0.010000,0.294976,2026-05-31T13:55:09.464084
4116,-6.2594,0,50,0.010000,0.221981,2026-05-31T13:55:10.002865
4117,-6.2594,0,50,0.010000,0.311140,2026-05-31T13:55:10.545866
4118,-6.2223,0,50,0.010000,0.320277,2026-05-31T13:55:11.116804
4119,-6.1813,0,50,0.010000,0.256591,2026-05-31T13:55:11.669396
4120,-6.2438,0,50,0.010000,0.336074,2026-05-31T13:55:12.209937
4121,-6.1695,0,50,0.010000,0.335052,2026-05-31T13:55:12.754218
4122,-6.2242,0,50,0.010000,0.342538,2026-05-31T13:55:13.337502
4123,-6.2027,0,50,0.010000,0.253460,2026-05-31T13:55:13.874840
4124,-6.2223,0,50,0.010000,0.227492,2026-05-31T13:55:14.423602
4125,-6.1156,0,51,0.010000,0.335087,2026-05-31T13:55:14.973581
4126,-6.1949,0,50,0.010000,0.311391,2026-05-31T13:55:15.540258
4127,-6.2457,0,50,0.010000,0.274863,2026-05-31T13:55:16.245138
4128,-6.2438,0,50,0.010000,0.266958,2026-05-31T13:55:16.946883
4129,-6.2594,0,50,0.010000,0.281282,2026-05-31T13:55:17.663226
4130,-6.2594,0,50,0.010000,0.225773,2026-05-31T13:55:18.413466
4131,-6.1871,0,50,0.010000,0.252898,2026-05-31T13:55:18.925731
4132,-6.2359,0,50,0.010000,0.268587,2026-05-31T13:55:19.546220
4133,-6.1930,0,50,0.010000,0.273099,2026-05-31T13:55:20.222511
4134,-6.2184,0,50,0.010000,0.287314,2026-05-31T13:55:20.764802
4135,-6.2320,0,50,0.010000,0.278762,2026-05-31T13:55:21.318107
4136,-6.2125,0,50,0.010000,0.325638,2026-05-31T13:55:21.848397
4137,-6.2359,0,50,0.010000,0.271784,2026-05-31T13:55:22.413287
4138,-6.2125,0,50,0.010000,0.296923,2026-05-31T13:55:22.952577
4139,-6.1930,0,50,0.010000,0.291417,2026-05-31T13:55:23.524979
4140,-6.2594,0,50,0.010000,0.298581,2026-05-31T13:55:24.052353
4141,-6.2457,0,50,0.010000,0.308405,2026-05-31T13:55:24.587387
4142,-6.2047,0,50,0.010000,0.313429,2026-05-31T13:55:25.124279
4143,-6.2203,0,50,0.010000,0.244393,2026-05-31T13:55:25.662214
4144,-7.6211,0,31,0.010000,0.373679,2026-05-31T13:55:26.000484
4145,-7.6211,0,31,0.010000,0.269431,2026-05-31T13:55:26.365359
4146,-6.2594,0,50,0.010000,0.256485,2026-05-31T13:55:26.894940
4147,-6.1910,0,50,0.010000,0.307973,2026-05-31T13:55:27.459984
4148,-7.6211,0,31,0.010000,0.190293,2026-05-31T13:55:27.788094
4149,-6.2223,0,50,0.010000,0.243333,2026-05-31T13:55:28.361627
4150,-6.2008,0,50,0.010000,0.270831,2026-05-31T13:55:28.906747
4151,-6.2594,0,50,0.010000,0.288901,2026-05-31T13:55:29.471620
4152,-6.2594,0,50,0.010000,0.365011,2026-05-31T13:55:30.010630
4153,-6.2320,0,50,0.010000,0.328665,2026-05-31T13:55:30.565939
4154,-6.2203,0,50,0.010000,0.253760,2026-05-31T13:55:31.119027
4155,-6.2320,0,50,0.010000,0.270114,2026-05-31T13:55:31.649652
4156,-6.1754,0,50,0.010000,0.325059,2026-05-31T13:55:32.205715
4157,-6.2047,0,50,0.010000,0.314666,2026-05-31T13:55:32.735639
4158,-7.6211,0,31,0.010000,0.351390,2026-05-31T13:55:33.089982
4159,-6.1910,0,50,0.010000,0.278364,2026-05-31T13:55:33.676659
4160,-6.2125,0,50,0.010000,0.271112,2026-05-31T13:55:34.223989
4161,-5.8043,0,55,0.010000,0.286618,2026-05-31T13:55:34.819284
4162,-6.2047,0,50,0.010000,0.243888,2026-05-31T13:55:35.375635
4163,-6.1891,0,50,0.010000,0.286127,2026-05-31T13:55:36.003596
4164,-6.1910,0,50,0.010000,0.340174,2026-05-31T13:55:36.540023
4165,-6.2516,0,50,0.010000,0.275247,2026-05-31T13:55:37.073970
4166,-6.2184,0,50,0.010000,0.317214,2026-05-31T13:55:37.599658
4167,-6.2047,0,50,0.010000,0.294068,2026-05-31T13:55:38.184064
4168,-6.1832,0,50,0.010000,0.318266,2026-05-31T13:55:38.758680
4169,-6.2066,0,50,0.010000,0.298649,2026-05-31T13:55:39.307768
4170,-7.6211,0,31,0.010000,0.368431,2026-05-31T13:55:39.650725
4171,-6.1637,0,50,0.010000,0.327963,2026-05-31T13:55:40.190456
4172,-6.2594,0,50,0.010000,0.323249,2026-05-31T13:55:40.723820
4173,-6.2594,0,50,0.010000,0.344649,2026-05-31T13:55:41.296629
4174,-6.1695,0,50,0.010000,0.254318,2026-05-31T13:55:41.828518
4175,-6.2457,0,50,0.010000,0.284826,2026-05-31T13:55:42.504997
4176,-6.1008,0,52,0.010000,0.281889,2026-05-31T13:55:43.057050
4177,-6.2047,0,50,0.010000,0.345871,2026-05-31T13:55:43.641318
4178,-7.6211,0,31,0.010000,0.329749,2026-05-31T13:55:43.972673
4179,-6.2594,0,50,0.010000,0.257286,2026-05-31T13:55:44.524182
4180,-6.2320,0,50,0.010000,0.312208,2026-05-31T13:55:45.066400
4181,-6.2594,0,50,0.010000,0.369276,2026-05-31T13:55:45.611238
4182,-6.2594,0,50,0.010000,0.269070,2026-05-31T13:55:46.308475
4183,-6.2047,0,50,0.010000,0.334906,2026-05-31T13:55:46.991478
4184,-6.2594,0,50,0.010000,0.271321,2026-05-31T13:55:47.755328
4185,-6.2184,0,50,0.010000,0.305328,2026-05-31T13:55:48.507507
4186,-6.2594,0,50,0.010000,0.306946,2026-05-31T13:55:49.021332
4187,-6.2516,0,50,0.010000,0.307900,2026-05-31T13:55:49.705537
4188,-6.2281,0,50,0.010000,0.316679,2026-05-31T13:55:50.349868
4189,-6.2438,0,50,0.010000,0.269306,2026-05-31T13:55:50.869308
4190,-6.2457,0,50,0.010000,0.248231,2026-05-31T13:55:51.434004
4191,-6.2594,0,50,0.010000,0.287966,2026-05-31T13:55:51.957995
4192,-6.2184,0,50,0.010000,0.259885,2026-05-31T13:55:52.504277
4193,-6.2457,0,50,0.010000,0.280743,2026-05-31T13:55:53.046627
4194,-5.7836,0,56,0.010000,0.281615,2026-05-31T13:55:53.693927
4195,-6.2516,0,50,0.010000,0.269179,2026-05-31T13:55:54.239885
4196,-6.2008,0,50,0.010000,0.287479,2026-05-31T13:55:54.782297
4197,-6.1910,0,50,0.010000,0.270724,2026-05-31T13:55:55.333238
4198,-6.0215,0,53,0.010000,0.312474,2026-05-31T13:55:55.901561
4199,-6.1664,0,51,0.010000,0.326337,2026-05-31T13:55:56.468069
4200,-6.2066,0,50,0.010000,0.296009,2026-05-31T13:55:57.044145
4201,-6.1813,0,50,0.010000,0.255232,2026-05-31T13:55:57.597037
4202,-6.1410,0,51,0.010000,0.302713,2026-05-31T13:55:58.135878
4203,-6.2594,0,50,0.010000,0.347067,2026-05-31T13:55:58.733404
4204,-5.9668,0,53,0.010000,0.348134,2026-05-31T13:55:59.309625
4205,-5.9012,0,54,0.010000,0.211519,2026-05-31T13:55:59.883515
4206,-6.2457,0,50,0.010000,0.344656,2026-05-31T13:56:00.458582
4207,-6.2047,0,50,0.010000,0.332698,2026-05-31T13:56:00.979063
4208,-6.2047,0,50,0.010000,0.331308,2026-05-31T13:56:01.525424
4209,-6.2320,0,50,0.010000,0.267982,2026-05-31T13:56:02.071755
4210,-6.1637,0,50,0.010000,0.263022,2026-05-31T13:56:02.647979
4211,-6.2379,0,50,0.010000,0.336201,2026-05-31T13:56:03.188002
4212,-6.1910,0,50,0.010000,0.345738,2026-05-31T13:56:03.774572
4213,-6.2594,0,50,0.010000,0.289072,2026-05-31T13:56:04.328857
4214,-6.2027,0,50,0.010000,0.310009,2026-05-31T13:56:04.893942
4215,-6.2594,0,50,0.010000,0.324234,2026-05-31T13:56:05.475328
4216,-7.6211,0,31,0.010000,0.305862,2026-05-31T13:56:05.873277
4217,-6.2281,0,50,0.010000,0.327301,2026-05-31T13:56:06.436731
4218,-6.2320,0,50,0.010000,0.204800,2026-05-31T13:56:06.969212
4219,-7.4625,0,33,0.010000,0.332486,2026-05-31T13:56:07.342270
4220,-6.1773,0,50,0.010000,0.289599,2026-05-31T13:56:07.873992
4221,-6.1695,0,50,0.010000,0.259900,2026-05-31T13:56:08.438250
4222,-6.2223,0,50,0.010000,0.235991,2026-05-31T13:56:08.970040
4223,-6.1969,0,50,0.010000,0.224911,2026-05-31T13:56:09.521396
4224,-6.2047,0,50,0.010000,0.309020,2026-05-31T13:56:10.062153
4225,-5.6652,0,57,0.010000,0.311913,2026-05-31T13:56:10.714785
4226,-6.2105,0,50,0.010000,0.294964,2026-05-31T13:56:11.277537
4227,-5.4117,0,60,0.010000,0.308368,2026-05-31T13:56:11.921744
4228,-6.2164,0,50,0.010000,0.344720,2026-05-31T13:56:12.469381
4229,-6.2594,0,50,0.010000,0.274527,2026-05-31T13:56:13.010766
4230,-6.2281,0,50,0.010000,0.208926,2026-05-31T13:56:13.599214
4231,-6.1695,0,50,0.010000,0.333329,2026-05-31T13:56:14.117244
4232,-6.2379,0,50,0.010000,0.344590,2026-05-31T13:56:14.690465
4233,-6.2027,0,50,0.010000,0.260777,2026-05-31T13:56:15.238352
4234,-5.7563,0,56,0.010000,0.254563,2026-05-31T13:56:15.853476
4235,-6.2457,0,50,0.010000,0.318490,2026-05-31T13:56:16.610175
4236,-6.1637,0,50,0.010000,0.277856,2026-05-31T13:56:17.313076
4237,-6.2223,0,50,0.010000,0.288702,2026-05-31T13:56:18.064192
4238,-6.1773,0,50,0.010000,0.361345,2026-05-31T13:56:18.729865
4239,-6.1813,0,50,0.010000,0.227004,2026-05-31T13:56:19.247568
4240,-6.1988,0,50,0.010000,0.321178,2026-05-31T13:56:20.130994
4241,-6.2047,0,50,0.010000,0.337240,2026-05-31T13:56:20.675172
4242,-6.2359,0,50,0.010000,0.259312,2026-05-31T13:56:21.227597
4243,-6.2594,0,50,0.010000,0.279691,2026-05-31T13:56:21.892185
4244,-6.2047,0,50,0.010000,0.277788,2026-05-31T13:56:22.477840
4245,-6.2594,0,50,0.010000,0.284154,2026-05-31T13:56:23.005686
4246,-6.2457,0,50,0.010000,0.294171,2026-05-31T13:56:23.599645
4247,-6.2145,0,50,0.010000,0.322873,2026-05-31T13:56:24.129482
4248,-6.2379,0,50,0.010000,0.279441,2026-05-31T13:56:24.685078
4249,-6.2203,0,50,0.010000,0.323121,2026-05-31T13:56:25.229192
4250,-6.2047,0,50,0.010000,0.249118,2026-05-31T13:56:25.779659
4251,-6.2320,0,50,0.010000,0.361821,2026-05-31T13:56:26.338928
4252,-7.6211,0,31,0.010000,0.291398,2026-05-31T13:56:26.708461
4253,-6.2125,0,50,0.010000,0.232887,2026-05-31T13:56:27.235299
4254,-6.1871,0,50,0.010000,0.310943,2026-05-31T13:56:27.765531
4255,-6.2594,0,50,0.010000,0.316394,2026-05-31T13:56:28.356099
4256,-5.7172,0,56,0.010000,0.315486,2026-05-31T13:56:28.946158
4257,-6.2320,0,50,0.010000,0.298077,2026-05-31T13:56:29.487810
4258,-6.1910,0,50,0.010000,0.300383,2026-05-31T13:56:30.020188
4259,-6.2594,0,50,0.010000,0.239713,2026-05-31T13:56:30.590281
4260,-6.2047,0,50,0.010000,0.275530,2026-05-31T13:56:31.111929
4261,-6.2320,0,50,0.010000,0.363252,2026-05-31T13:56:31.653424
4262,-6.2047,0,50,0.010000,0.343620,2026-05-31T13:56:32.215228
4263,-6.2594,0,50,0.010000,0.333867,2026-05-31T13:56:32.768417
4264,-6.1891,0,50,0.010000,0.225106,2026-05-31T13:56:33.328037
4265,-7.6211,0,31,0.010000,0.349670,2026-05-31T13:56:33.720044
4266,-6.2047,0,50,0.010000,0.343611,2026-05-31T13:56:34.265838
4267,-6.2320,0,50,0.010000,0.268764,2026-05-31T13:56:34.833754
4268,-5.9941,0,53,0.010000,0.308832,2026-05-31T13:56:35.413434
4269,-6.1930,0,50,0.010000,0.285808,2026-05-31T13:56:36.043969
4270,-6.2047,0,50,0.010000,0.293162,2026-05-31T13:56:36.566908
4271,-6.2184,0,50,0.010000,0.327860,2026-05-31T13:56:37.099747
4272,-6.1773,0,50,0.010000,0.359982,2026-05-31T13:56:37.655610
4273,-6.2047,0,50,0.010000,0.320608,2026-05-31T13:56:38.192156
4274,-6.2184,0,50,0.010000,0.308340,2026-05-31T13:56:38.768852
4275,6.4895,1,86,0.010000,0.314423,2026-05-31T13:56:39.705802
4276,-6.1832,0,50,0.010000,0.310006,2026-05-31T13:56:40.232913
4277,-6.1773,0,50,0.010000,0.295462,2026-05-31T13:56:40.786652
4278,-6.1930,0,50,0.010000,0.294362,2026-05-31T13:56:41.331427
4279,-6.2516,0,50,0.010000,0.313219,2026-05-31T13:56:41.875937
4280,-6.2320,0,50,0.010000,0.272198,2026-05-31T13:56:42.444388
4281,-6.2145,0,50,0.010000,0.311535,2026-05-31T13:56:42.982245
4282,-6.2320,0,50,0.010000,0.242161,2026-05-31T13:56:43.587996
4283,-6.1637,0,50,0.010000,0.262408,2026-05-31T13:56:44.103858
4284,-6.2203,0,50,0.010000,0.371172,2026-05-31T13:56:44.659796
4285,-6.2047,0,50,0.010000,0.225225,2026-05-31T13:56:45.181780
4286,-6.2457,0,50,0.010000,0.303823,2026-05-31T13:56:45.731510
4287,-6.2320,0,50,0.010000,0.242030,2026-05-31T13:56:46.456063
4288,-6.2066,0,50,0.010000,0.298666,2026-05-31T13:56:47.163004
4289,-6.2184,0,50,0.010000,0.287226,2026-05-31T13:56:47.961415
4290,-6.2320,0,50,0.010000,0.335046,2026-05-31T13:56:48.770079
4291,6.5607,1,86,0.010000,0.270214,2026-05-31T13:56:49.847110
4292,-6.1930,0,50,0.010000,0.304045,2026-05-31T13:56:50.441835
4293,-6.2359,0,50,0.010000,0.341862,2026-05-31T13:56:50.997569
4294,-6.2105,0,50,0.010000,0.262536,2026-05-31T13:56:51.542842
4295,-6.2223,0,50,0.010000,0.310153,2026-05-31T13:56:52.075779
4296,-6.2047,0,50,0.010000,0.346755,2026-05-31T13:56:52.617755
4297,-7.6211,0,31,0.010000,0.347927,2026-05-31T13:56:52.953595
4298,-6.1695,0,50,0.010000,0.304835,2026-05-31T13:56:53.546256
4299,-7.6211,0,31,0.010000,0.345552,2026-05-31T13:56:53.875868
4300,-6.2184,0,50,0.010000,0.311946,2026-05-31T13:56:54.423040
4301,4.8996,1,64,0.010000,0.298082,2026-05-31T13:56:55.127413
4302,-5.9316,0,53,0.010000,0.300551,2026-05-31T13:56:55.695434
4303,-6.2047,0,50,0.010000,0.368163,2026-05-31T13:56:56.230599
4304,-5.9531,0,53,0.010000,0.315882,2026-05-31T13:56:56.810399
4305,-6.2125,0,50,0.010000,0.312038,2026-05-31T13:56:57.364317
4306,-6.2184,0,50,0.010000,0.326965,2026-05-31T13:56:57.903775
4307,-6.2594,0,50,0.010000,0.328809,2026-05-31T13:56:58.473971
4308,-6.2184,0,50,0.010000,0.289550,2026-05-31T13:56:59.122008
4309,-6.1988,0,50,0.010000,0.227123,2026-05-31T13:56:59.631330
4310,-6.2516,0,50,0.010000,0.323347,2026-05-31T13:57:00.183270
4311,-6.2594,0,50,0.010000,0.281234,2026-05-31T13:57:00.732685
4312,-6.2594,0,50,0.010000,0.299622,2026-05-31T13:57:01.260062
4313,-7.6211,0,31,0.010000,0.389340,2026-05-31T13:57:01.604651
4314,-6.2184,0,50,0.010000,0.254202,2026-05-31T13:57:02.139859
4315,-6.2203,0,50,0.010000,0.322180,2026-05-31T13:57:02.711782
4316,-5.9285,0,54,0.010000,0.322807,2026-05-31T13:57:03.328380
4317,-6.2066,0,50,0.010000,0.287170,2026-05-31T13:57:03.960851
4318,-6.2457,0,50,0.010000,0.245968,2026-05-31T13:57:04.652220
4319,-6.2086,0,50,0.010000,0.315672,2026-05-31T13:57:05.184358
4320,-6.1773,0,50,0.010000,0.380566,2026-05-31T13:57:05.784764
4321,-6.2594,0,50,0.010000,0.345864,2026-05-31T13:57:06.345593
4322,-6.2457,0,50,0.010000,0.338243,2026-05-31T13:57:06.921035
4323,-6.2125,0,50,0.010000,0.279352,2026-05-31T13:57:07.448311
4324,-6.2594,0,50,0.010000,0.285059,2026-05-31T13:57:07.978805
4325,-6.1891,0,50,0.010000,0.352580,2026-05-31T13:57:08.660306
4326,-6.2047,0,50,0.010000,0.268472,2026-05-31T13:57:09.180341
4327,-6.2164,0,50,0.010000,0.280425,2026-05-31T13:57:09.729633
4328,-6.1988,0,50,0.010000,0.330833,2026-05-31T13:57:10.270508
4329,-6.1773,0,50,0.010000,0.254018,2026-05-31T13:57:10.831721
4330,4.7949,1,63,0.010000,0.266545,2026-05-31T13:57:11.498116
4331,-6.2320,0,50,0.010000,0.331957,2026-05-31T13:57:12.046913
4332,-6.2223,0,50,0.010000,0.330776,2026-05-31T13:57:12.588384
4333,-6.2066,0,50,0.010000,0.265453,2026-05-31T13:57:13.122442
4334,-7.6211,0,31,0.010000,0.300273,2026-05-31T13:57:13.486809
4335,-6.1695,0,50,0.010000,0.309057,2026-05-31T13:57:14.022515
4336,-6.2281,0,50,0.010000,0.260532,2026-05-31T13:57:14.574941
4337,-6.2594,0,50,0.010000,0.296033,2026-05-31T13:57:15.123023
4338,-6.2203,0,50,0.010000,0.301775,2026-05-31T13:57:15.668612
4339,-6.2438,0,50,0.010000,0.318209,2026-05-31T13:57:16.449934
4340,-6.1891,0,50,0.010000,0.328038,2026-05-31T13:57:17.146702
4341,-6.1871,0,50,0.010000,0.287970,2026-05-31T13:57:17.824741
4342,-6.2516,0,50,0.010000,0.333825,2026-05-31T13:57:18.508209
4343,-6.1891,0,50,0.010000,0.344149,2026-05-31T13:57:19.059275
4344,-6.2105,0,50,0.010000,0.360791,2026-05-31T13:57:19.726446
4345,-6.1910,0,50,0.010000,0.245840,2026-05-31T13:57:20.411577
4346,-6.1754,0,50,0.010000,0.354477,2026-05-31T13:57:20.952040
4347,-6.1813,0,50,0.010000,0.272047,2026-05-31T13:57:21.515579
4348,-6.2320,0,50,0.010000,0.307240,2026-05-31T13:57:22.039655
4349,-7.6211,0,31,0.010000,0.288679,2026-05-31T13:57:22.367982
4350,-5.8277,0,55,0.010000,0.360071,2026-05-31T13:57:22.993207
4351,-6.2281,0,50,0.010000,0.225122,2026-05-31T13:57:23.561649
4352,-6.1813,0,50,0.010000,0.317310,2026-05-31T13:57:24.097971
4353,-5.9148,0,54,0.010000,0.218571,2026-05-31T13:57:24.680601
4354,-6.1637,0,50,0.010000,0.263415,2026-05-31T13:57:25.219956
4355,-6.1988,0,50,0.010000,0.273945,2026-05-31T13:57:25.757157
4356,-6.1695,0,50,0.010000,0.287678,2026-05-31T13:57:26.301972
4357,-6.1910,0,50,0.010000,0.312104,2026-05-31T13:57:26.872563
4358,-6.2047,0,50,0.010000,0.281085,2026-05-31T13:57:27.397954
4359,-6.2594,0,50,0.010000,0.305946,2026-05-31T13:57:27.936345
4360,-6.2066,0,50,0.010000,0.243136,2026-05-31T13:57:28.487187
4361,-6.1910,0,50,0.010000,0.275743,2026-05-31T13:57:29.038728
4362,-6.2594,0,50,0.010000,0.283862,2026-05-31T13:57:29.566304
4363,-6.2184,0,50,0.010000,0.311816,2026-05-31T13:57:30.098507
4364,-6.2457,0,50,0.010000,0.232056,2026-05-31T13:57:30.650562
4365,-7.6211,0,31,0.010000,0.291643,2026-05-31T13:57:31.021350
4366,-6.2457,0,50,0.010000,0.240902,2026-05-31T13:57:31.542663
4367,-6.2457,0,50,0.010000,0.288582,2026-05-31T13:57:32.078450
4368,-6.2301,0,50,0.010000,0.310778,2026-05-31T13:57:32.611645
4369,-7.6211,0,31,0.010000,0.302389,2026-05-31T13:57:32.959033
4370,-6.1910,0,50,0.010000,0.318899,2026-05-31T13:57:33.614519
4371,-6.2379,0,50,0.010000,0.306169,2026-05-31T13:57:34.136154
4372,-6.2320,0,50,0.010000,0.304242,2026-05-31T13:57:34.681863
4373,-6.2164,0,50,0.010000,0.310411,2026-05-31T13:57:35.253787
4374,-6.2184,0,50,0.010000,0.310490,2026-05-31T13:57:35.891592
4375,-6.2301,0,50,0.010000,0.279824,2026-05-31T13:57:36.424758
4376,-6.2047,0,50,0.010000,0.277136,2026-05-31T13:57:37.177820
4377,-6.1910,0,50,0.010000,0.250888,2026-05-31T13:57:37.720648
4378,-6.1773,0,50,0.010000,0.293695,2026-05-31T13:57:38.258075
4379,-6.2281,0,50,0.010000,0.273755,2026-05-31T13:57:38.847400
4380,-6.1910,0,50,0.010000,0.257161,2026-05-31T13:57:39.374002
4381,-6.2457,0,50,0.010000,0.288915,2026-05-31T13:57:39.916232
4382,-6.2320,0,50,0.010000,0.331463,2026-05-31T13:57:40.448465
4383,-6.2184,0,50,0.010000,0.266918,2026-05-31T13:57:41.010310
4384,-6.2359,0,50,0.010000,0.262620,2026-05-31T13:57:41.601367
4385,-6.2281,0,50,0.010000,0.291844,2026-05-31T13:57:42.143124
4386,-6.1637,0,50,0.010000,0.235126,2026-05-31T13:57:42.685065
4387,-6.2594,0,50,0.010000,0.274227,2026-05-31T13:57:43.266375
4388,-6.2457,0,50,0.010000,0.283083,2026-05-31T13:57:43.833941
4389,-6.1969,0,50,0.010000,0.269807,2026-05-31T13:57:44.361406
4390,-6.2008,0,50,0.010000,0.285524,2026-05-31T13:57:44.916726
4391,-5.6496,0,57,0.010000,0.300680,2026-05-31T13:57:45.544046
4392,-6.1871,0,50,0.010000,0.283160,2026-05-31T13:57:46.420383
4393,-6.2047,0,50,0.010000,0.341442,2026-05-31T13:57:47.504821
4394,-6.1773,0,50,0.010000,0.256598,2026-05-31T13:57:48.732540
4395,-6.2516,0,50,0.010000,0.289285,2026-05-31T13:57:49.692755
4396,-6.2203,0,50,0.010000,0.307462,2026-05-31T13:57:50.259545
4397,-7.6211,0,31,0.010000,0.277928,2026-05-31T13:57:50.615118
4398,-6.2320,0,50,0.010000,0.299749,2026-05-31T13:57:51.330202
4399,-6.2242,0,50,0.010000,0.292569,2026-05-31T13:57:51.931630
4400,-6.2457,0,50,0.010000,0.264918,2026-05-31T13:57:52.983373
4401,-6.1930,0,50,0.010000,0.333831,2026-05-31T13:57:53.558019
4402,-5.9844,0,53,0.010000,0.278715,2026-05-31T13:57:54.144567
4403,-6.1637,0,50,0.010000,0.332213,2026-05-31T13:57:54.682551
4404,-6.1754,0,50,0.010000,0.257001,2026-05-31T13:57:55.274158
4405,-6.2594,0,50,0.010000,0.299442,2026-05-31T13:57:55.802451
4406,-6.2086,0,50,0.010000,0.329590,2026-05-31T13:57:56.370717
4407,-6.2047,0,50,0.010000,0.276536,2026-05-31T13:57:56.922845
4408,-6.2184,0,50,0.010000,0.279611,2026-05-31T13:57:57.449629
4409,-6.1773,0,50,0.010000,0.263098,2026-05-31T13:57:58.010909
4410,-6.2223,0,50,0.010000,0.253574,2026-05-31T13:57:58.575823
4411,-6.2516,0,50,0.010000,0.250173,2026-05-31T13:57:59.133837
4412,-6.2223,0,50,0.010000,0.334945,2026-05-31T13:57:59.686980
4413,-6.1949,0,50,0.010000,0.339377,2026-05-31T13:58:00.235416
4414,-6.2457,0,50,0.010000,0.279170,2026-05-31T13:58:00.766994
4415,-6.2047,0,50,0.010000,0.364394,2026-05-31T13:58:01.315751
4416,-6.1813,0,50,0.010000,0.261726,2026-05-31T13:58:01.870461
4417,-6.2145,0,50,0.010000,0.240736,2026-05-31T13:58:02.436501
4418,-6.1988,0,50,0.010000,0.326280,2026-05-31T13:58:02.995779
4419,-6.2164,0,50,0.010000,0.284139,2026-05-31T13:58:03.593092
4420,-6.2594,0,50,0.010000,0.328188,2026-05-31T13:58:04.136703
4421,-6.1754,0,50,0.010000,0.319475,2026-05-31T13:58:04.680863
4422,-6.2164,0,50,0.010000,0.285488,2026-05-31T13:58:05.272691
4423,-6.1871,0,50,0.010000,0.284337,2026-05-31T13:58:05.922086
4424,-6.2184,0,50,0.010000,0.289867,2026-05-31T13:58:06.524282
4425,-6.2242,0,50,0.010000,0.285888,2026-05-31T13:58:07.189462
4426,-6.1695,0,50,0.010000,0.288155,2026-05-31T13:58:08.037462
4427,-6.2184,0,50,0.010000,0.342935,2026-05-31T13:58:08.763147
4428,-7.6211,0,31,0.010000,0.314273,2026-05-31T13:58:09.183958
4429,-6.2594,0,50,0.010000,0.313262,2026-05-31T13:58:09.762775
4430,-6.1754,0,50,0.010000,0.326122,2026-05-31T13:58:10.368138
4431,-6.1910,0,50,0.010000,0.310035,2026-05-31T13:58:10.950654
4432,-6.1910,0,50,0.010000,0.277546,2026-05-31T13:58:11.563726
4433,-6.2457,0,50,0.010000,0.301977,2026-05-31T13:58:12.173567
4434,-6.1910,0,50,0.010000,0.302312,2026-05-31T13:58:12.829814
4435,-7.1498,0,37,0.010000,0.240331,2026-05-31T13:58:13.282834
4436,-6.2184,0,50,0.010000,0.328043,2026-05-31T13:58:13.906479
4437,-6.2457,0,50,0.010000,0.267199,2026-05-31T13:58:14.511078
4438,-6.2242,0,50,0.010000,0.340148,2026-05-31T13:58:15.539528
4439,-6.2457,0,50,0.010000,0.298953,2026-05-31T13:58:16.375229
4440,-6.1969,0,50,0.010000,0.285536,2026-05-31T13:58:17.394570
4441,-6.2594,0,50,0.010000,0.316917,2026-05-31T13:58:18.153382
4442,-6.2047,0,50,0.010000,0.260090,2026-05-31T13:58:18.958585
4443,-6.2457,0,50,0.010000,0.304403,2026-05-31T13:58:19.643594
4444,-6.1695,0,50,0.010000,0.340235,2026-05-31T13:58:20.580644
4445,-6.2457,0,50,0.010000,0.220139,2026-05-31T13:58:21.171886
4446,-6.2008,0,50,0.010000,0.294989,2026-05-31T13:58:21.764348
4447,-5.9668,0,53,0.010000,0.359700,2026-05-31T13:58:22.415284
4448,-6.2320,0,50,0.010000,0.302269,2026-05-31T13:58:23.263082
4449,-6.2047,0,50,0.010000,0.279128,2026-05-31T13:58:24.079622
4450,-6.1754,0,50,0.010000,0.318851,2026-05-31T13:58:24.675650
4451,-6.2359,0,50,0.010000,0.229558,2026-05-31T13:58:25.296600
4452,-6.2457,0,50,0.010000,0.343128,2026-05-31T13:58:25.878706
4453,-5.9258,0,53,0.010000,0.319955,2026-05-31T13:58:26.516545
4454,-6.1871,0,50,0.010000,0.334821,2026-05-31T13:58:27.108472
4455,-6.1637,0,50,0.010000,0.340585,2026-05-31T13:58:27.691495
4456,-6.1773,0,50,0.010000,0.307483,2026-05-31T13:58:28.346797
4457,-6.2145,0,50,0.010000,0.272710,2026-05-31T13:58:28.945164
4458,-6.2359,0,50,0.010000,0.241680,2026-05-31T13:58:29.826057
4459,-6.2047,0,50,0.010000,0.249595,2026-05-31T13:58:30.666759
4460,-6.2047,0,50,0.010000,0.240133,2026-05-31T13:58:31.388220
4461,-6.2145,0,50,0.010000,0.308879,2026-05-31T13:58:32.022295
4462,-6.2047,0,50,0.010000,0.345731,2026-05-31T13:58:32.629314
4463,-6.2438,0,50,0.010000,0.291745,2026-05-31T13:58:33.222644
4464,-6.2125,0,50,0.010000,0.262545,2026-05-31T13:58:33.987824
4465,-6.2438,0,50,0.010000,0.247470,2026-05-31T13:58:34.567899
4466,-6.2203,0,50,0.010000,0.284691,2026-05-31T13:58:35.183146
4467,-6.1695,0,50,0.010000,0.316644,2026-05-31T13:58:35.822852
4468,-6.2047,0,50,0.010000,0.235405,2026-05-31T13:58:36.467214
4469,-7.6211,0,31,0.010000,0.359309,2026-05-31T13:58:36.973218
4470,-6.2516,0,50,0.010000,0.250403,2026-05-31T13:58:37.872298
4471,-6.1754,0,50,0.010000,0.299983,2026-05-31T13:58:38.589191
4472,-6.2457,0,50,0.010000,0.268441,2026-05-31T13:58:39.129287
4473,-6.2027,0,50,0.010000,0.267988,2026-05-31T13:58:39.673781
4474,-6.2008,0,50,0.010000,0.243977,2026-05-31T13:58:40.237917
4475,-6.2125,0,50,0.010000,0.284623,2026-05-31T13:58:40.845282
4476,-6.1832,0,50,0.010000,0.305516,2026-05-31T13:58:41.396960
4477,-6.2320,0,50,0.010000,0.356724,2026-05-31T13:58:41.929018
4478,-6.2125,0,50,0.010000,0.222831,2026-05-31T13:58:42.466958
4479,-6.2594,0,50,0.010000,0.305591,2026-05-31T13:58:43.005689
4480,-6.2125,0,50,0.010000,0.246268,2026-05-31T13:58:43.589731
4481,-6.2379,0,50,0.010000,0.298401,2026-05-31T13:58:44.153521
4482,-5.9344,0,54,0.010000,0.253298,2026-05-31T13:58:44.758931
4483,-6.2184,0,50,0.010000,0.308787,2026-05-31T13:58:45.299457
4484,-6.2516,0,50,0.010000,0.261866,2026-05-31T13:58:45.854476
4485,-6.2320,0,50,0.010000,0.259012,2026-05-31T13:58:46.591284
4486,-6.1891,0,50,0.010000,0.286070,2026-05-31T13:58:47.282307
4487,-5.8492,0,55,0.010000,0.284539,2026-05-31T13:58:48.081385
4488,-6.2047,0,50,0.010000,0.325953,2026-05-31T13:58:48.813298
4489,-6.2457,0,50,0.010000,0.281766,2026-05-31T13:58:49.383155
4490,-6.2594,0,50,0.010000,0.242031,2026-05-31T13:58:50.146380
4491,-6.2379,0,50,0.010000,0.240837,2026-05-31T13:58:50.676264
4492,-6.2320,0,50,0.010000,0.314777,2026-05-31T13:58:51.227614
4493,-6.0734,0,52,0.010000,0.242881,2026-05-31T13:58:51.783771
4494,-7.6211,0,31,0.010000,0.295119,2026-05-31T13:58:52.117638
4495,-6.1637,0,50,0.010000,0.250381,2026-05-31T13:58:52.683047
4496,-6.2047,0,50,0.010000,0.346165,2026-05-31T13:58:53.215680
4497,-6.1832,0,50,0.010000,0.317687,2026-05-31T13:58:53.804176
4498,-6.1969,0,50,0.010000,0.280841,2026-05-31T13:58:54.336839
4499,-6.2301,0,50,0.010000,0.278653,2026-05-31T13:58:54.874469
4500,-5.8023,0,55,0.010000,0.302014,2026-05-31T13:58:55.472449
4501,-6.2594,0,50,0.010000,0.313915,2026-05-31T13:58:56.014310
4502,-6.1891,0,50,0.010000,0.312318,2026-05-31T13:58:56.587106
4503,-6.1664,0,51,0.010000,0.286588,2026-05-31T13:58:57.131800
4504,-6.1773,0,50,0.010000,0.306108,2026-05-31T13:58:57.684313
4505,-6.2320,0,50,0.010000,0.304412,2026-05-31T13:58:58.329873
4506,-7.6211,0,31,0.010000,0.303516,2026-05-31T13:58:58.697640
4507,-6.2320,0,50,0.010000,0.249769,2026-05-31T13:58:59.240563
4508,-5.9863,0,53,0.010000,0.250628,2026-05-31T13:58:59.823122
4509,-5.8492,0,55,0.010000,0.272543,2026-05-31T13:59:00.449730
4510,-6.2320,0,50,0.010000,0.280182,2026-05-31T13:59:00.985669
4511,-7.6211,0,31,0.010000,0.272401,2026-05-31T13:59:01.336262
4512,-6.2184,0,50,0.010000,0.273913,2026-05-31T13:59:01.876268
4513,-6.2027,0,50,0.010000,0.267738,2026-05-31T13:59:02.419927
4514,-6.1988,0,50,0.010000,0.299606,2026-05-31T13:59:02.964896
4515,-5.5457,0,59,0.010000,0.326117,2026-05-31T13:59:03.628428
4516,-6.2145,0,50,0.010000,0.338294,2026-05-31T13:59:04.148496
4517,-6.2223,0,50,0.010000,0.268223,2026-05-31T13:59:04.724796
4518,-5.5457,0,59,0.010000,0.340619,2026-05-31T13:59:05.362878
4519,-6.2184,0,50,0.010000,0.270909,2026-05-31T13:59:06.023450
4520,-6.2281,0,50,0.010000,0.266290,2026-05-31T13:59:06.545158
4521,-6.0961,0,51,0.010000,0.248366,2026-05-31T13:59:07.095518
4522,-6.2184,0,50,0.010000,0.273544,2026-05-31T13:59:07.636914
4523,-6.2320,0,50,0.010000,0.275793,2026-05-31T13:59:08.177474
4524,-6.1910,0,50,0.010000,0.318671,2026-05-31T13:59:08.787718
4525,-7.6211,0,31,0.010000,0.329650,2026-05-31T13:59:09.116192
4526,-7.6211,0,31,0.010000,0.259834,2026-05-31T13:59:09.524004
4527,-6.0871,0,52,0.010000,0.251137,2026-05-31T13:59:10.092100
4528,-6.1969,0,50,0.010000,0.237136,2026-05-31T13:59:10.654445
4529,-6.1910,0,50,0.010000,0.288429,2026-05-31T13:59:11.185592
4530,-6.2320,0,50,0.010000,0.379869,2026-05-31T13:59:11.746128
4531,-6.2086,0,50,0.010000,0.238214,2026-05-31T13:59:12.276932
4532,-6.2320,0,50,0.010000,0.296981,2026-05-31T13:59:12.830007
4533,-6.2457,0,50,0.010000,0.297306,2026-05-31T13:59:13.375165
4534,-6.2457,0,50,0.010000,0.250665,2026-05-31T13:59:13.948221
4535,-6.2047,0,50,0.010000,0.317769,2026-05-31T13:59:14.504309
4536,-7.3039,0,35,0.010000,0.268184,2026-05-31T13:59:14.898939
4537,-6.2047,0,50,0.010000,0.307484,2026-05-31T13:59:15.449954
4538,-6.2594,0,50,0.010000,0.318263,2026-05-31T13:59:16.037269
4539,-5.5242,0,59,0.010000,0.286200,2026-05-31T13:59:16.974807
4540,-7.6211,0,31,0.010000,0.249261,2026-05-31T13:59:17.418131
4541,-7.6211,0,31,0.010000,0.312197,2026-05-31T13:59:17.861313
4542,-6.1773,0,50,0.010000,0.255442,2026-05-31T13:59:18.556369
4543,-5.5457,0,59,0.010000,0.317235,2026-05-31T13:59:19.177179
4544,4.8645,1,64,0.010000,0.267574,2026-05-31T13:59:20.165983
4545,-6.1773,0,50,0.010000,0.316867,2026-05-31T13:59:20.705625
4546,-6.2457,0,50,0.010000,0.271466,2026-05-31T13:59:21.256629
4547,-6.2047,0,50,0.010000,0.236805,2026-05-31T13:59:21.793684
4548,-6.2047,0,50,0.010000,0.325781,2026-05-31T13:59:22.332775
4549,-6.1949,0,50,0.010000,0.264224,2026-05-31T13:59:22.844316
4550,-6.2457,0,50,0.010000,0.375074,2026-05-31T13:59:23.386468
4551,-6.2301,0,50,0.010000,0.262228,2026-05-31T13:59:23.962318
4552,-6.2438,0,50,0.010000,0.324306,2026-05-31T13:59:24.515080
4553,-6.2457,0,50,0.010000,0.339632,2026-05-31T13:59:25.069151
4554,-6.2047,0,50,0.010000,0.239431,2026-05-31T13:59:25.615069
4555,-5.7809,0,55,0.010000,0.314223,2026-05-31T13:59:26.211581
4556,-7.3039,0,35,0.010000,0.357569,2026-05-31T13:59:26.608614
4557,-6.1949,0,50,0.010000,0.312301,2026-05-31T13:59:27.141924
4558,-6.2047,0,50,0.010000,0.330901,2026-05-31T13:59:27.682828
4559,-6.1910,0,50,0.010000,0.277205,2026-05-31T13:59:28.221474
4560,-6.2184,0,50,0.010000,0.273083,2026-05-31T13:59:28.830952
4561,-6.2047,0,50,0.010000,0.330197,2026-05-31T13:59:29.361733
4562,-6.1910,0,50,0.010000,0.285298,2026-05-31T13:59:29.905587
4563,-6.2105,0,50,0.010000,0.335837,2026-05-31T13:59:30.443793
4564,-6.2027,0,50,0.010000,0.300775,2026-05-31T13:59:30.973173
4565,-6.2457,0,50,0.010000,0.271881,2026-05-31T13:59:31.545388
4566,-6.1813,0,50,0.010000,0.308575,2026-05-31T13:59:32.079923
4567,-6.1891,0,50,0.010000,0.288855,2026-05-31T13:59:32.650889
4568,-6.2594,0,50,0.010000,0.301293,2026-05-31T13:59:33.167326
4569,-7.6211,0,31,0.010000,0.290353,2026-05-31T13:59:33.535019
4570,5.0406,1,66,0.010000,0.303819,2026-05-31T13:59:34.372102
4571,-6.1988,0,50,0.010000,0.270092,2026-05-31T13:59:34.906812
4572,-6.1871,0,50,0.010000,0.342261,2026-05-31T13:59:35.460296
4573,-6.2379,0,50,0.010000,0.357103,2026-05-31T13:59:36.191300
4574,-6.2184,0,50,0.010000,0.276985,2026-05-31T13:59:36.747816
4575,-6.1910,0,50,0.010000,0.247495,2026-05-31T13:59:37.276209
4576,-6.2457,0,50,0.010000,0.283305,2026-05-31T13:59:37.823347
4577,-6.1988,0,50,0.010000,0.330524,2026-05-31T13:59:38.358414
4578,-6.1910,0,50,0.010000,0.277607,2026-05-31T13:59:38.998812
4579,-7.6211,0,31,0.010000,0.357427,2026-05-31T13:59:39.350152
4580,-6.1695,0,50,0.010000,0.355195,2026-05-31T13:59:39.888823
4581,-6.1910,0,50,0.010000,0.280328,2026-05-31T13:59:40.441639
4582,-6.1695,0,50,0.010000,0.294583,2026-05-31T13:59:41.074068
4583,-6.2438,0,50,0.010000,0.328778,2026-05-31T13:59:41.629076
4584,-6.2184,0,50,0.010000,0.363308,2026-05-31T13:59:42.175313
4585,-6.2203,0,50,0.010000,0.279561,2026-05-31T13:59:42.740956
4586,-6.2594,0,50,0.010000,0.323297,2026-05-31T13:59:43.263036
4587,-6.2008,0,50,0.010000,0.298457,2026-05-31T13:59:43.839265
4588,-6.2594,0,50,0.010000,0.275390,2026-05-31T13:59:44.367803
4589,-5.9188,0,54,0.010000,0.340589,2026-05-31T13:59:44.995981
4590,-6.2320,0,50,0.010000,0.332284,2026-05-31T13:59:45.548258
4591,-6.2047,0,50,0.010000,0.261558,2026-05-31T13:59:46.186630
4592,-6.1949,0,50,0.010000,0.270961,2026-05-31T13:59:46.878827
4593,-6.1969,0,50,0.010000,0.307737,2026-05-31T13:59:47.580183
4594,-6.2594,0,50,0.010000,0.235843,2026-05-31T13:59:48.313327
4595,-6.2320,0,50,0.010000,0.322061,2026-05-31T13:59:48.982392
4596,-6.2184,0,50,0.010000,0.288613,2026-05-31T13:59:49.616916
4597,-6.1930,0,50,0.010000,0.282669,2026-05-31T13:59:50.280367
4598,-6.1910,0,50,0.010000,0.311655,2026-05-31T13:59:50.824751
4599,-6.2301,0,50,0.010000,0.304731,2026-05-31T13:59:51.352820
4600,-6.1988,0,50,0.010000,0.331588,2026-05-31T13:59:51.907684
4601,-6.2105,0,50,0.010000,0.272275,2026-05-31T13:59:52.440818
4602,-6.1773,0,50,0.010000,0.313873,2026-05-31T13:59:53.026771
4603,-6.2125,0,50,0.010000,0.299353,2026-05-31T13:59:53.572863
4604,-6.2320,0,50,0.010000,0.296865,2026-05-31T13:59:54.121717
4605,-6.2594,0,50,0.010000,0.298661,2026-05-31T13:59:54.686364
4606,-6.1637,0,50,0.010000,0.322889,2026-05-31T13:59:55.222039
4607,-6.2184,0,50,0.010000,0.336003,2026-05-31T13:59:55.767362
4608,-5.7984,0,55,0.010000,0.234972,2026-05-31T13:59:56.354190
4609,-6.2594,0,50,0.010000,0.309073,2026-05-31T13:59:56.941222
4610,-6.1801,0,51,0.010000,0.309441,2026-05-31T13:59:57.471753
4611,-6.2008,0,50,0.010000,0.279932,2026-05-31T13:59:58.017047
4612,-6.2164,0,50,0.010000,0.306193,2026-05-31T13:59:58.574152
4613,-6.1910,0,50,0.010000,0.282583,2026-05-31T13:59:59.113101
4614,-6.2184,0,50,0.010000,0.288404,2026-05-31T13:59:59.661255
4615,-7.3039,0,35,0.010000,0.280420,2026-05-31T14:00:00.043905
4616,-7.6211,0,31,0.010000,0.342349,2026-05-31T14:00:00.400797
4617,-6.2457,0,50,0.010000,0.285752,2026-05-31T14:00:00.967884
4618,-6.2320,0,50,0.010000,0.231028,2026-05-31T14:00:01.486363
4619,-6.1871,0,50,0.010000,0.282404,2026-05-31T14:00:02.051844
4620,-6.1832,0,50,0.010000,0.272966,2026-05-31T14:00:02.605090
4621,-6.2047,0,50,0.010000,0.277885,2026-05-31T14:00:03.150003
4622,-6.2457,0,50,0.010000,0.314671,2026-05-31T14:00:03.734800
4623,-6.1695,0,50,0.010000,0.232443,2026-05-31T14:00:04.262160
4624,-6.2320,0,50,0.010000,0.410046,2026-05-31T14:00:04.831957
4625,-6.1910,0,50,0.010000,0.299961,2026-05-31T14:00:05.386175
4626,-6.2184,0,50,0.010000,0.275771,2026-05-31T14:00:06.120698
4627,-6.2301,0,50,0.010000,0.294239,2026-05-31T14:00:06.682217
4628,-6.2027,0,50,0.010000,0.260528,2026-05-31T14:00:07.229595
4629,-6.2086,0,50,0.010000,0.285377,2026-05-31T14:00:07.783170
4630,-6.2457,0,50,0.010000,0.275578,2026-05-31T14:00:08.325682
4631,-6.2359,0,50,0.010000,0.278030,2026-05-31T14:00:08.917173
4632,-6.1832,0,50,0.010000,0.245043,2026-05-31T14:00:09.445853
4633,-6.2594,0,50,0.010000,0.232237,2026-05-31T14:00:10.041218
4634,-6.2359,0,50,0.010000,0.248637,2026-05-31T14:00:10.577828
4635,-6.1949,0,50,0.010000,0.308981,2026-05-31T14:00:11.250894
4636,-6.2320,0,50,0.010000,0.305265,2026-05-31T14:00:11.833191
4637,-6.2320,0,50,0.010000,0.287951,2026-05-31T14:00:12.359054
4638,-5.8063,0,55,0.010000,0.322900,2026-05-31T14:00:12.981459
4639,-6.2320,0,50,0.010000,0.299106,2026-05-31T14:00:13.525138
4640,-6.2516,0,50,0.010000,0.346117,2026-05-31T14:00:14.093189
4641,-5.6633,0,57,0.010000,0.292939,2026-05-31T14:00:14.796255
4642,-6.1527,0,51,0.010000,0.323339,2026-05-31T14:00:15.393146
4643,-6.2457,0,50,0.010000,0.272987,2026-05-31T14:00:16.010963
4644,5.3676,1,70,0.010000,0.307410,2026-05-31T14:00:17.072584
4645,-6.2516,0,50,0.010000,0.275122,2026-05-31T14:00:17.767286
4646,-6.1754,0,50,0.010000,0.292696,2026-05-31T14:00:18.431829
4647,-6.1988,0,50,0.010000,0.348906,2026-05-31T14:00:18.989507
4648,-6.2047,0,50,0.010000,0.334166,2026-05-31T14:00:19.642116
4649,-6.2281,0,50,0.010000,0.326496,2026-05-31T14:00:20.405864
4650,-6.2594,0,50,0.010000,0.289145,2026-05-31T14:00:21.032194
4651,-6.2105,0,50,0.010000,0.299237,2026-05-31T14:00:21.577834
4652,-6.2359,0,50,0.010000,0.335798,2026-05-31T14:00:22.130643
4653,-6.2281,0,50,0.010000,0.311458,2026-05-31T14:00:22.668183
4654,-7.4625,0,33,0.010000,0.284061,2026-05-31T14:00:23.023648
4655,-5.6250,0,58,0.010000,0.388829,2026-05-31T14:00:23.674138
4656,-6.2457,0,50,0.010000,0.301447,2026-05-31T14:00:24.224567
4657,-6.2047,0,50,0.010000,0.293921,2026-05-31T14:00:24.762030
4658,-6.2320,0,50,0.010000,0.258315,2026-05-31T14:00:25.349621
4659,-6.2320,0,50,0.010000,0.275233,2026-05-31T14:00:25.940200
4660,-6.1754,0,50,0.010000,0.328633,2026-05-31T14:00:26.476640
4661,-6.2086,0,50,0.010000,0.283109,2026-05-31T14:00:27.029789
4662,-6.1910,0,50,0.010000,0.296624,2026-05-31T14:00:27.555234
4663,-6.2594,0,50,0.010000,0.350995,2026-05-31T14:00:28.093220
4664,-6.2008,0,50,0.010000,0.250680,2026-05-31T14:00:28.654016
4665,-6.2320,0,50,0.010000,0.357290,2026-05-31T14:00:29.231175
4666,-6.1871,0,50,0.010000,0.264072,2026-05-31T14:00:29.765371
4667,-6.1215,0,51,0.010000,0.248397,2026-05-31T14:00:30.325721
4668,-6.1695,0,50,0.010000,0.302565,2026-05-31T14:00:30.873678
4669,-6.1930,0,50,0.010000,0.285791,2026-05-31T14:00:31.410479
4670,-6.2438,0,50,0.010000,0.281031,2026-05-31T14:00:31.959285
4671,-7.6211,0,31,0.010000,0.285409,2026-05-31T14:00:32.293512
4672,-6.1910,0,50,0.010000,0.343896,2026-05-31T14:00:32.851323
4673,-6.2320,0,50,0.010000,0.333185,2026-05-31T14:00:33.418631
4674,-6.2320,0,50,0.010000,0.304103,2026-05-31T14:00:34.028958
4675,-6.2594,0,50,0.010000,0.305384,2026-05-31T14:00:34.580652
4676,-5.9422,0,54,0.010000,0.314535,2026-05-31T14:00:35.184940
4677,-6.2516,0,50,0.010000,0.249651,2026-05-31T14:00:35.809887
4678,-6.2320,0,50,0.010000,0.265290,2026-05-31T14:00:36.369757
4679,-6.2164,0,50,0.010000,0.368916,2026-05-31T14:00:36.930565
4680,-6.2145,0,50,0.010000,0.349101,2026-05-31T14:00:37.491170
4681,-6.1637,0,50,0.010000,0.294835,2026-05-31T14:00:38.047859
4682,-6.2438,0,50,0.010000,0.276615,2026-05-31T14:00:38.594145
4683,-6.1813,0,50,0.010000,0.330401,2026-05-31T14:00:39.147381
4684,-6.1832,0,50,0.010000,0.258579,2026-05-31T14:00:39.709524
4685,-6.1773,0,50,0.010000,0.275124,2026-05-31T14:00:40.305202
4686,-7.6211,0,31,0.010000,0.259304,2026-05-31T14:00:40.664763
4687,-6.2457,0,50,0.010000,0.338872,2026-05-31T14:00:41.279649
4688,-6.2594,0,50,0.010000,0.321909,2026-05-31T14:00:41.812541
4689,-6.1871,0,50,0.010000,0.305912,2026-05-31T14:00:42.382163
4690,-6.2027,0,50,0.010000,0.297468,2026-05-31T14:00:42.921997
4691,-6.2457,0,50,0.010000,0.281637,2026-05-31T14:00:43.451570
4692,-6.2320,0,50,0.010000,0.328079,2026-05-31T14:00:44.033772
4693,-7.6211,0,31,0.010000,0.296192,2026-05-31T14:00:44.373216
4694,-6.2594,0,50,0.010000,0.294462,2026-05-31T14:00:44.920936
4695,-6.1254,0,51,0.010000,0.302630,2026-05-31T14:00:45.508390
4696,-6.2184,0,50,0.010000,0.323502,2026-05-31T14:00:46.197000
4697,-6.2184,0,50,0.010000,0.297069,2026-05-31T14:00:46.934959
4698,-6.2457,0,50,0.010000,0.313304,2026-05-31T14:00:47.642609
4699,-6.2516,0,50,0.010000,0.264969,2026-05-31T14:00:48.380458
4700,-6.2281,0,50,0.010000,0.347142,2026-05-31T14:00:49.033994
4701,-6.1773,0,50,0.010000,0.341706,2026-05-31T14:00:49.771012
4702,-6.1637,0,50,0.010000,0.297607,2026-05-31T14:00:50.363140
4703,-6.1949,0,50,0.010000,0.265258,2026-05-31T14:00:50.894120
4704,-6.2027,0,50,0.010000,0.271402,2026-05-31T14:00:51.436039
4705,-6.2516,0,50,0.010000,0.310571,2026-05-31T14:00:51.973361
4706,-6.2594,0,50,0.010000,0.287073,2026-05-31T14:00:52.503070
4707,-6.2594,0,50,0.010000,0.300988,2026-05-31T14:00:53.067315
4708,-6.1695,0,50,0.010000,0.275472,2026-05-31T14:00:53.642241
4709,-7.1498,0,37,0.010000,0.275805,2026-05-31T14:00:54.172845
4710,-6.2047,0,50,0.010000,0.259955,2026-05-31T14:00:54.685978
4711,-6.1949,0,50,0.010000,0.290598,2026-05-31T14:00:55.239941
4712,-6.2457,0,50,0.010000,0.315254,2026-05-31T14:00:55.776313
4713,-6.2379,0,50,0.010000,0.279712,2026-05-31T14:00:56.342133
4714,-6.2457,0,50,0.010000,0.319071,2026-05-31T14:00:56.866903
4715,-6.2281,0,50,0.010000,0.302116,2026-05-31T14:00:57.445700
4716,-6.2027,0,50,0.010000,0.302748,2026-05-31T14:00:57.986455
4717,-6.2223,0,50,0.010000,0.333588,2026-05-31T14:00:58.524932
4718,-6.2281,0,50,0.010000,0.278482,2026-05-31T14:00:59.100441
4719,-6.2594,0,50,0.010000,0.324799,2026-05-31T14:00:59.639858
4720,-7.6211,0,31,0.010000,0.294802,2026-05-31T14:00:59.976967
4721,-6.0461,0,52,0.010000,0.309832,2026-05-31T14:01:00.550682
4722,-6.2320,0,50,0.010000,0.334146,2026-05-31T14:01:01.118897
4723,-6.2184,0,50,0.010000,0.285527,2026-05-31T14:01:01.655447
4724,-6.2594,0,50,0.010000,0.292118,2026-05-31T14:01:02.199505
4725,-5.6113,0,58,0.010000,0.280716,2026-05-31T14:01:02.821784
4726,-6.2047,0,50,0.010000,0.312047,2026-05-31T14:01:03.368489
4727,-6.2594,0,50,0.010000,0.292186,2026-05-31T14:01:03.947194
4728,-6.2320,0,50,0.010000,0.276797,2026-05-31T14:01:04.477502
4729,-6.2105,0,50,0.010000,0.271729,2026-05-31T14:01:05.016993
4730,-5.7836,0,56,0.010000,0.367431,2026-05-31T14:01:05.713842
4731,-6.2047,0,50,0.010000,0.317721,2026-05-31T14:01:06.334712
4732,-6.2066,0,50,0.010000,0.290483,2026-05-31T14:01:06.861426
4733,-6.2008,0,50,0.010000,0.322162,2026-05-31T14:01:07.431649
4734,-6.2184,0,50,0.010000,0.257977,2026-05-31T14:01:07.964958
4735,-6.2320,0,50,0.010000,0.269750,2026-05-31T14:01:08.568337
4736,-6.2594,0,50,0.010000,0.343292,2026-05-31T14:01:09.163623
4737,-6.1910,0,50,0.010000,0.311223,2026-05-31T14:01:09.711427
4738,-6.2320,0,50,0.010000,0.335023,2026-05-31T14:01:10.267454
4739,-5.5184,0,59,0.010000,0.265808,2026-05-31T14:01:10.980305
4740,-6.2594,0,50,0.010000,0.299567,2026-05-31T14:01:11.536779
4741,-5.5184,0,59,0.010000,0.260460,2026-05-31T14:01:12.183704
4742,-5.5684,0,58,0.010000,0.276280,2026-05-31T14:01:12.803746
4743,-6.2105,0,50,0.010000,0.270394,2026-05-31T14:01:13.370380
4744,-6.1773,0,50,0.010000,0.341672,2026-05-31T14:01:13.934872
4745,-6.6350,0,44,0.010000,0.332964,2026-05-31T14:01:14.411538
4746,-6.2047,0,50,0.010000,0.236380,2026-05-31T14:01:14.966142
4747,-7.6211,0,31,0.010000,0.296691,2026-05-31T14:01:15.299773
4748,-6.1988,0,50,0.010000,0.290235,2026-05-31T14:01:15.853040
4749,-6.1930,0,50,0.010000,0.271408,2026-05-31T14:01:16.601478
4750,-6.2594,0,50,0.010000,0.295493,2026-05-31T14:01:17.337377
4751,-6.2008,0,50,0.010000,0.328781,2026-05-31T14:01:18.035711
4752,-6.2086,0,50,0.010000,0.261725,2026-05-31T14:01:18.673079
4753,-6.2008,0,50,0.010000,0.276680,2026-05-31T14:01:19.217381
4754,-7.1498,0,37,0.010000,0.280474,2026-05-31T14:01:19.751131
4755,-6.2184,0,50,0.010000,0.325483,2026-05-31T14:01:20.410132
4756,-6.2086,0,50,0.010000,0.277929,2026-05-31T14:01:20.924290
4757,-6.2457,0,50,0.010000,0.280595,2026-05-31T14:01:21.510878
4758,-6.2359,0,50,0.010000,0.296357,2026-05-31T14:01:22.040933
4759,-6.2008,0,50,0.010000,0.310597,2026-05-31T14:01:22.590756
4760,-6.2184,0,50,0.010000,0.302263,2026-05-31T14:01:23.127440
4761,-6.2027,0,50,0.010000,0.279294,2026-05-31T14:01:23.685234
4762,-6.2320,0,50,0.010000,0.321201,2026-05-31T14:01:24.243207
4763,-6.2457,0,50,0.010000,0.322587,2026-05-31T14:01:24.845169
4764,-7.6211,0,31,0.010000,0.336892,2026-05-31T14:01:25.191976
4765,-5.6250,0,58,0.010000,0.266804,2026-05-31T14:01:25.824123
4766,-6.1773,0,50,0.010000,0.259207,2026-05-31T14:01:26.379576
4767,-6.2594,0,50,0.010000,0.255514,2026-05-31T14:01:26.966658
4768,-6.1949,0,50,0.010000,0.235264,2026-05-31T14:01:27.529218
4769,-6.1637,0,50,0.010000,0.269839,2026-05-31T14:01:28.070409
4770,-6.1910,0,50,0.010000,0.253215,2026-05-31T14:01:28.632398
4771,-6.1930,0,50,0.010000,0.320925,2026-05-31T14:01:29.188019
4772,-6.2145,0,50,0.010000,0.289362,2026-05-31T14:01:29.765836
4773,-6.2047,0,50,0.010000,0.237012,2026-05-31T14:01:30.314833
4774,-6.2184,0,50,0.010000,0.323374,2026-05-31T14:01:30.852411
4775,-6.1773,0,50,0.010000,0.311376,2026-05-31T14:01:31.496731
4776,-6.2320,0,50,0.010000,0.312034,2026-05-31T14:01:32.018302
4777,-6.1910,0,50,0.010000,0.389164,2026-05-31T14:01:32.570539
4778,-6.2594,0,50,0.010000,0.342500,2026-05-31T14:01:33.108354
4779,-6.1871,0,50,0.010000,0.262717,2026-05-31T14:01:33.690043
4780,-5.7016,0,56,0.010000,0.281106,2026-05-31T14:01:34.295182
4781,4.7195,1,62,0.010000,0.284359,2026-05-31T14:01:34.978998
4782,-5.9012,0,54,0.010000,0.293908,2026-05-31T14:01:35.580470
4783,-6.2184,0,50,0.010000,0.344965,2026-05-31T14:01:36.176075
4784,-6.2047,0,50,0.010000,0.269689,2026-05-31T14:01:36.712172
4785,-6.2184,0,50,0.010000,0.336846,2026-05-31T14:01:37.255860
4786,-6.1813,0,50,0.010000,0.268811,2026-05-31T14:01:37.814521
4787,-6.1754,0,50,0.010000,0.322811,2026-05-31T14:01:38.377955
4788,-6.2320,0,50,0.010000,0.238078,2026-05-31T14:01:38.943419
4789,-5.6887,0,57,0.010000,0.317075,2026-05-31T14:01:39.557803
4790,-6.1832,0,50,0.010000,0.232192,2026-05-31T14:01:40.084473
4791,-7.6211,0,31,0.010000,0.315955,2026-05-31T14:01:40.447297
4792,-7.6211,0,31,0.010000,0.306501,2026-05-31T14:01:40.832258
4793,-6.1695,0,50,0.010000,0.293515,2026-05-31T14:01:41.394861
4794,-6.2594,0,50,0.010000,0.266643,2026-05-31T14:01:41.939299
4795,4.7352,1,62,0.010000,0.312386,2026-05-31T14:01:42.636387
4796,-6.2594,0,50,0.010000,0.239026,2026-05-31T14:01:43.184140
4797,-6.2145,0,50,0.010000,0.281913,2026-05-31T14:01:43.740922
4798,-6.2457,0,50,0.010000,0.288511,2026-05-31T14:01:44.279233
4799,-6.2457,0,50,0.010000,0.240282,2026-05-31T14:01:44.818787
4800,-6.2359,0,50,0.010000,0.339955,2026-05-31T14:01:45.369062
4801,-6.2047,0,50,0.010000,0.310774,2026-05-31T14:01:45.956733
4802,-6.2594,0,50,0.010000,0.291330,2026-05-31T14:01:46.658858
4803,-6.2125,0,50,0.010000,0.286493,2026-05-31T14:01:47.371236
4804,-6.2184,0,50,0.010000,0.340828,2026-05-31T14:01:48.093872
4805,-6.2457,0,50,0.010000,0.337757,2026-05-31T14:01:48.742029
4806,-6.2008,0,50,0.010000,0.303453,2026-05-31T14:01:49.401194
4807,-6.1988,0,50,0.010000,0.314031,2026-05-31T14:01:50.182537
4808,-6.2594,0,50,0.010000,0.306782,2026-05-31T14:01:50.707825
4809,-6.2086,0,50,0.010000,0.309612,2026-05-31T14:01:51.278801
4810,-6.1773,0,50,0.010000,0.274847,2026-05-31T14:01:51.821888
4811,-7.6211,0,31,0.010000,0.238489,2026-05-31T14:01:52.150496
4812,-5.7043,0,57,0.010000,0.206714,2026-05-31T14:01:52.765949
4813,-6.2320,0,50,0.010000,0.232902,2026-05-31T14:01:53.332845
4814,-6.1813,0,50,0.010000,0.311803,2026-05-31T14:01:53.936243
4815,-6.2164,0,50,0.010000,0.285165,2026-05-31T14:01:54.496110
4816,-5.6398,0,57,0.010000,0.294723,2026-05-31T14:01:55.109267
4817,-6.2145,0,50,0.010000,0.275455,2026-05-31T14:01:55.669843
4818,-6.1910,0,50,0.010000,0.370761,2026-05-31T14:01:56.206186
4819,-6.2594,0,50,0.010000,0.263888,2026-05-31T14:01:56.766760
4820,-6.2047,0,50,0.010000,0.308088,2026-05-31T14:01:57.309960
4821,-6.1969,0,50,0.010000,0.280130,2026-05-31T14:01:57.880460
4822,-6.2457,0,50,0.010000,0.270403,2026-05-31T14:01:58.418118
4823,-6.2320,0,50,0.010000,0.264777,2026-05-31T14:01:58.994313
4824,-6.1910,0,50,0.010000,0.286004,2026-05-31T14:01:59.522861
4825,-6.2301,0,50,0.010000,0.234542,2026-05-31T14:02:00.061513
4826,-6.1910,0,50,0.010000,0.264557,2026-05-31T14:02:00.612745
4827,-6.2320,0,50,0.010000,0.284184,2026-05-31T14:02:01.194636
4828,-6.2594,0,50,0.010000,0.262415,2026-05-31T14:02:01.767226
4829,-6.2223,0,50,0.010000,0.342807,2026-05-31T14:02:02.299977
4830,-6.2184,0,50,0.010000,0.263701,2026-05-31T14:02:02.853723
4831,-6.2359,0,50,0.010000,0.313998,2026-05-31T14:02:03.389914
4832,-6.1949,0,50,0.010000,0.309798,2026-05-31T14:02:03.958464
4833,-6.2594,0,50,0.010000,0.258665,2026-05-31T14:02:04.554765
4834,-5.6320,0,57,0.010000,0.326303,2026-05-31T14:02:05.380398
4835,-5.3734,1,61,0.010000,0.385865,2026-05-31T14:02:06.144208
4836,-6.2047,0,50,0.010000,0.297967,2026-05-31T14:02:06.664198
4837,-6.0078,0,53,0.010000,0.311433,2026-05-31T14:02:07.241846
4838,-6.0078,0,53,0.010000,0.372506,2026-05-31T14:02:07.829916
4839,-6.2594,0,50,0.010000,0.268277,2026-05-31T14:02:08.358467
4840,-6.2184,0,50,0.010000,0.269562,2026-05-31T14:02:08.955359
4841,-6.2516,0,50,0.010000,0.335050,2026-05-31T14:02:09.502701
4842,-6.2223,0,50,0.010000,0.259206,2026-05-31T14:02:10.051701
4843,-6.2457,0,50,0.010000,0.277274,2026-05-31T14:02:10.615913
4844,-5.8336,0,55,0.010000,0.265891,2026-05-31T14:02:11.304955
4845,-6.2066,0,50,0.010000,0.345427,2026-05-31T14:02:11.862649
4846,-5.8219,0,55,0.010000,0.342578,2026-05-31T14:02:12.446898
4847,-6.1949,0,50,0.010000,0.260283,2026-05-31T14:02:12.996837
4848,-6.1695,0,50,0.010000,0.277978,2026-05-31T14:02:13.544672
4849,-6.1773,0,50,0.010000,0.297910,2026-05-31T14:02:14.112222
4850,-6.2457,0,50,0.010000,0.320461,2026-05-31T14:02:14.660884
4851,-5.9422,0,54,0.010000,0.325888,2026-05-31T14:02:15.260970
4852,-6.2594,0,50,0.010000,0.332104,2026-05-31T14:02:15.810016
4853,-5.8492,0,55,0.010000,0.385853,2026-05-31T14:02:16.733209
4854,-6.2438,0,50,0.010000,0.314164,2026-05-31T14:02:17.409797
4855,-6.1695,0,50,0.010000,0.320640,2026-05-31T14:02:18.132245
4856,-6.1695,0,50,0.010000,0.296143,2026-05-31T14:02:18.773234
4857,-6.1773,0,50,0.010000,0.310939,2026-05-31T14:02:19.428910
4858,-6.2359,0,50,0.010000,0.339714,2026-05-31T14:02:20.294753
4859,-6.2164,0,50,0.010000,0.282468,2026-05-31T14:02:20.876806
4860,-6.3029,0,49,0.010000,0.300906,2026-05-31T14:02:21.492386
4861,-6.1910,0,50,0.010000,0.291101,2026-05-31T14:02:22.074042
4862,-6.2438,0,50,0.010000,0.277792,2026-05-31T14:02:22.630442
4863,-6.1988,0,50,0.010000,0.284368,2026-05-31T14:02:23.174804
4864,-6.2184,0,50,0.010000,0.284859,2026-05-31T14:02:23.737420
4865,-6.2594,0,50,0.010000,0.280814,2026-05-31T14:02:24.309904
4866,-6.2457,0,50,0.010000,0.258522,2026-05-31T14:02:24.844505
4867,-6.2047,0,50,0.010000,0.279482,2026-05-31T14:02:25.395069
4868,-6.2184,0,50,0.010000,0.369213,2026-05-31T14:02:25.961747
4869,-6.1773,0,50,0.010000,0.331698,2026-05-31T14:02:26.507840
4870,-6.2184,0,50,0.010000,0.326781,2026-05-31T14:02:27.047169
4871,-6.2438,0,50,0.010000,0.291517,2026-05-31T14:02:27.574009
4872,-7.6211,0,31,0.010000,0.304037,2026-05-31T14:02:27.931065
4873,-6.2301,0,50,0.010000,0.249441,2026-05-31T14:02:28.480496
4874,-6.2066,0,50,0.010000,0.280352,2026-05-31T14:02:29.108473
4875,-6.1891,0,50,0.010000,0.323021,2026-05-31T14:02:29.666397
4876,-6.1773,0,50,0.010000,0.247439,2026-05-31T14:02:30.222036
4877,-6.2379,0,50,0.010000,0.314795,2026-05-31T14:02:30.760748
4878,-6.2320,0,50,0.010000,0.293845,2026-05-31T14:02:31.356428
4879,-6.2594,0,50,0.010000,0.258479,2026-05-31T14:02:31.904671
4880,-6.1832,0,50,0.010000,0.255430,2026-05-31T14:02:32.445619
4881,-6.2457,0,50,0.010000,0.299286,2026-05-31T14:02:33.004600
4882,-6.2203,0,50,0.010000,0.243117,2026-05-31T14:02:33.568396
4883,-7.6211,0,31,0.010000,0.310161,2026-05-31T14:02:33.989904
4884,-7.6211,0,31,0.010000,0.285417,2026-05-31T14:02:34.305375
4885,-7.6211,0,31,0.010000,0.350382,2026-05-31T14:02:34.647190
4886,-6.2047,0,50,0.010000,0.352921,2026-05-31T14:02:35.238135
4887,-6.2184,0,50,0.010000,0.314791,2026-05-31T14:02:35.846216
4888,-6.2008,0,50,0.010000,0.327008,2026-05-31T14:02:36.387389
4889,-6.2047,0,50,0.010000,0.363251,2026-05-31T14:02:36.930064
4890,-6.2457,0,50,0.010000,0.333003,2026-05-31T14:02:37.457609
4891,-6.1910,0,50,0.010000,0.324271,2026-05-31T14:02:38.021455
4892,-6.2203,0,50,0.010000,0.240193,2026-05-31T14:02:38.555462
4893,5.1816,1,68,0.010000,0.251966,2026-05-31T14:02:39.307960
4894,-6.2320,0,50,0.010000,0.266546,2026-05-31T14:02:39.859349
4895,-6.2457,0,50,0.010000,0.299394,2026-05-31T14:02:40.426696
4896,-6.2184,0,50,0.010000,0.299361,2026-05-31T14:02:40.972477
4897,-6.2320,0,50,0.010000,0.337139,2026-05-31T14:02:41.656583
4898,-6.2184,0,50,0.010000,0.308310,2026-05-31T14:02:42.257012
4899,-6.2301,0,50,0.010000,0.315966,2026-05-31T14:02:42.817209
4900,-6.2594,0,50,0.010000,0.276562,2026-05-31T14:02:43.368159
4901,-6.1832,0,50,0.010000,0.327399,2026-05-31T14:02:43.945516
4902,-5.7602,0,56,0.010000,0.314807,2026-05-31T14:02:44.681571
4903,-6.2281,0,50,0.010000,0.322932,2026-05-31T14:02:45.236424
4904,-6.2027,0,50,0.010000,0.352570,2026-05-31T14:02:45.807542
4905,-6.1910,0,50,0.010000,0.319162,2026-05-31T14:02:46.527148
4906,-6.2457,0,50,0.010000,0.346423,2026-05-31T14:02:47.226293
4907,-6.1891,0,50,0.010000,0.281772,2026-05-31T14:02:47.913600
4908,-6.2184,0,50,0.010000,0.303654,2026-05-31T14:02:48.745800
4909,-6.2359,0,50,0.010000,0.262154,2026-05-31T14:02:49.390189
4910,-6.2027,0,50,0.010000,0.359419,2026-05-31T14:02:50.187647
4911,-6.2066,0,50,0.010000,0.242125,2026-05-31T14:02:50.856801
4912,-5.5223,0,59,0.010000,0.301334,2026-05-31T14:02:51.539253
4913,-7.6211,0,31,0.010000,0.364143,2026-05-31T14:02:51.883468
4914,4.7391,1,62,0.010000,0.292152,2026-05-31T14:02:52.582452
4915,-6.2457,0,50,0.010000,0.303612,2026-05-31T14:02:53.142516
4916,-5.3109,1,61,0.010000,0.320722,2026-05-31T14:02:53.858796
4917,-6.2457,0,50,0.010000,0.274291,2026-05-31T14:02:54.394479
4918,-6.2223,0,50,0.010000,0.319348,2026-05-31T14:02:54.943885
4919,-6.2301,0,50,0.010000,0.268136,2026-05-31T14:02:55.478318
4920,-7.6211,0,31,0.010000,0.309865,2026-05-31T14:02:55.829917
4921,-6.2594,0,50,0.010000,0.257365,2026-05-31T14:02:56.381410
4922,-6.1832,0,50,0.010000,0.321423,2026-05-31T14:02:56.920830
4923,-6.1930,0,50,0.010000,0.296886,2026-05-31T14:02:57.468406
4924,-5.8629,0,55,0.010000,0.293170,2026-05-31T14:02:58.091485
4925,-6.2594,0,50,0.010000,0.297193,2026-05-31T14:02:58.622351
4926,-6.2320,0,50,0.010000,0.262318,2026-05-31T14:02:59.210312
4927,-6.1910,0,50,0.010000,0.297622,2026-05-31T14:02:59.761299
4928,-7.4625,0,33,0.010000,0.249462,2026-05-31T14:03:00.166582
4929,-6.1930,0,50,0.010000,0.293239,2026-05-31T14:03:00.701847
4930,-7.6211,0,31,0.010000,0.339755,2026-05-31T14:03:01.051812
4931,-6.1910,0,50,0.010000,0.282029,2026-05-31T14:03:01.587817
4932,-6.2047,0,50,0.010000,0.353003,2026-05-31T14:03:02.365026
4933,-6.1930,0,50,0.010000,0.283063,2026-05-31T14:03:02.966868
4934,-5.7133,0,56,0.010000,0.347162,2026-05-31T14:03:03.637733
4935,-6.2008,0,50,0.010000,0.345158,2026-05-31T14:03:04.203075
4936,-6.1754,0,50,0.010000,0.288070,2026-05-31T14:03:04.749340
4937,-6.2242,0,50,0.010000,0.307413,2026-05-31T14:03:05.348148
4938,-6.2594,0,50,0.010000,0.340961,2026-05-31T14:03:06.113994
4939,-6.1910,0,50,0.010000,0.295543,2026-05-31T14:03:06.630744
4940,-6.2223,0,50,0.010000,0.342358,2026-05-31T14:03:07.201442
4941,-6.2164,0,50,0.010000,0.288420,2026-05-31T14:03:07.748186
4942,-6.2008,0,50,0.010000,0.336256,2026-05-31T14:03:08.295410
4943,-6.1910,0,50,0.010000,0.326497,2026-05-31T14:03:08.866545
4944,-6.1969,0,50,0.010000,0.296693,2026-05-31T14:03:09.404105
4945,-6.2027,0,50,0.010000,0.318366,2026-05-31T14:03:09.982341
4946,-6.2457,0,50,0.010000,0.337702,2026-05-31T14:03:10.527444
4947,-6.1773,0,50,0.010000,0.302534,2026-05-31T14:03:11.080868
4948,-6.2457,0,50,0.010000,0.329688,2026-05-31T14:03:11.661114
4949,-6.2594,0,50,0.010000,0.300542,2026-05-31T14:03:12.212896
4950,-6.2379,0,50,0.010000,0.320511,2026-05-31T14:03:12.757917
4951,-6.2047,0,50,0.010000,0.259432,2026-05-31T14:03:13.353383
4952,-6.2047,0,50,0.010000,0.314847,2026-05-31T14:03:13.924956
4953,-6.2047,0,50,0.010000,0.334388,2026-05-31T14:03:14.478192
4954,-6.2594,0,50,0.010000,0.301042,2026-05-31T14:03:15.025941
4955,-6.2027,0,50,0.010000,0.322673,2026-05-31T14:03:15.585043
4956,-6.2242,0,50,0.010000,0.337215,2026-05-31T14:03:16.283852
4957,-6.2184,0,50,0.010000,0.288882,2026-05-31T14:03:16.995712
4958,-5.9148,0,54,0.010000,0.345675,2026-05-31T14:03:17.800292
4959,-6.2594,0,50,0.010000,0.364194,2026-05-31T14:03:18.524861
4960,-6.1930,0,50,0.010000,0.280934,2026-05-31T14:03:19.083882
4961,-6.2242,0,50,0.010000,0.345084,2026-05-31T14:03:19.739489
4962,-6.2145,0,50,0.010000,0.337901,2026-05-31T14:03:20.468382
4963,-6.2281,0,50,0.010000,0.329138,2026-05-31T14:03:21.125751
4964,-5.8629,0,55,0.010000,0.271966,2026-05-31T14:03:21.700947
4965,-6.1754,0,50,0.010000,0.267262,2026-05-31T14:03:22.273463
4966,-6.2242,0,50,0.010000,0.267469,2026-05-31T14:03:22.815602
4967,-6.2457,0,50,0.010000,0.300742,2026-05-31T14:03:23.367683
4968,-6.2594,0,50,0.010000,0.326924,2026-05-31T14:03:23.928432
4969,-7.6211,0,31,0.010000,0.303868,2026-05-31T14:03:24.294965
4970,-6.2594,0,50,0.010000,0.250275,2026-05-31T14:03:24.828516
4971,-6.2184,0,50,0.010000,0.331559,2026-05-31T14:03:25.381764
4972,-6.2047,0,50,0.010000,0.332107,2026-05-31T14:03:25.925800
4973,-6.2281,0,50,0.010000,0.314278,2026-05-31T14:03:26.578309
4974,-6.2164,0,50,0.010000,0.272730,2026-05-31T14:03:27.119308
4975,-6.2359,0,50,0.010000,0.270868,2026-05-31T14:03:27.812121
4976,-6.2457,0,50,0.010000,0.277734,2026-05-31T14:03:28.350113
4977,-6.1813,0,50,0.010000,0.297378,2026-05-31T14:03:28.925793
4978,-6.2184,0,50,0.010000,0.283289,2026-05-31T14:03:29.475793
4979,-6.2047,0,50,0.010000,0.370731,2026-05-31T14:03:30.305126
4980,-6.1637,0,50,0.010000,0.298715,2026-05-31T14:03:30.837116
4981,-6.2008,0,50,0.010000,0.319618,2026-05-31T14:03:31.381986
4982,-6.1891,0,50,0.010000,0.293090,2026-05-31T14:03:31.928760
4983,-7.6211,0,31,0.010000,0.323757,2026-05-31T14:03:32.290180
4984,-6.2320,0,50,0.010000,0.328003,2026-05-31T14:03:33.014398
4985,-7.6211,0,31,0.010000,0.290615,2026-05-31T14:03:33.357445
4986,-6.1813,0,50,0.010000,0.319531,2026-05-31T14:03:34.008732
4987,-6.2164,0,50,0.010000,0.294044,2026-05-31T14:03:34.568801
4988,-6.2047,0,50,0.010000,0.280943,2026-05-31T14:03:35.131085
4989,-6.2594,0,50,0.010000,0.269051,2026-05-31T14:03:35.693265
4990,-6.2008,0,50,0.010000,0.321963,2026-05-31T14:03:36.310857
4991,-6.1754,0,50,0.010000,0.293522,2026-05-31T14:03:36.840558
4992,-7.6211,0,31,0.010000,0.371194,2026-05-31T14:03:37.194640
4993,-6.1969,0,50,0.010000,0.312940,2026-05-31T14:03:37.806270
4994,-6.8564,0,41,0.010000,0.284039,2026-05-31T14:03:38.325274
4995,-6.2359,0,50,0.010000,0.332551,2026-05-31T14:03:38.932886
4996,-6.2594,0,50,0.010000,0.257910,2026-05-31T14:03:39.546599
4997,-6.2594,0,50,0.010000,0.303076,2026-05-31T14:03:40.170870
4998,-6.1910,0,50,0.010000,0.275442,2026-05-31T14:03:40.756340
4999,-6.2320,0,50,0.010000,0.340983,2026-05-31T14:03:41.365577
5000,-6.2594,0,50,0.010000,0.288309,2026-05-31T14:03:42.025011
