episode,reward,score,length,epsilon,td_error,timestamp
1,-8.2500,0,50,0.995000,0.000000,2026-05-31T15:33:45.175984
2,-11.2500,0,50,0.990025,0.000000,2026-05-31T15:33:45.370763
3,-10.6500,0,50,0.985075,0.000000,2026-05-31T15:33:45.542208
4,-10.0500,0,50,0.980150,0.000000,2026-05-31T15:33:45.725365
5,-10.6500,0,50,0.975249,0.000000,2026-05-31T15:33:45.919597
6,-10.0500,0,50,0.970373,0.000000,2026-05-31T15:33:46.152162
7,-10.6500,0,50,0.965521,0.000000,2026-05-31T15:33:46.540419
8,-11.2500,0,50,0.960693,0.000000,2026-05-31T15:33:46.828825
9,-10.6500,0,50,0.955890,0.000000,2026-05-31T15:33:47.114510
10,-10.6500,0,50,0.951110,0.000000,2026-05-31T15:33:47.406490
11,-8.8500,0,50,0.946355,0.000000,2026-05-31T15:33:47.704858
12,-11.2500,0,50,0.941623,0.000000,2026-05-31T15:33:48.038059
13,-10.0500,0,50,0.936915,0.000000,2026-05-31T15:33:48.375339
14,-8.8500,0,50,0.932230,0.000000,2026-05-31T15:33:48.602577
15,-10.6500,0,50,0.927569,0.000000,2026-05-31T15:33:48.818217
16,-10.0500,0,50,0.922931,0.000000,2026-05-31T15:33:49.037517
17,-9.4500,0,50,0.918316,0.000000,2026-05-31T15:33:49.258893
18,-11.2500,0,50,0.913725,0.000000,2026-05-31T15:33:49.573511
19,-10.6500,0,50,0.909156,0.000000,2026-05-31T15:33:49.886926
20,-10.0500,0,50,0.904610,0.000870,2026-05-31T15:33:50.223113
21,-10.6500,0,50,0.900087,0.134053,2026-05-31T15:33:50.519237
22,-10.0500,0,50,0.895587,0.109101,2026-05-31T15:33:50.846653
23,-10.6500,0,50,0.891109,0.110401,2026-05-31T15:33:51.179283
24,-4.6500,0,50,0.886654,0.117518,2026-05-31T15:33:51.498567
25,-6.4500,0,50,0.882220,0.130173,2026-05-31T15:33:51.816580
26,-10.0500,0,50,0.877809,0.104687,2026-05-31T15:33:52.141226
27,-7.6500,0,50,0.873420,0.098051,2026-05-31T15:33:52.472466
28,-10.6500,0,50,0.869053,0.107457,2026-05-31T15:33:52.988861
29,-10.0500,0,50,0.864708,0.105907,2026-05-31T15:33:53.365051
30,-10.6500,0,50,0.860384,0.118597,2026-05-31T15:33:53.917302
31,-9.4500,0,50,0.856082,0.122445,2026-05-31T15:33:54.191696
32,-7.0500,0,50,0.851802,0.120948,2026-05-31T15:33:54.507010
33,-10.0500,0,50,0.847543,0.112882,2026-05-31T15:33:54.826274
34,-10.6500,0,50,0.843305,0.105636,2026-05-31T15:33:55.137551
35,-11.2500,0,50,0.839089,0.100984,2026-05-31T15:33:55.448196
36,-10.0500,0,50,0.834893,0.103395,2026-05-31T15:33:55.750756
37,-8.8500,0,50,0.830719,0.099112,2026-05-31T15:33:56.085592
38,-10.0500,0,50,0.826565,0.118165,2026-05-31T15:33:56.430402
39,-9.4500,0,50,0.822432,0.105435,2026-05-31T15:33:56.756834
40,-10.0500,0,50,0.818320,0.098651,2026-05-31T15:33:57.277460
41,-9.4500,0,50,0.814229,0.097751,2026-05-31T15:33:57.582041
42,-9.4500,0,50,0.810157,0.093779,2026-05-31T15:33:57.890590
43,-10.0500,0,50,0.806107,0.073361,2026-05-31T15:33:58.230181
44,-8.8500,0,50,0.802076,0.082376,2026-05-31T15:33:58.600152
45,-11.2500,0,50,0.798066,0.082486,2026-05-31T15:33:59.040570
46,-10.6500,0,50,0.794075,0.088296,2026-05-31T15:33:59.416882
47,-9.4500,0,50,0.790105,0.063061,2026-05-31T15:33:59.722403
48,-10.0500,0,50,0.786154,0.080062,2026-05-31T15:34:00.016958
49,-10.6500,0,50,0.782224,0.076535,2026-05-31T15:34:00.335781
50,-7.6500,0,50,0.778313,0.066449,2026-05-31T15:34:00.648058
51,-9.4500,0,50,0.774421,0.064292,2026-05-31T15:34:00.963223
52,-0.4500,0,50,0.770549,0.075214,2026-05-31T15:34:01.323435
53,-10.0500,0,50,0.766696,0.080590,2026-05-31T15:34:01.722903
54,-10.6500,0,50,0.762863,0.082170,2026-05-31T15:34:02.110714
55,-8.2500,0,50,0.759048,0.073783,2026-05-31T15:34:02.513424
56,-10.0500,0,50,0.755253,0.080615,2026-05-31T15:34:02.840961
57,-11.2500,0,50,0.751477,0.089769,2026-05-31T15:34:03.140818
58,-7.0500,0,50,0.747719,0.078273,2026-05-31T15:34:03.433339
59,-10.0500,0,50,0.743981,0.074291,2026-05-31T15:34:03.737108
60,-11.2500,0,50,0.740261,0.065025,2026-05-31T15:34:04.044042
61,-10.6500,0,50,0.736560,0.068098,2026-05-31T15:34:04.337083
62,-10.6500,0,50,0.732877,0.060859,2026-05-31T15:34:04.647250
63,-10.0500,0,50,0.729212,0.064918,2026-05-31T15:34:04.999622
64,-4.6500,0,50,0.725566,0.056624,2026-05-31T15:34:05.322734
65,-10.6500,0,50,0.721939,0.059081,2026-05-31T15:34:05.623414
66,-11.2500,0,50,0.718329,0.052925,2026-05-31T15:34:05.931271
67,-10.0500,0,50,0.714737,0.060804,2026-05-31T15:34:06.266144
68,-9.4500,0,50,0.711164,0.056085,2026-05-31T15:34:06.594237
69,-9.4500,0,50,0.707608,0.049818,2026-05-31T15:34:06.926678
70,-9.4500,0,50,0.704070,0.054442,2026-05-31T15:34:07.475627
71,-10.0500,0,50,0.700549,0.056497,2026-05-31T15:34:07.794707
72,-10.6500,0,50,0.697047,0.068083,2026-05-31T15:34:08.106956
73,-9.4500,0,50,0.693561,0.061637,2026-05-31T15:34:08.478148
74,-10.0500,0,50,0.690094,0.057401,2026-05-31T15:34:08.823847
75,-9.4500,0,50,0.686643,0.056957,2026-05-31T15:34:09.138956
76,-10.0500,0,50,0.683210,0.053771,2026-05-31T15:34:09.452868
77,-4.0500,0,50,0.679794,0.055673,2026-05-31T15:34:09.777349
78,-10.6500,0,50,0.676395,0.051902,2026-05-31T15:34:10.072042
79,-10.0500,0,50,0.673013,0.054914,2026-05-31T15:34:10.364348
80,-7.0500,0,50,0.669648,0.050299,2026-05-31T15:34:10.688482
81,-8.8500,0,50,0.666300,0.049128,2026-05-31T15:34:11.044153
82,-10.6500,0,50,0.662968,0.042438,2026-05-31T15:34:11.402564
83,-8.8500,0,50,0.659653,0.035502,2026-05-31T15:34:11.690057
84,-11.2500,0,50,0.656355,0.031499,2026-05-31T15:34:11.991337
85,-10.6500,0,50,0.653073,0.027356,2026-05-31T15:34:12.290808
86,-9.4500,0,50,0.649808,0.033666,2026-05-31T15:34:12.617593
87,-10.6500,0,50,0.646559,0.033767,2026-05-31T15:34:12.921778
88,-9.4500,0,50,0.643326,0.033135,2026-05-31T15:34:13.234422
89,-10.0500,0,50,0.640109,0.038548,2026-05-31T15:34:13.580102
90,-7.6500,0,50,0.636909,0.027633,2026-05-31T15:34:13.900998
91,-10.6500,0,50,0.633724,0.037642,2026-05-31T15:34:14.205222
92,-9.4500,0,50,0.630556,0.033622,2026-05-31T15:34:14.511488
93,-6.4500,0,50,0.627403,0.035166,2026-05-31T15:34:14.836245
94,-10.0500,0,50,0.624266,0.023620,2026-05-31T15:34:15.144596
95,-9.4500,0,50,0.621145,0.036610,2026-05-31T15:34:15.446532
96,-10.0500,0,50,0.618039,0.022814,2026-05-31T15:34:15.752206
97,-7.6500,0,50,0.614949,0.029500,2026-05-31T15:34:16.239281
98,-10.0500,0,50,0.611874,0.029546,2026-05-31T15:34:16.665683
99,-8.8500,0,50,0.608815,0.029206,2026-05-31T15:34:17.222404
100,-10.6500,0,50,0.605770,0.032194,2026-05-31T15:34:17.734571
101,-5.2500,0,50,0.602742,0.039621,2026-05-31T15:34:18.338160
102,-6.4500,0,50,0.599728,0.023547,2026-05-31T15:34:18.828977
103,-8.8500,0,50,0.596729,0.025620,2026-05-31T15:34:19.216494
104,-7.0500,0,50,0.593746,0.027678,2026-05-31T15:34:19.585926
105,-10.0500,0,50,0.590777,0.026169,2026-05-31T15:34:20.049603
106,-7.0500,0,50,0.587823,0.020789,2026-05-31T15:34:20.805251
107,-9.4500,0,50,0.584884,0.021558,2026-05-31T15:34:21.113580
108,-9.4500,0,50,0.581959,0.022386,2026-05-31T15:34:21.401981
109,-8.8500,0,50,0.579050,0.020443,2026-05-31T15:34:21.706334
110,-7.6500,0,50,0.576154,0.025526,2026-05-31T15:34:22.020287
111,-7.6500,0,50,0.573274,0.020442,2026-05-31T15:34:22.338913
112,-8.2500,0,50,0.570407,0.022902,2026-05-31T15:34:22.712099
113,-10.6500,0,50,0.567555,0.022187,2026-05-31T15:34:23.137150
114,-9.4500,0,50,0.564717,0.024141,2026-05-31T15:34:23.434870
115,-10.6500,0,50,0.561894,0.032151,2026-05-31T15:34:23.740691
116,-10.0500,0,50,0.559084,0.021223,2026-05-31T15:34:24.076751
117,-10.6500,0,50,0.556289,0.019387,2026-05-31T15:34:24.397110
118,-10.0500,0,50,0.553508,0.026059,2026-05-31T15:34:24.711635
119,-10.0500,0,50,0.550740,0.019140,2026-05-31T15:34:25.021889
120,-11.2500,0,50,0.547986,0.024525,2026-05-31T15:34:25.313853
121,-8.8500,0,50,0.545246,0.025651,2026-05-31T15:34:25.622711
122,-9.4500,0,50,0.542520,0.018738,2026-05-31T15:34:25.939345
123,-11.2500,0,50,0.539808,0.015388,2026-05-31T15:34:26.246060
124,-5.8500,0,50,0.537108,0.015887,2026-05-31T15:34:26.558739
125,-10.6500,0,50,0.534423,0.014928,2026-05-31T15:34:26.886076
126,-11.2500,0,50,0.531751,0.014659,2026-05-31T15:34:27.193295
127,-8.2500,0,50,0.529092,0.015280,2026-05-31T15:34:27.502791
128,-8.8500,0,50,0.526447,0.012942,2026-05-31T15:34:27.808475
129,-10.6500,0,50,0.523814,0.011158,2026-05-31T15:34:28.138876
130,-11.2500,0,50,0.521195,0.013059,2026-05-31T15:34:28.436127
131,-8.2500,0,50,0.518589,0.013449,2026-05-31T15:34:28.756919
132,-11.2500,0,50,0.515996,0.015653,2026-05-31T15:34:29.094224
133,-10.0500,0,50,0.513416,0.012360,2026-05-31T15:34:29.626246
134,-10.0500,0,50,0.510849,0.014897,2026-05-31T15:34:29.907624
135,-11.2500,0,50,0.508295,0.017030,2026-05-31T15:34:30.221419
136,-10.6500,0,50,0.505754,0.012613,2026-05-31T15:34:30.580655
137,-6.4500,0,50,0.503225,0.012956,2026-05-31T15:34:30.899792
138,-11.8500,0,50,0.500709,0.014667,2026-05-31T15:34:31.209530
139,-11.2500,0,50,0.498205,0.018961,2026-05-31T15:34:31.518999
140,-10.0500,0,50,0.495714,0.014977,2026-05-31T15:34:31.853066
141,-8.8500,0,50,0.493236,0.019912,2026-05-31T15:34:32.225412
142,-9.4500,0,50,0.490769,0.012769,2026-05-31T15:34:32.539203
143,-5.8500,0,50,0.488316,0.016525,2026-05-31T15:34:32.845621
144,-8.2500,0,50,0.485874,0.012108,2026-05-31T15:34:33.154662
145,1.3500,0,50,0.483445,0.013990,2026-05-31T15:34:33.477009
146,-10.0500,0,50,0.481027,0.014008,2026-05-31T15:34:33.910717
147,-7.6500,0,50,0.478622,0.012571,2026-05-31T15:34:34.234998
148,-11.2500,0,50,0.476229,0.011950,2026-05-31T15:34:34.577933
149,-10.0500,0,50,0.473848,0.011292,2026-05-31T15:34:34.912973
150,-11.2500,0,50,0.471479,0.009446,2026-05-31T15:34:35.293539
151,-5.8500,0,50,0.469121,0.012998,2026-05-31T15:34:35.653165
152,-11.2500,0,50,0.466776,0.014841,2026-05-31T15:34:36.071465
153,-4.6500,0,50,0.464442,0.012022,2026-05-31T15:34:36.432899
154,-9.4500,0,50,0.462120,0.014845,2026-05-31T15:34:36.758029
155,-4.0500,0,50,0.459809,0.013122,2026-05-31T15:34:37.068557
156,-7.0500,0,50,0.457510,0.013880,2026-05-31T15:34:37.420021
157,-3.4500,0,50,0.455222,0.012429,2026-05-31T15:34:37.767669
158,-6.4500,0,50,0.452946,0.014411,2026-05-31T15:34:38.076798
159,-11.2500,0,50,0.450682,0.012182,2026-05-31T15:34:38.380944
160,-9.4500,0,50,0.448428,0.012572,2026-05-31T15:34:38.725674
161,-4.6500,0,50,0.446186,0.018817,2026-05-31T15:34:39.321053
162,-2.8500,0,50,0.443955,0.011660,2026-05-31T15:34:39.643282
163,-9.4500,0,50,0.441735,0.010921,2026-05-31T15:34:40.064663
164,-11.8500,0,50,0.439527,0.011431,2026-05-31T15:34:40.458480
165,-9.4500,0,50,0.437329,0.011099,2026-05-31T15:34:40.792006
166,-8.8500,0,50,0.435142,0.008872,2026-05-31T15:34:41.128961
167,0.7500,0,50,0.432967,0.008694,2026-05-31T15:34:41.452014
168,-6.4500,0,50,0.430802,0.011373,2026-05-31T15:34:41.790049
169,1.3500,0,50,0.428648,0.010683,2026-05-31T15:34:42.129819
170,-11.2500,0,50,0.426505,0.012295,2026-05-31T15:34:42.461401
171,-10.6500,0,50,0.424372,0.011585,2026-05-31T15:34:42.846556
172,-10.6500,0,50,0.422250,0.008564,2026-05-31T15:34:43.183825
173,1.3500,0,50,0.420139,0.011913,2026-05-31T15:34:43.519472
174,-11.2500,0,50,0.418038,0.009536,2026-05-31T15:34:43.861404
175,-3.4500,0,50,0.415948,0.012486,2026-05-31T15:34:44.198448
176,-10.6500,0,50,0.413868,0.010142,2026-05-31T15:34:44.530230
177,-10.6500,0,50,0.411799,0.008887,2026-05-31T15:34:45.275797
178,-3.4500,0,50,0.409740,0.011267,2026-05-31T15:34:46.109163
179,-7.6500,0,50,0.407691,0.011663,2026-05-31T15:34:46.782740
180,-10.6500,0,50,0.405653,0.013095,2026-05-31T15:34:47.411947
181,1.3500,0,50,0.403625,0.018931,2026-05-31T15:34:48.042264
182,-8.2500,0,50,0.401606,0.009765,2026-05-31T15:34:48.719776
183,-10.6500,0,50,0.399598,0.009690,2026-05-31T15:34:49.217443
184,-7.6500,0,50,0.397600,0.011147,2026-05-31T15:34:49.676196
185,-2.2500,0,50,0.395612,0.007993,2026-05-31T15:34:50.068998
186,-9.4500,0,50,0.393634,0.008386,2026-05-31T15:34:50.546312
187,-7.0500,0,50,0.391666,0.008096,2026-05-31T15:34:51.043814
188,-6.4500,0,50,0.389708,0.008399,2026-05-31T15:34:51.470526
189,-10.6500,0,50,0.387759,0.009000,2026-05-31T15:34:51.799582
190,-7.6500,0,50,0.385821,0.009711,2026-05-31T15:34:52.124298
191,-8.2500,0,50,0.383891,0.008849,2026-05-31T15:34:52.459572
192,-9.4500,0,50,0.381972,0.009757,2026-05-31T15:34:52.798822
193,-7.0500,0,50,0.380062,0.007391,2026-05-31T15:34:53.141618
194,-6.4500,0,50,0.378162,0.008094,2026-05-31T15:34:53.479867
195,-10.0500,0,50,0.376271,0.007551,2026-05-31T15:34:54.076240
196,1.3500,0,50,0.374390,0.008139,2026-05-31T15:34:54.474115
197,-8.8500,0,50,0.372518,0.012110,2026-05-31T15:34:54.914494
198,-2.8500,0,50,0.370655,0.006594,2026-05-31T15:34:55.680826
199,-8.8500,0,50,0.368802,0.008312,2026-05-31T15:34:56.376790
200,-10.0500,0,50,0.366958,0.010583,2026-05-31T15:34:56.875898
201,-1.0500,0,50,0.365123,0.016723,2026-05-31T15:34:57.489519
202,1.3500,0,50,0.363297,0.012431,2026-05-31T15:34:57.835821
203,-2.2500,0,50,0.361481,0.014791,2026-05-31T15:34:58.340377
204,1.3500,0,50,0.359674,0.013565,2026-05-31T15:34:58.772379
205,-0.4500,0,50,0.357875,0.012888,2026-05-31T15:34:59.186731
206,-3.4500,0,50,0.356086,0.015955,2026-05-31T15:34:59.521201
207,-5.2500,0,50,0.354305,0.012921,2026-05-31T15:35:00.081206
208,-4.0500,0,50,0.352534,0.010435,2026-05-31T15:35:00.403983
209,1.3500,0,50,0.350771,0.011581,2026-05-31T15:35:00.810434
210,-10.0500,0,50,0.349017,0.011995,2026-05-31T15:35:01.154584
211,1.3500,0,50,0.347272,0.013404,2026-05-31T15:35:01.492703
212,1.3500,0,50,0.345536,0.012640,2026-05-31T15:35:01.842129
213,1.3500,0,50,0.343808,0.013831,2026-05-31T15:35:02.283686
214,-10.0500,0,50,0.342089,0.008769,2026-05-31T15:35:02.717220
215,1.9500,0,54,0.340379,0.015672,2026-05-31T15:35:03.487479
216,-2.2500,0,50,0.338677,0.014319,2026-05-31T15:35:03.909790
217,-4.0500,0,50,0.336983,0.015968,2026-05-31T15:35:04.318811
218,-6.4500,0,50,0.335298,0.009118,2026-05-31T15:35:04.883554
219,-3.4500,0,50,0.333622,0.011614,2026-05-31T15:35:05.576821
220,1.3500,0,50,0.331954,0.017528,2026-05-31T15:35:06.007976
221,-5.2500,0,50,0.330294,0.023581,2026-05-31T15:35:06.398995
222,-3.4500,0,50,0.328643,0.012395,2026-05-31T15:35:06.822060
223,1.3500,0,50,0.326999,0.017532,2026-05-31T15:35:07.168129
224,1.3500,0,50,0.325364,0.018949,2026-05-31T15:35:07.522059
225,1.3500,0,50,0.323738,0.017340,2026-05-31T15:35:07.987760
226,-2.2500,0,50,0.322119,0.018187,2026-05-31T15:35:08.297502
227,-1.0500,0,50,0.320508,0.019525,2026-05-31T15:35:08.633950
228,-4.0500,0,50,0.318906,0.019044,2026-05-31T15:35:09.014377
229,-8.8500,0,50,0.317311,0.018004,2026-05-31T15:35:09.328616
230,-5.8500,0,50,0.315725,0.017712,2026-05-31T15:35:09.647439
231,-1.6500,0,50,0.314146,0.015677,2026-05-31T15:35:10.005417
232,1.3500,0,50,0.312575,0.012536,2026-05-31T15:35:10.341500
233,1.5000,0,51,0.311012,0.012880,2026-05-31T15:35:10.686613
234,1.3500,0,50,0.309457,0.018473,2026-05-31T15:35:11.022171
235,1.3500,0,50,0.307910,0.016210,2026-05-31T15:35:11.569389
236,1.3500,0,50,0.306371,0.011259,2026-05-31T15:35:12.228901
237,-5.2500,0,50,0.304839,0.013776,2026-05-31T15:35:12.595295
238,-6.4500,0,50,0.303315,0.020853,2026-05-31T15:35:12.961856
239,-4.6500,0,50,0.301798,0.019495,2026-05-31T15:35:13.476598
240,1.3500,0,50,0.300289,0.020850,2026-05-31T15:35:13.922084
241,1.3500,0,50,0.298788,0.021549,2026-05-31T15:35:14.242191
242,1.3500,0,50,0.297294,0.020963,2026-05-31T15:35:14.616008
243,1.3500,0,50,0.295807,0.020052,2026-05-31T15:35:14.980614
244,-5.2500,0,50,0.294328,0.023741,2026-05-31T15:35:15.292673
245,-2.8500,0,50,0.292856,0.026091,2026-05-31T15:35:15.610018
246,1.3500,0,50,0.291392,0.019202,2026-05-31T15:35:16.006138
247,1.3500,0,50,0.289935,0.024247,2026-05-31T15:35:16.468238
248,2.4000,0,57,0.288486,0.023992,2026-05-31T15:35:16.946265
249,-3.4500,0,50,0.287043,0.018514,2026-05-31T15:35:17.410827
250,1.3500,0,50,0.285608,0.021039,2026-05-31T15:35:17.875297
251,9.5000,1,65,0.284180,0.019550,2026-05-31T15:35:18.569189
252,1.3500,0,50,0.282759,0.025389,2026-05-31T15:35:18.955665
253,1.6500,0,52,0.281345,0.013837,2026-05-31T15:35:19.321421
254,-2.2500,0,50,0.279938,0.023523,2026-05-31T15:35:19.714805
255,1.3500,0,50,0.278539,0.017562,2026-05-31T15:35:20.135647
256,1.3500,0,50,0.277146,0.026461,2026-05-31T15:35:20.515006
257,1.3500,0,50,0.275760,0.019484,2026-05-31T15:35:20.867209
258,-4.0500,0,50,0.274382,0.031887,2026-05-31T15:35:21.296810
259,1.3500,0,50,0.273010,0.017825,2026-05-31T15:35:21.637705
260,1.3500,0,50,0.271645,0.031284,2026-05-31T15:35:21.955712
261,1.3500,0,50,0.270286,0.031195,2026-05-31T15:35:22.284417
262,-2.2500,0,50,0.268935,0.028894,2026-05-31T15:35:22.603758
263,1.3500,0,50,0.267590,0.020585,2026-05-31T15:35:23.089256
264,-2.2500,0,50,0.266252,0.024084,2026-05-31T15:35:23.437507
265,1.6500,0,52,0.264921,0.027852,2026-05-31T15:35:23.779708
266,1.3500,0,50,0.263596,0.022884,2026-05-31T15:35:24.171828
267,1.8000,0,53,0.262278,0.033600,2026-05-31T15:35:24.480791
268,-1.6500,0,50,0.260967,0.029937,2026-05-31T15:35:24.786634
269,-4.0500,0,50,0.259662,0.022577,2026-05-31T15:35:25.112319
270,3.0000,1,61,0.258364,0.026516,2026-05-31T15:35:25.670599
271,1.3500,0,50,0.257072,0.028129,2026-05-31T15:35:25.964363
272,1.3500,0,50,0.255787,0.026560,2026-05-31T15:35:26.279104
273,-1.5000,0,31,0.254508,0.022652,2026-05-31T15:35:26.476554
274,3.0000,1,61,0.253235,0.038961,2026-05-31T15:35:26.879817
275,1.3500,0,50,0.251969,0.026605,2026-05-31T15:35:27.190291
276,-1.6500,0,50,0.250709,0.030010,2026-05-31T15:35:27.496625
277,1.3500,0,50,0.249456,0.024860,2026-05-31T15:35:27.812573
278,1.3500,0,50,0.248208,0.029014,2026-05-31T15:35:28.283072
279,1.3500,0,50,0.246967,0.033196,2026-05-31T15:35:28.653435
280,1.3500,0,50,0.245733,0.031405,2026-05-31T15:35:29.254759
281,-4.0500,0,50,0.244504,0.052136,2026-05-31T15:35:29.650742
282,1.3500,0,50,0.243281,0.031642,2026-05-31T15:35:30.022814
283,1.3500,0,50,0.242065,0.023310,2026-05-31T15:35:30.453875
284,1.3500,0,50,0.240855,0.023222,2026-05-31T15:35:30.974299
285,-1.6500,0,50,0.239650,0.025007,2026-05-31T15:35:31.546254
286,1.3500,0,50,0.238452,0.032390,2026-05-31T15:35:31.950083
287,0.1500,0,50,0.237260,0.038322,2026-05-31T15:35:32.369487
288,1.3500,0,50,0.236074,0.036343,2026-05-31T15:35:32.694164
289,-5.2500,0,50,0.234893,0.026281,2026-05-31T15:35:33.071949
290,1.3500,0,50,0.233719,0.035689,2026-05-31T15:35:33.404789
291,1.3500,0,50,0.232550,0.030762,2026-05-31T15:35:33.848805
292,1.3500,0,50,0.231387,0.027038,2026-05-31T15:35:34.214568
293,1.3500,0,50,0.230230,0.027767,2026-05-31T15:35:34.582318
294,1.3500,0,50,0.229079,0.030592,2026-05-31T15:35:34.938990
295,0.7500,0,50,0.227934,0.032132,2026-05-31T15:35:35.615952
296,1.3500,0,50,0.226794,0.042514,2026-05-31T15:35:35.996150
297,9.6500,1,66,0.225660,0.031228,2026-05-31T15:35:36.670591
298,1.3500,0,50,0.224532,0.037136,2026-05-31T15:35:37.015179
299,1.3500,0,50,0.223409,0.034880,2026-05-31T15:35:37.352997
300,1.3500,0,50,0.222292,0.040979,2026-05-31T15:35:37.716180
301,1.3500,0,50,0.221181,0.032422,2026-05-31T15:35:38.069275
302,-7.0500,0,50,0.220075,0.043271,2026-05-31T15:35:38.489108
303,2.8500,0,60,0.218974,0.032786,2026-05-31T15:35:38.988528
304,1.3500,0,50,0.217880,0.038473,2026-05-31T15:35:39.343006
305,-0.4500,0,50,0.216790,0.055486,2026-05-31T15:35:39.686283
306,1.3500,0,50,0.215706,0.037844,2026-05-31T15:35:40.054778
307,1.3500,0,50,0.214628,0.028621,2026-05-31T15:35:40.387331
308,-0.4500,0,50,0.213555,0.040739,2026-05-31T15:35:40.737968
309,1.3500,0,50,0.212487,0.038822,2026-05-31T15:35:41.080721
310,1.8000,0,53,0.211424,0.039888,2026-05-31T15:35:41.446872
311,1.3500,0,50,0.210367,0.029329,2026-05-31T15:35:41.784888
312,-4.6500,0,50,0.209315,0.034623,2026-05-31T15:35:42.163367
313,9.5000,1,65,0.208269,0.051506,2026-05-31T15:35:42.814577
314,1.3500,0,50,0.207227,0.043038,2026-05-31T15:35:43.133701
315,1.3500,0,50,0.206191,0.040136,2026-05-31T15:35:43.476709
316,9.9500,1,68,0.205160,0.035120,2026-05-31T15:35:43.970467
317,1.3500,0,50,0.204135,0.041866,2026-05-31T15:35:44.317757
318,1.3500,0,50,0.203114,0.057941,2026-05-31T15:35:44.662739
319,1.3500,0,50,0.202098,0.050445,2026-05-31T15:35:45.018417
320,1.6500,0,52,0.201088,0.052195,2026-05-31T15:35:45.415261
321,-1.0500,0,50,0.200082,0.040996,2026-05-31T15:35:45.883323
322,10.2500,1,70,0.199082,0.050117,2026-05-31T15:35:46.596207
323,-2.2500,0,50,0.198087,0.039518,2026-05-31T15:35:47.062855
324,1.3500,0,50,0.197096,0.042056,2026-05-31T15:35:47.541096
325,1.3500,0,50,0.196111,0.038820,2026-05-31T15:35:48.148101
326,1.3500,0,50,0.195130,0.034628,2026-05-31T15:35:48.681186
327,2.5500,0,58,0.194154,0.034187,2026-05-31T15:35:49.197870
328,1.3500,0,50,0.193184,0.040822,2026-05-31T15:35:49.538270
329,-0.4500,0,50,0.192218,0.047981,2026-05-31T15:35:49.919088
330,1.3500,0,50,0.191257,0.040837,2026-05-31T15:35:50.344685
331,2.1000,0,55,0.190300,0.044652,2026-05-31T15:35:51.004549
332,1.6500,0,52,0.189349,0.050346,2026-05-31T15:35:51.341512
333,9.2000,1,63,0.188402,0.044431,2026-05-31T15:35:51.782892
334,9.5000,1,65,0.187460,0.040144,2026-05-31T15:35:52.254610
335,1.3500,0,50,0.186523,0.034529,2026-05-31T15:35:52.594163
336,1.3500,0,50,0.185590,0.039883,2026-05-31T15:35:52.950066
337,1.3500,0,50,0.184662,0.038583,2026-05-31T15:35:53.297984
338,1.3500,0,50,0.183739,0.051204,2026-05-31T15:35:53.706538
339,-5.2500,0,50,0.182820,0.039941,2026-05-31T15:35:54.110867
340,1.3500,0,50,0.181906,0.044481,2026-05-31T15:35:54.438069
341,1.3500,0,50,0.180997,0.036598,2026-05-31T15:35:54.784094
342,12.6500,1,86,0.180092,0.049882,2026-05-31T15:35:55.382863
343,-0.9000,0,35,0.179191,0.041559,2026-05-31T15:35:55.627637
344,1.3500,0,50,0.178295,0.043863,2026-05-31T15:35:55.998916
345,1.3500,0,50,0.177404,0.037542,2026-05-31T15:35:56.361114
346,1.3500,0,50,0.176517,0.039001,2026-05-31T15:35:56.699927
347,1.3500,0,50,0.175634,0.060515,2026-05-31T15:35:57.063231
348,1.3500,0,50,0.174756,0.062029,2026-05-31T15:35:57.588203
349,1.3500,0,50,0.173882,0.046020,2026-05-31T15:35:57.902238
350,1.3500,0,50,0.173013,0.050873,2026-05-31T15:35:58.315903
351,1.3500,0,50,0.172148,0.053198,2026-05-31T15:35:58.784666
352,-4.0500,0,50,0.171287,0.045638,2026-05-31T15:35:59.157802
353,1.3500,0,50,0.170431,0.053236,2026-05-31T15:35:59.505903
354,1.3500,0,50,0.169578,0.044953,2026-05-31T15:35:59.859815
355,1.3500,0,50,0.168731,0.041069,2026-05-31T15:36:00.209822
356,2.2500,0,56,0.167887,0.052287,2026-05-31T15:36:00.592411
357,1.3500,0,50,0.167047,0.053650,2026-05-31T15:36:00.930706
358,3.0000,1,61,0.166212,0.054414,2026-05-31T15:36:01.347078
359,1.3500,0,50,0.165381,0.044915,2026-05-31T15:36:01.720461
360,1.3500,0,50,0.164554,0.060547,2026-05-31T15:36:02.238899
361,1.3500,0,50,0.163731,0.035451,2026-05-31T15:36:02.668734
362,9.9500,1,68,0.162913,0.052695,2026-05-31T15:36:03.200094
363,1.3500,0,50,0.162098,0.043924,2026-05-31T15:36:03.516240
364,-1.5000,0,31,0.161288,0.060833,2026-05-31T15:36:03.729229
365,-1.2000,0,33,0.160481,0.058166,2026-05-31T15:36:03.976897
366,2.4000,0,57,0.159679,0.053224,2026-05-31T15:36:04.396733
367,1.3500,0,50,0.158881,0.048412,2026-05-31T15:36:04.946918
368,1.3500,0,50,0.158086,0.051061,2026-05-31T15:36:05.335288
369,1.3500,0,50,0.157296,0.039306,2026-05-31T15:36:05.686316
370,0.1500,0,42,0.156509,0.049946,2026-05-31T15:36:05.985492
371,2.5500,0,58,0.155727,0.056656,2026-05-31T15:36:06.388446
372,0.7500,0,50,0.154948,0.049755,2026-05-31T15:36:06.729678
373,9.0500,1,62,0.154173,0.053857,2026-05-31T15:36:07.194968
374,1.3500,0,50,0.153402,0.049068,2026-05-31T15:36:07.517755
375,1.3500,0,50,0.152635,0.052763,2026-05-31T15:36:07.877344
376,9.3500,1,64,0.151872,0.050378,2026-05-31T15:36:08.318977
377,1.3500,0,50,0.151113,0.050382,2026-05-31T15:36:08.650683
378,1.3500,0,50,0.150357,0.061877,2026-05-31T15:36:09.016915
379,1.3500,0,50,0.149606,0.046388,2026-05-31T15:36:09.350135
380,2.4000,0,57,0.148857,0.049800,2026-05-31T15:36:09.769235
381,1.3500,0,50,0.148113,0.059426,2026-05-31T15:36:10.112728
382,9.2000,1,63,0.147373,0.051925,2026-05-31T15:36:10.548455
383,1.3500,0,50,0.146636,0.046680,2026-05-31T15:36:10.874161
384,12.6500,1,86,0.145903,0.052289,2026-05-31T15:36:11.486007
385,1.3500,0,50,0.145173,0.055966,2026-05-31T15:36:11.831996
386,1.3500,0,50,0.144447,0.058796,2026-05-31T15:36:12.177377
387,2.8500,0,60,0.143725,0.043973,2026-05-31T15:36:12.773629
388,3.0000,1,61,0.143006,0.051973,2026-05-31T15:36:13.180806
389,-0.1500,0,40,0.142291,0.051344,2026-05-31T15:36:13.442004
390,-1.0500,0,50,0.141580,0.052836,2026-05-31T15:36:13.822399
391,1.3500,0,50,0.140872,0.049149,2026-05-31T15:36:14.152270
392,9.5000,1,65,0.140168,0.066973,2026-05-31T15:36:14.629554
393,-0.9000,0,35,0.139467,0.057144,2026-05-31T15:36:14.861870
394,1.3500,0,50,0.138769,0.068348,2026-05-31T15:36:15.244480
395,10.2500,1,70,0.138076,0.063190,2026-05-31T15:36:15.742976
396,9.2000,1,63,0.137385,0.057940,2026-05-31T15:36:16.414291
397,1.3500,0,50,0.136698,0.047065,2026-05-31T15:36:16.839392
398,-0.4500,0,50,0.136015,0.069950,2026-05-31T15:36:17.297655
399,2.8500,0,60,0.135335,0.050381,2026-05-31T15:36:17.815914
400,1.3500,0,50,0.134658,0.076668,2026-05-31T15:36:18.382859
401,1.3500,0,50,0.133985,0.061838,2026-05-31T15:36:18.838449
402,9.6500,1,66,0.133315,0.051936,2026-05-31T15:36:19.303974
403,1.3500,0,50,0.132648,0.076322,2026-05-31T15:36:19.632657
404,-1.5000,0,31,0.131985,0.066650,2026-05-31T15:36:19.880043
405,2.2500,0,56,0.131325,0.054025,2026-05-31T15:36:20.559779
406,1.3500,0,50,0.130668,0.075325,2026-05-31T15:36:20.897297
407,-1.5000,0,31,0.130015,0.044315,2026-05-31T15:36:21.107418
408,1.6500,0,52,0.129365,0.047846,2026-05-31T15:36:21.679018
409,1.3500,0,50,0.128718,0.053719,2026-05-31T15:36:21.984592
410,1.3500,0,50,0.128075,0.068801,2026-05-31T15:36:22.352488
411,1.3500,0,50,0.127434,0.055298,2026-05-31T15:36:23.081052
412,0.7500,0,50,0.126797,0.061820,2026-05-31T15:36:23.460232
413,10.1000,1,69,0.126163,0.057720,2026-05-31T15:36:23.941347
414,1.3500,0,50,0.125532,0.050248,2026-05-31T15:36:24.291344
415,-1.0500,0,50,0.124905,0.042120,2026-05-31T15:36:24.627337
416,1.3500,0,50,0.124280,0.060975,2026-05-31T15:36:24.977497
417,1.3500,0,50,0.123659,0.043066,2026-05-31T15:36:25.389688
418,1.3500,0,50,0.123040,0.047418,2026-05-31T15:36:25.852851
419,1.3500,0,50,0.122425,0.056390,2026-05-31T15:36:26.215348
420,1.3500,0,50,0.121813,0.061991,2026-05-31T15:36:26.558030
421,1.9500,0,54,0.121204,0.059057,2026-05-31T15:36:26.942570
422,1.5000,0,51,0.120598,0.051166,2026-05-31T15:36:27.313178
423,1.3500,0,50,0.119995,0.049697,2026-05-31T15:36:27.671728
424,1.3500,0,50,0.119395,0.073128,2026-05-31T15:36:28.032293
425,1.5000,0,51,0.118798,0.058723,2026-05-31T15:36:28.381433
426,1.3500,0,50,0.118204,0.068219,2026-05-31T15:36:28.734074
427,1.3500,0,50,0.117613,0.079403,2026-05-31T15:36:29.091051
428,1.3500,0,50,0.117025,0.049610,2026-05-31T15:36:29.478138
429,-1.5000,0,31,0.116440,0.056966,2026-05-31T15:36:29.678020
430,1.3500,0,50,0.115858,0.067829,2026-05-31T15:36:30.261644
431,2.1000,0,55,0.115278,0.072339,2026-05-31T15:36:30.977666
432,1.3500,0,50,0.114702,0.074582,2026-05-31T15:36:31.402535
433,1.3500,0,50,0.114128,0.042301,2026-05-31T15:36:31.773582
434,9.6500,1,66,0.113558,0.070705,2026-05-31T15:36:32.436891
435,2.8500,0,60,0.112990,0.077221,2026-05-31T15:36:32.811739
436,2.1000,0,55,0.112425,0.054149,2026-05-31T15:36:33.206024
437,1.3500,0,50,0.111863,0.073660,2026-05-31T15:36:33.545046
438,2.7000,0,59,0.111304,0.077043,2026-05-31T15:36:33.974422
439,1.3500,0,50,0.110747,0.059594,2026-05-31T15:36:34.314043
440,1.5000,0,51,0.110193,0.065458,2026-05-31T15:36:34.686859
441,1.3500,0,50,0.109642,0.066973,2026-05-31T15:36:35.033942
442,1.3500,0,50,0.109094,0.074262,2026-05-31T15:36:35.418958
443,1.3500,0,50,0.108549,0.082147,2026-05-31T15:36:35.799488
444,2.7000,0,59,0.108006,0.065132,2026-05-31T15:36:36.223112
445,1.3500,0,50,0.107466,0.067901,2026-05-31T15:36:36.644831
446,9.2000,1,63,0.106929,0.063757,2026-05-31T15:36:37.081744
447,2.1000,0,55,0.106394,0.059398,2026-05-31T15:36:37.566147
448,1.3500,0,50,0.105862,0.085898,2026-05-31T15:36:38.076394
449,1.3500,0,50,0.105333,0.059449,2026-05-31T15:36:38.447689
450,2.5500,0,58,0.104806,0.062854,2026-05-31T15:36:38.840387
451,1.3500,0,50,0.104282,0.054938,2026-05-31T15:36:39.209955
452,1.3500,0,50,0.103761,0.055916,2026-05-31T15:36:39.555017
453,1.3500,0,50,0.103242,0.074402,2026-05-31T15:36:39.907760
454,1.3500,0,50,0.102726,0.059731,2026-05-31T15:36:40.265691
455,1.9500,0,54,0.102212,0.060890,2026-05-31T15:36:40.653624
456,9.2000,1,63,0.101701,0.084972,2026-05-31T15:36:41.123837
457,13.7000,1,93,0.101192,0.062079,2026-05-31T15:36:41.788640
458,1.9500,0,54,0.100686,0.084353,2026-05-31T15:36:42.196373
459,1.9500,0,54,0.100183,0.065821,2026-05-31T15:36:42.606779
460,1.3500,0,50,0.099682,0.078934,2026-05-31T15:36:43.043386
461,1.3500,0,50,0.099184,0.065335,2026-05-31T15:36:43.383468
462,1.3500,0,50,0.098688,0.077107,2026-05-31T15:36:43.727762
463,1.8000,0,53,0.098194,0.079726,2026-05-31T15:36:44.114561
464,9.8000,1,67,0.097703,0.084797,2026-05-31T15:36:44.557341
465,1.8000,0,53,0.097215,0.079791,2026-05-31T15:36:44.925371
466,2.8500,0,60,0.096729,0.060911,2026-05-31T15:36:45.349324
467,1.3500,0,50,0.096245,0.084001,2026-05-31T15:36:45.699699
468,1.3500,0,50,0.095764,0.071025,2026-05-31T15:36:46.355973
469,1.3500,0,50,0.095285,0.073966,2026-05-31T15:36:46.776306
470,1.3500,0,50,0.094809,0.054659,2026-05-31T15:36:47.240852
471,1.3500,0,50,0.094335,0.061488,2026-05-31T15:36:47.675080
472,1.8000,0,53,0.093863,0.074073,2026-05-31T15:36:48.284540
473,1.3500,0,50,0.093394,0.064463,2026-05-31T15:36:48.741104
474,1.3500,0,50,0.092927,0.081262,2026-05-31T15:36:49.152762
475,1.3500,0,50,0.092462,0.069587,2026-05-31T15:36:49.505022
476,1.3500,0,50,0.092000,0.054271,2026-05-31T15:36:49.946048
477,10.2500,1,70,0.091540,0.057943,2026-05-31T15:36:50.565553
478,2.2500,0,56,0.091082,0.064244,2026-05-31T15:36:50.940157
479,3.0000,1,61,0.090627,0.066702,2026-05-31T15:36:51.384849
480,1.3500,0,50,0.090173,0.067426,2026-05-31T15:36:51.716278
481,1.8000,0,53,0.089723,0.076978,2026-05-31T15:36:52.148692
482,1.3500,0,50,0.089274,0.075972,2026-05-31T15:36:52.527700
483,1.8000,0,53,0.088828,0.077829,2026-05-31T15:36:52.891249
484,1.3500,0,50,0.088383,0.096265,2026-05-31T15:36:53.253977
485,1.3500,0,50,0.087942,0.078280,2026-05-31T15:36:53.612076
486,10.2500,1,70,0.087502,0.102906,2026-05-31T15:36:54.123821
487,1.3500,0,50,0.087064,0.055849,2026-05-31T15:36:54.639500
488,9.0500,1,62,0.086629,0.084263,2026-05-31T15:36:55.050493
489,1.3500,0,50,0.086196,0.071598,2026-05-31T15:36:55.452901
490,9.6500,1,66,0.085765,0.080783,2026-05-31T15:36:55.880469
491,1.8000,0,53,0.085336,0.074610,2026-05-31T15:36:56.261976
492,1.8000,0,53,0.084909,0.084654,2026-05-31T15:36:56.664265
493,1.3500,0,50,0.084485,0.089118,2026-05-31T15:36:57.105107
494,2.4000,0,57,0.084062,0.080974,2026-05-31T15:36:57.505973
495,1.3500,0,50,0.083642,0.088767,2026-05-31T15:36:57.838728
496,1.3500,0,50,0.083224,0.067650,2026-05-31T15:36:58.197632
497,1.3500,0,50,0.082808,0.086298,2026-05-31T15:36:58.554188
498,1.5000,0,51,0.082394,0.052175,2026-05-31T15:36:58.982767
499,1.3500,0,50,0.081982,0.070572,2026-05-31T15:36:59.364217
500,1.3500,0,50,0.081572,0.090785,2026-05-31T15:36:59.719543
501,1.3500,0,50,0.081164,0.077194,2026-05-31T15:37:00.068005
502,2.7000,0,59,0.080758,0.088049,2026-05-31T15:37:00.489444
503,1.3500,0,50,0.080354,0.065396,2026-05-31T15:37:00.832896
504,2.5500,0,58,0.079953,0.084072,2026-05-31T15:37:01.245969
505,1.9500,0,54,0.079553,0.078030,2026-05-31T15:37:01.612016
506,3.0000,1,61,0.079155,0.074413,2026-05-31T15:37:02.284886
507,1.3500,0,50,0.078759,0.073712,2026-05-31T15:37:02.617970
508,1.3500,0,50,0.078366,0.068174,2026-05-31T15:37:03.007251
509,9.3500,1,64,0.077974,0.074575,2026-05-31T15:37:03.559436
510,1.6500,0,52,0.077584,0.070095,2026-05-31T15:37:03.879144
511,2.7000,0,59,0.077196,0.098994,2026-05-31T15:37:04.302053
512,1.3500,0,50,0.076810,0.078870,2026-05-31T15:37:04.655643
513,2.5500,0,58,0.076426,0.069266,2026-05-31T15:37:05.060778
514,9.2000,1,63,0.076044,0.088091,2026-05-31T15:37:05.491286
515,1.3500,0,50,0.075664,0.056955,2026-05-31T15:37:05.838184
516,1.5000,0,51,0.075285,0.088555,2026-05-31T15:37:06.208536
517,12.6500,1,86,0.074909,0.100718,2026-05-31T15:37:06.774505
518,1.3500,0,50,0.074534,0.086507,2026-05-31T15:37:07.297642
519,2.5500,0,58,0.074162,0.084912,2026-05-31T15:37:07.757153
520,1.3500,0,50,0.073791,0.066428,2026-05-31T15:37:08.128052
521,1.3500,0,50,0.073422,0.073225,2026-05-31T15:37:08.529261
522,12.6500,1,86,0.073055,0.084396,2026-05-31T15:37:09.151587
523,1.8000,0,53,0.072689,0.065125,2026-05-31T15:37:09.515652
524,1.3500,0,50,0.072326,0.094326,2026-05-31T15:37:09.860383
525,1.3500,0,50,0.071964,0.086070,2026-05-31T15:37:10.401891
526,1.3500,0,50,0.071605,0.095869,2026-05-31T15:37:10.728744
527,1.3500,0,50,0.071247,0.097359,2026-05-31T15:37:11.097555
528,1.9500,0,54,0.070890,0.056881,2026-05-31T15:37:11.492058
529,1.3500,0,50,0.070536,0.088117,2026-05-31T15:37:11.834774
530,1.3500,0,50,0.070183,0.059329,2026-05-31T15:37:12.185329
531,1.8000,0,53,0.069832,0.076009,2026-05-31T15:37:12.533212
532,9.6500,1,66,0.069483,0.083114,2026-05-31T15:37:13.002477
533,2.5500,0,58,0.069136,0.079664,2026-05-31T15:37:13.398994
534,1.3500,0,50,0.068790,0.066508,2026-05-31T15:37:13.738279
535,2.8500,0,60,0.068446,0.092721,2026-05-31T15:37:14.171718
536,2.7000,0,59,0.068104,0.062495,2026-05-31T15:37:14.571956
537,1.3500,0,50,0.067763,0.098389,2026-05-31T15:37:14.905040
538,1.8000,0,53,0.067424,0.084520,2026-05-31T15:37:15.316881
539,2.5500,0,58,0.067087,0.074887,2026-05-31T15:37:15.739295
540,1.6500,0,52,0.066752,0.110436,2026-05-31T15:37:16.430026
541,2.7000,0,59,0.066418,0.091531,2026-05-31T15:37:16.959351
542,1.6500,0,52,0.066086,0.101043,2026-05-31T15:37:17.445738
543,12.6500,1,86,0.065756,0.078848,2026-05-31T15:37:18.333322
544,12.6500,1,86,0.065427,0.081606,2026-05-31T15:37:19.230240
545,1.9500,0,54,0.065100,0.081788,2026-05-31T15:37:19.590191
546,12.6500,1,86,0.064774,0.099550,2026-05-31T15:37:20.180872
547,21.4000,2,105,0.064450,0.090912,2026-05-31T15:37:21.088450
548,1.3500,0,50,0.064128,0.100092,2026-05-31T15:37:21.435406
549,2.5500,0,58,0.063807,0.084677,2026-05-31T15:37:21.827712
550,9.2000,1,63,0.063488,0.076110,2026-05-31T15:37:22.291274
551,1.3500,0,50,0.063171,0.085853,2026-05-31T15:37:22.647950
552,1.3500,0,50,0.062855,0.088225,2026-05-31T15:37:23.071360
553,1.3500,0,50,0.062541,0.089753,2026-05-31T15:37:23.435278
554,9.9500,1,68,0.062228,0.106317,2026-05-31T15:37:23.920763
555,1.5000,0,51,0.061917,0.084716,2026-05-31T15:37:24.265671
556,1.3500,0,50,0.061607,0.095625,2026-05-31T15:37:24.617369
557,1.3500,0,50,0.061299,0.090370,2026-05-31T15:37:24.965790
558,1.8000,0,53,0.060993,0.094013,2026-05-31T15:37:25.336453
559,1.3500,0,50,0.060688,0.090878,2026-05-31T15:37:25.723527
560,1.3500,0,50,0.060384,0.089112,2026-05-31T15:37:26.155498
561,1.3500,0,50,0.060083,0.103769,2026-05-31T15:37:26.678931
562,1.8000,0,53,0.059782,0.104077,2026-05-31T15:37:27.046206
563,1.3500,0,50,0.059483,0.091331,2026-05-31T15:37:27.426500
564,9.2000,1,63,0.059186,0.063896,2026-05-31T15:37:27.837952
565,1.5000,0,51,0.058890,0.090426,2026-05-31T15:37:28.203105
566,14.1500,1,96,0.058595,0.111786,2026-05-31T15:37:28.867829
567,1.3500,0,50,0.058302,0.119808,2026-05-31T15:37:29.453460
568,9.0500,1,62,0.058011,0.113800,2026-05-31T15:37:29.970996
569,2.1000,0,55,0.057721,0.080087,2026-05-31T15:37:30.366182
570,3.0000,1,61,0.057432,0.100083,2026-05-31T15:37:30.820996
571,1.3500,0,50,0.057145,0.066592,2026-05-31T15:37:31.140460
572,1.5000,0,51,0.056859,0.113235,2026-05-31T15:37:31.550135
573,9.3500,1,64,0.056575,0.099755,2026-05-31T15:37:31.988882
574,9.9500,1,68,0.056292,0.112215,2026-05-31T15:37:32.513526
575,2.4000,0,57,0.056011,0.104906,2026-05-31T15:37:32.885075
576,1.3500,0,50,0.055731,0.110668,2026-05-31T15:37:33.226181
577,3.0000,1,61,0.055452,0.092834,2026-05-31T15:37:33.648428
578,1.3500,0,50,0.055175,0.122079,2026-05-31T15:37:34.015639
579,1.3500,0,50,0.054899,0.090061,2026-05-31T15:37:34.621717
580,1.6500,0,52,0.054624,0.092650,2026-05-31T15:37:35.029704
581,1.3500,0,50,0.054351,0.126095,2026-05-31T15:37:35.408312
582,1.3500,0,50,0.054080,0.096610,2026-05-31T15:37:35.933701
583,1.3500,0,50,0.053809,0.112746,2026-05-31T15:37:36.251960
584,2.1000,0,55,0.053540,0.088880,2026-05-31T15:37:36.779286
585,1.3500,0,50,0.053272,0.076886,2026-05-31T15:37:37.098730
586,1.3500,0,50,0.053006,0.095884,2026-05-31T15:37:37.450800
587,1.3500,0,50,0.052741,0.089702,2026-05-31T15:37:37.826079
588,9.2000,1,63,0.052477,0.101485,2026-05-31T15:37:38.321499
589,1.3500,0,50,0.052215,0.082571,2026-05-31T15:37:38.709282
590,12.6500,1,86,0.051954,0.079449,2026-05-31T15:37:39.324053
591,2.2500,0,56,0.051694,0.107810,2026-05-31T15:37:39.731809
592,2.8500,0,60,0.051436,0.101789,2026-05-31T15:37:40.128390
593,1.3500,0,50,0.051178,0.097909,2026-05-31T15:37:40.477441
594,1.3500,0,50,0.050923,0.084540,2026-05-31T15:37:40.824044
595,9.2000,1,63,0.050668,0.115728,2026-05-31T15:37:41.268050
596,1.9500,0,54,0.050415,0.097049,2026-05-31T15:37:41.631951
597,1.3500,0,50,0.050163,0.089886,2026-05-31T15:37:41.990423
598,1.3500,0,50,0.049912,0.112116,2026-05-31T15:37:42.341006
599,1.3500,0,50,0.049662,0.105040,2026-05-31T15:37:42.680024
600,1.3500,0,50,0.049414,0.113769,2026-05-31T15:37:43.024816
601,1.3500,0,50,0.049167,0.136546,2026-05-31T15:37:43.401177
602,23.9500,2,122,0.048921,0.112876,2026-05-31T15:37:44.211806
603,1.3500,0,50,0.048676,0.115885,2026-05-31T15:37:44.571394
604,2.1000,0,55,0.048433,0.122557,2026-05-31T15:37:45.130552
605,1.3500,0,50,0.048191,0.106456,2026-05-31T15:37:45.475584
606,1.9500,0,54,0.047950,0.106438,2026-05-31T15:37:45.876213
607,1.3500,0,50,0.047710,0.078708,2026-05-31T15:37:46.333813
608,1.3500,0,50,0.047472,0.090864,2026-05-31T15:37:46.772374
609,1.3500,0,50,0.047234,0.104229,2026-05-31T15:37:47.209418
610,1.5000,0,51,0.046998,0.097511,2026-05-31T15:37:47.772654
611,1.3500,0,50,0.046763,0.114856,2026-05-31T15:37:48.337850
612,3.0000,1,61,0.046529,0.084568,2026-05-31T15:37:48.991426
613,1.5000,0,51,0.046297,0.111418,2026-05-31T15:37:49.327466
614,2.4000,0,57,0.046065,0.093643,2026-05-31T15:37:49.727845
615,1.3500,0,50,0.045835,0.093355,2026-05-31T15:37:50.077691
616,1.3500,0,50,0.045606,0.134160,2026-05-31T15:37:50.569846
617,1.3500,0,50,0.045378,0.098770,2026-05-31T15:37:50.921931
618,1.3500,0,50,0.045151,0.121393,2026-05-31T15:37:51.268435
619,1.3500,0,50,0.044925,0.112103,2026-05-31T15:37:51.724801
620,1.3500,0,50,0.044700,0.088687,2026-05-31T15:37:52.052936
621,1.3500,0,50,0.044477,0.095309,2026-05-31T15:37:52.423795
622,1.3500,0,50,0.044254,0.090224,2026-05-31T15:37:52.762229
623,1.3500,0,50,0.044033,0.113248,2026-05-31T15:37:53.111201
624,1.3500,0,50,0.043813,0.086052,2026-05-31T15:37:53.449766
625,1.3500,0,50,0.043594,0.135838,2026-05-31T15:37:54.002854
626,1.3500,0,50,0.043376,0.096260,2026-05-31T15:37:54.340693
627,1.3500,0,50,0.043159,0.124188,2026-05-31T15:37:54.682916
628,1.3500,0,50,0.042943,0.098184,2026-05-31T15:37:55.022934
629,2.8500,0,60,0.042729,0.110948,2026-05-31T15:37:55.495664
630,20.3500,2,98,0.042515,0.123012,2026-05-31T15:37:56.121543
631,1.3500,0,50,0.042302,0.080549,2026-05-31T15:37:56.476449
632,1.3500,0,50,0.042091,0.110301,2026-05-31T15:37:56.832848
633,1.3500,0,50,0.041880,0.094167,2026-05-31T15:37:57.190235
634,1.6500,0,52,0.041671,0.118407,2026-05-31T15:37:57.544756
635,20.3500,2,98,0.041463,0.114678,2026-05-31T15:37:58.205274
636,1.6500,0,52,0.041255,0.130189,2026-05-31T15:37:58.562310
637,1.9500,0,54,0.041049,0.112793,2026-05-31T15:37:59.022288
638,2.7000,0,59,0.040844,0.124314,2026-05-31T15:37:59.468908
639,1.3500,0,50,0.040640,0.110811,2026-05-31T15:37:59.822284
640,1.3500,0,50,0.040436,0.107212,2026-05-31T15:38:00.184156
641,1.3500,0,50,0.040234,0.093879,2026-05-31T15:38:00.559816
642,-2.2500,0,50,0.040033,0.108807,2026-05-31T15:38:00.903498
643,1.3500,0,50,0.039833,0.094652,2026-05-31T15:38:01.253623
644,0.7500,0,50,0.039634,0.127651,2026-05-31T15:38:01.603247
645,1.3500,0,50,0.039435,0.104470,2026-05-31T15:38:02.049480
646,1.3500,0,50,0.039238,0.084677,2026-05-31T15:38:02.662790
647,9.0500,1,62,0.039042,0.083422,2026-05-31T15:38:03.150044
648,-2.2500,0,50,0.038847,0.088689,2026-05-31T15:38:03.498384
649,1.3500,0,50,0.038653,0.100929,2026-05-31T15:38:03.899809
650,1.3500,0,50,0.038459,0.088324,2026-05-31T15:38:04.304403
651,1.3500,0,50,0.038267,0.131109,2026-05-31T15:38:04.660803
652,1.3500,0,50,0.038076,0.143687,2026-05-31T15:38:05.000936
653,1.3500,0,50,0.037885,0.104510,2026-05-31T15:38:05.368652
654,1.3500,0,50,0.037696,0.117471,2026-05-31T15:38:05.717120
655,12.6500,1,86,0.037507,0.108762,2026-05-31T15:38:06.322068
656,1.3500,0,50,0.037320,0.147356,2026-05-31T15:38:06.654286
657,1.3500,0,50,0.037133,0.137361,2026-05-31T15:38:06.996771
658,1.3500,0,50,0.036948,0.103541,2026-05-31T15:38:07.383189
659,1.3500,0,50,0.036763,0.138531,2026-05-31T15:38:07.744628
660,1.3500,0,50,0.036579,0.086744,2026-05-31T15:38:08.103935
661,9.2000,1,63,0.036396,0.131410,2026-05-31T15:38:08.555568
662,1.3500,0,50,0.036214,0.106682,2026-05-31T15:38:08.894420
663,1.3500,0,50,0.036033,0.110870,2026-05-31T15:38:09.248865
664,1.3500,0,50,0.035853,0.089798,2026-05-31T15:38:09.600925
665,1.3500,0,50,0.035674,0.147297,2026-05-31T15:38:09.963548
666,1.3500,0,50,0.035495,0.137937,2026-05-31T15:38:10.306185
667,1.3500,0,50,0.035318,0.107777,2026-05-31T15:38:10.674137
668,1.3500,0,50,0.035141,0.145976,2026-05-31T15:38:11.200710
669,1.3500,0,50,0.034966,0.120344,2026-05-31T15:38:11.552777
670,1.3500,0,50,0.034791,0.089346,2026-05-31T15:38:11.901877
671,1.3500,0,50,0.034617,0.116489,2026-05-31T15:38:12.261098
672,1.3500,0,50,0.034444,0.141203,2026-05-31T15:38:12.613267
673,1.3500,0,50,0.034272,0.103788,2026-05-31T15:38:12.950338
674,-3.4500,0,50,0.034100,0.115874,2026-05-31T15:38:13.385806
675,1.3500,0,50,0.033930,0.114220,2026-05-31T15:38:13.753538
676,1.3500,0,50,0.033760,0.115343,2026-05-31T15:38:14.079147
677,1.3500,0,50,0.033591,0.110069,2026-05-31T15:38:14.444955
678,1.3500,0,50,0.033423,0.098510,2026-05-31T15:38:14.781061
679,1.3500,0,50,0.033256,0.105924,2026-05-31T15:38:15.178575
680,1.3500,0,50,0.033090,0.084200,2026-05-31T15:38:15.563950
681,1.3500,0,50,0.032924,0.113618,2026-05-31T15:38:16.037610
682,1.3500,0,50,0.032760,0.104465,2026-05-31T15:38:16.513103
683,1.3500,0,50,0.032596,0.088566,2026-05-31T15:38:16.943034
684,12.6500,1,86,0.032433,0.106687,2026-05-31T15:38:17.821176
685,1.6500,0,52,0.032271,0.107548,2026-05-31T15:38:18.396614
686,-1.5000,0,31,0.032109,0.107736,2026-05-31T15:38:18.714147
687,1.3500,0,50,0.031949,0.099195,2026-05-31T15:38:19.105989
688,1.3500,0,50,0.031789,0.102357,2026-05-31T15:38:19.464035
689,1.3500,0,50,0.031630,0.121214,2026-05-31T15:38:19.844651
690,1.3500,0,50,0.031472,0.109241,2026-05-31T15:38:20.304589
691,1.3500,0,50,0.031315,0.126374,2026-05-31T15:38:20.688064
692,1.8000,0,53,0.031158,0.120015,2026-05-31T15:38:21.045184
693,1.9500,0,54,0.031002,0.117957,2026-05-31T15:38:21.588008
694,1.3500,0,50,0.030847,0.110335,2026-05-31T15:38:21.935614
695,2.2500,0,56,0.030693,0.089694,2026-05-31T15:38:22.314501
696,1.3500,0,50,0.030540,0.155406,2026-05-31T15:38:22.681777
697,1.3500,0,50,0.030387,0.101437,2026-05-31T15:38:23.190804
698,1.3500,0,50,0.030235,0.122338,2026-05-31T15:38:23.555744
699,1.3500,0,50,0.030084,0.126867,2026-05-31T15:38:23.903923
700,1.3500,0,50,0.029933,0.103075,2026-05-31T15:38:24.237013
701,1.3500,0,50,0.029784,0.125754,2026-05-31T15:38:24.801603
702,1.3500,0,50,0.029635,0.087909,2026-05-31T15:38:25.114646
703,1.3500,0,50,0.029487,0.130386,2026-05-31T15:38:25.466435
704,1.3500,0,50,0.029339,0.134868,2026-05-31T15:38:25.816587
705,1.3500,0,50,0.029193,0.129361,2026-05-31T15:38:26.177280
706,1.3500,0,50,0.029047,0.120513,2026-05-31T15:38:26.520192
707,1.3500,0,50,0.028901,0.133823,2026-05-31T15:38:26.879802
708,1.3500,0,50,0.028757,0.097224,2026-05-31T15:38:27.237013
709,1.3500,0,50,0.028613,0.123349,2026-05-31T15:38:27.898254
710,1.3500,0,50,0.028470,0.128286,2026-05-31T15:38:28.215836
711,1.3500,0,50,0.028328,0.111870,2026-05-31T15:38:28.728988
712,1.3500,0,50,0.028186,0.092562,2026-05-31T15:38:29.132773
713,1.3500,0,50,0.028045,0.118148,2026-05-31T15:38:29.617891
714,1.3500,0,50,0.027905,0.117837,2026-05-31T15:38:29.989221
715,1.3500,0,50,0.027765,0.094906,2026-05-31T15:38:30.550097
716,1.3500,0,50,0.027626,0.096358,2026-05-31T15:38:30.920499
717,1.3500,0,50,0.027488,0.106264,2026-05-31T15:38:31.488911
718,1.3500,0,50,0.027351,0.127126,2026-05-31T15:38:31.879300
719,1.3500,0,50,0.027214,0.118385,2026-05-31T15:38:32.302236
720,1.3500,0,50,0.027078,0.105955,2026-05-31T15:38:32.668046
721,1.3500,0,50,0.026943,0.116952,2026-05-31T15:38:33.022540
722,1.3500,0,50,0.026808,0.108688,2026-05-31T15:38:33.430468
723,1.3500,0,50,0.026674,0.129886,2026-05-31T15:38:33.849628
724,1.3500,0,50,0.026541,0.136056,2026-05-31T15:38:34.223157
725,1.3500,0,50,0.026408,0.133574,2026-05-31T15:38:34.555277
726,9.2000,1,63,0.026276,0.122623,2026-05-31T15:38:34.999892
727,1.3500,0,50,0.026144,0.126384,2026-05-31T15:38:35.357046
728,1.3500,0,50,0.026014,0.106375,2026-05-31T15:38:35.702023
729,1.6500,0,52,0.025884,0.143732,2026-05-31T15:38:36.113493
730,1.3500,0,50,0.025754,0.099333,2026-05-31T15:38:36.474819
731,1.8000,0,53,0.025625,0.119453,2026-05-31T15:38:37.003134
732,1.5000,0,51,0.025497,0.090307,2026-05-31T15:38:37.326796
733,9.8000,1,67,0.025370,0.108730,2026-05-31T15:38:37.801756
734,1.3500,0,50,0.025243,0.123545,2026-05-31T15:38:38.160260
735,1.3500,0,50,0.025117,0.111204,2026-05-31T15:38:38.566392
736,1.3500,0,50,0.024991,0.129240,2026-05-31T15:38:39.098738
737,36.0000,3,163,0.024866,0.102754,2026-05-31T15:38:40.129979
738,1.3500,0,50,0.024742,0.099915,2026-05-31T15:38:40.544030
739,1.3500,0,50,0.024618,0.119976,2026-05-31T15:38:40.903941
740,1.3500,0,50,0.024495,0.146044,2026-05-31T15:38:41.300343
741,1.3500,0,50,0.024373,0.120259,2026-05-31T15:38:41.686504
742,1.3500,0,50,0.024251,0.118349,2026-05-31T15:38:42.033875
743,1.6500,0,52,0.024130,0.146336,2026-05-31T15:38:42.394397
744,20.6500,2,100,0.024009,0.131287,2026-05-31T15:38:43.063256
745,9.9500,1,68,0.023889,0.099734,2026-05-31T15:38:43.560155
746,1.3500,0,50,0.023769,0.094581,2026-05-31T15:38:43.971951
747,1.5000,0,51,0.023651,0.098385,2026-05-31T15:38:44.336304
748,1.3500,0,50,0.023532,0.115970,2026-05-31T15:38:44.698548
749,1.3500,0,50,0.023415,0.130901,2026-05-31T15:38:45.051501
750,1.3500,0,50,0.023298,0.124755,2026-05-31T15:38:45.411296
751,1.3500,0,50,0.023181,0.113677,2026-05-31T15:38:45.786671
752,12.6500,1,86,0.023065,0.130187,2026-05-31T15:38:46.535465
753,-2.2500,0,50,0.022950,0.115305,2026-05-31T15:38:46.982566
754,1.5000,0,51,0.022835,0.155244,2026-05-31T15:38:47.435997
755,1.3500,0,50,0.022721,0.119776,2026-05-31T15:38:48.174495
756,9.9500,1,68,0.022607,0.118678,2026-05-31T15:38:48.866555
757,1.3500,0,50,0.022494,0.157775,2026-05-31T15:38:49.218542
758,1.8000,0,53,0.022382,0.112621,2026-05-31T15:38:49.589653
759,1.3500,0,50,0.022270,0.109423,2026-05-31T15:38:49.944281
760,9.9500,1,68,0.022159,0.116029,2026-05-31T15:38:50.704176
761,1.3500,0,50,0.022048,0.111631,2026-05-31T15:38:51.096849
762,36.0000,3,163,0.021938,0.105320,2026-05-31T15:38:52.321310
763,-0.6000,1,61,0.021828,0.115493,2026-05-31T15:38:52.777386
764,2.2500,0,56,0.021719,0.102576,2026-05-31T15:38:53.194393
765,1.3500,0,50,0.021610,0.137400,2026-05-31T15:38:53.546855
766,2.1000,0,55,0.021502,0.108263,2026-05-31T15:38:53.961038
767,1.3500,0,50,0.021395,0.107876,2026-05-31T15:38:54.298874
768,1.3500,0,50,0.021288,0.123734,2026-05-31T15:38:54.647414
769,1.3500,0,50,0.021181,0.109539,2026-05-31T15:38:54.989145
770,1.9500,0,54,0.021075,0.097142,2026-05-31T15:38:55.382010
771,1.3500,0,50,0.020970,0.095175,2026-05-31T15:38:55.716507
772,12.6500,1,86,0.020865,0.085596,2026-05-31T15:38:56.311873
773,1.3500,0,50,0.020761,0.146531,2026-05-31T15:38:57.046138
774,1.3500,0,50,0.020657,0.124667,2026-05-31T15:38:57.502061
775,9.2000,1,63,0.020554,0.126796,2026-05-31T15:38:57.929544
776,1.5000,0,51,0.020451,0.116909,2026-05-31T15:38:58.378248
777,1.3500,0,50,0.020349,0.105564,2026-05-31T15:38:58.888570
778,1.3500,0,50,0.020247,0.093786,2026-05-31T15:38:59.261777
779,13.4000,1,91,0.020146,0.105532,2026-05-31T15:38:59.934878
780,9.3500,1,64,0.020045,0.117307,2026-05-31T15:39:00.385726
781,9.9500,1,68,0.019945,0.102374,2026-05-31T15:39:00.851401
782,9.8000,1,67,0.019845,0.108368,2026-05-31T15:39:01.302453
783,10.1000,1,69,0.019746,0.113192,2026-05-31T15:39:01.813748
784,1.9500,0,54,0.019647,0.127940,2026-05-31T15:39:02.237589
785,-10.6500,0,50,0.019549,0.106169,2026-05-31T15:39:02.611986
786,9.6500,1,66,0.019451,0.106690,2026-05-31T15:39:03.069127
787,1.3500,0,50,0.019354,0.102175,2026-05-31T15:39:03.404208
788,3.0000,1,61,0.019257,0.115617,2026-05-31T15:39:03.839891
789,13.5500,1,92,0.019161,0.123311,2026-05-31T15:39:04.630608
790,2.4000,0,57,0.019065,0.125729,2026-05-31T15:39:05.026515
791,1.6500,0,52,0.018970,0.120070,2026-05-31T15:39:05.388160
792,2.2500,0,56,0.018875,0.126821,2026-05-31T15:39:05.818391
793,9.0500,1,62,0.018780,0.133620,2026-05-31T15:39:06.234217
794,-3.4500,0,50,0.018686,0.116165,2026-05-31T15:39:06.589459
795,1.3500,0,50,0.018593,0.100853,2026-05-31T15:39:06.938547
796,2.1000,0,55,0.018500,0.117308,2026-05-31T15:39:07.308347
797,1.3500,0,50,0.018408,0.115969,2026-05-31T15:39:07.731716
798,10.2500,1,70,0.018315,0.127512,2026-05-31T15:39:08.300494
799,13.8500,1,94,0.018224,0.127742,2026-05-31T15:39:08.975948
800,3.0000,1,61,0.018133,0.131369,2026-05-31T15:39:09.397571
801,2.1000,0,55,0.018042,0.115168,2026-05-31T15:39:09.800316
802,2.7000,0,59,0.017952,0.105209,2026-05-31T15:39:10.216786
803,1.3500,0,50,0.017862,0.105122,2026-05-31T15:39:10.558007
804,9.5000,1,65,0.017773,0.106963,2026-05-31T15:39:11.013447
805,2.2500,0,56,0.017684,0.092498,2026-05-31T15:39:11.389253
806,14.1500,1,96,0.017596,0.106907,2026-05-31T15:39:12.042020
807,1.9500,0,54,0.017508,0.128195,2026-05-31T15:39:12.611862
808,1.5000,0,51,0.017420,0.126183,2026-05-31T15:39:12.932159
809,2.4000,0,57,0.017333,0.113992,2026-05-31T15:39:13.330032
810,10.2500,1,70,0.017246,0.106327,2026-05-31T15:39:13.846741
811,9.8000,1,67,0.017160,0.094614,2026-05-31T15:39:14.302245
812,1.3500,0,50,0.017074,0.148080,2026-05-31T15:39:14.642540
813,1.3500,0,50,0.016989,0.138794,2026-05-31T15:39:14.987687
814,9.0500,1,62,0.016904,0.107354,2026-05-31T15:39:15.416577
815,9.3500,1,64,0.016819,0.126875,2026-05-31T15:39:15.915656
816,2.2500,0,56,0.016735,0.144394,2026-05-31T15:39:16.697727
817,9.5000,1,65,0.016652,0.122432,2026-05-31T15:39:17.644191
818,1.3500,0,50,0.016568,0.116766,2026-05-31T15:39:18.394578
819,1.3500,0,50,0.016486,0.103581,2026-05-31T15:39:19.128744
820,1.9500,0,54,0.016403,0.118366,2026-05-31T15:39:19.883979
821,2.7000,0,59,0.016321,0.126942,2026-05-31T15:39:20.422456
822,9.2000,1,63,0.016239,0.119040,2026-05-31T15:39:20.993840
823,1.5000,0,51,0.016158,0.124482,2026-05-31T15:39:21.451547
824,2.5500,0,58,0.016078,0.118870,2026-05-31T15:39:21.881992
825,9.5000,1,65,0.015997,0.105981,2026-05-31T15:39:22.991947
826,1.5000,0,51,0.015917,0.123481,2026-05-31T15:39:23.368578
827,1.3500,0,50,0.015838,0.108084,2026-05-31T15:39:23.744745
828,1.3500,0,50,0.015758,0.085754,2026-05-31T15:39:24.118752
829,1.3500,0,50,0.015680,0.113156,2026-05-31T15:39:24.460251
830,1.6500,0,52,0.015601,0.129900,2026-05-31T15:39:24.838856
831,12.8000,1,87,0.015523,0.120821,2026-05-31T15:39:25.467325
832,1.3500,0,50,0.015446,0.094697,2026-05-31T15:39:25.850302
833,12.6500,1,86,0.015368,0.113890,2026-05-31T15:39:26.436207
834,2.7000,0,59,0.015291,0.151780,2026-05-31T15:39:26.901684
835,10.2500,1,70,0.015215,0.119394,2026-05-31T15:39:27.388384
836,9.0500,1,62,0.015139,0.119284,2026-05-31T15:39:27.860213
837,13.7000,1,93,0.015063,0.123433,2026-05-31T15:39:28.473466
838,12.9500,1,88,0.014988,0.151708,2026-05-31T15:39:29.120460
839,2.8500,0,60,0.014913,0.087108,2026-05-31T15:39:29.574769
840,1.3500,0,50,0.014838,0.113831,2026-05-31T15:39:29.916980
841,2.7000,0,59,0.014764,0.137119,2026-05-31T15:39:30.542802
842,9.8000,1,67,0.014690,0.110062,2026-05-31T15:39:31.008613
843,1.3500,0,50,0.014617,0.140747,2026-05-31T15:39:31.347787
844,1.3500,0,50,0.014544,0.125233,2026-05-31T15:39:31.731044
845,9.3500,1,64,0.014471,0.132151,2026-05-31T15:39:32.378463
846,1.3500,0,50,0.014399,0.100216,2026-05-31T15:39:32.716443
847,9.2000,1,63,0.014327,0.134659,2026-05-31T15:39:33.165974
848,1.3500,0,50,0.014255,0.123482,2026-05-31T15:39:33.505301
849,1.3500,0,50,0.014184,0.137020,2026-05-31T15:39:33.863174
850,1.3500,0,50,0.014113,0.120326,2026-05-31T15:39:34.247121
851,1.3500,0,50,0.014042,0.111588,2026-05-31T15:39:34.630777
852,1.3500,0,50,0.013972,0.146141,2026-05-31T15:39:34.979829
853,9.8000,1,67,0.013902,0.103140,2026-05-31T15:39:35.447440
854,1.3500,0,50,0.013833,0.114202,2026-05-31T15:39:35.815911
855,9.8000,1,67,0.013764,0.132755,2026-05-31T15:39:36.458798
856,1.3500,0,50,0.013695,0.127912,2026-05-31T15:39:36.789891
857,9.3500,1,64,0.013626,0.117118,2026-05-31T15:39:37.401067
858,1.3500,0,50,0.013558,0.137654,2026-05-31T15:39:37.760572
859,1.3500,0,50,0.013490,0.123938,2026-05-31T15:39:38.108560
860,2.2500,0,56,0.013423,0.113861,2026-05-31T15:39:38.505362
861,1.3500,0,50,0.013356,0.128213,2026-05-31T15:39:38.865672
862,1.3500,0,50,0.013289,0.119181,2026-05-31T15:39:39.328142
863,9.3500,1,64,0.013223,0.140055,2026-05-31T15:39:39.810729
864,1.3500,0,50,0.013157,0.102291,2026-05-31T15:39:40.161096
865,9.3500,1,64,0.013091,0.100320,2026-05-31T15:39:40.611028
866,1.3500,0,50,0.013025,0.135364,2026-05-31T15:39:40.960695
867,3.0000,1,61,0.012960,0.108792,2026-05-31T15:39:41.381292
868,1.3500,0,50,0.012895,0.117911,2026-05-31T15:39:41.728021
869,21.4000,2,105,0.012831,0.110582,2026-05-31T15:39:42.418702
870,1.3500,0,50,0.012767,0.113947,2026-05-31T15:39:42.964043
871,9.6500,1,66,0.012703,0.105567,2026-05-31T15:39:43.595885
872,9.0500,1,62,0.012639,0.113432,2026-05-31T15:39:44.042541
873,1.3500,0,50,0.012576,0.136601,2026-05-31T15:39:44.372377
874,2.2500,0,56,0.012513,0.123438,2026-05-31T15:39:44.824125
875,1.9500,0,54,0.012451,0.120298,2026-05-31T15:39:45.207732
876,3.0000,1,61,0.012389,0.104349,2026-05-31T15:39:45.671230
877,9.0500,1,62,0.012327,0.111557,2026-05-31T15:39:46.236952
878,1.3500,0,50,0.012265,0.122757,2026-05-31T15:39:46.704509
879,9.0500,1,62,0.012204,0.124261,2026-05-31T15:39:47.341108
880,2.2500,0,56,0.012143,0.116078,2026-05-31T15:39:47.942667
881,12.9500,1,88,0.012082,0.093616,2026-05-31T15:39:49.024113
882,2.1000,0,55,0.012021,0.090879,2026-05-31T15:39:49.542581
883,1.3500,0,50,0.011961,0.122150,2026-05-31T15:39:50.022182
884,1.3500,0,50,0.011902,0.103871,2026-05-31T15:39:50.470563
885,9.2000,1,63,0.011842,0.114467,2026-05-31T15:39:51.118282
886,1.3500,0,50,0.011783,0.121430,2026-05-31T15:39:51.529966
887,1.3500,0,50,0.011724,0.093544,2026-05-31T15:39:51.946782
888,2.1000,0,55,0.011665,0.107863,2026-05-31T15:39:52.536862
889,2.5500,0,58,0.011607,0.119931,2026-05-31T15:39:52.934578
890,1.3500,0,50,0.011549,0.102223,2026-05-31T15:39:53.285129
891,3.0000,1,61,0.011491,0.118826,2026-05-31T15:39:53.742395
892,1.3500,0,50,0.011434,0.121818,2026-05-31T15:39:54.099585
893,1.3500,0,50,0.011377,0.095459,2026-05-31T15:39:54.447891
894,2.7000,0,59,0.011320,0.116373,2026-05-31T15:39:54.882179
895,2.7000,0,59,0.011263,0.086293,2026-05-31T15:39:55.302467
896,1.3500,0,50,0.011207,0.113211,2026-05-31T15:39:55.754285
897,9.9500,1,68,0.011151,0.127731,2026-05-31T15:39:56.301544
898,21.2500,2,104,0.011095,0.127747,2026-05-31T15:39:56.987240
899,1.3500,0,50,0.011040,0.094786,2026-05-31T15:39:57.332401
900,9.2000,1,63,0.010984,0.111577,2026-05-31T15:39:57.804398
901,1.3500,0,50,0.010929,0.126766,2026-05-31T15:39:58.147459
902,2.8500,0,60,0.010875,0.114577,2026-05-31T15:39:58.610276
903,2.8500,0,60,0.010820,0.116277,2026-05-31T15:39:59.164782
904,9.3500,1,64,0.010766,0.097306,2026-05-31T15:39:59.830881
905,2.5500,0,58,0.010712,0.116797,2026-05-31T15:40:00.234937
906,12.6500,1,86,0.010659,0.109603,2026-05-31T15:40:00.805276
907,1.6500,0,52,0.010606,0.116541,2026-05-31T15:40:01.202389
908,1.3500,0,50,0.010553,0.123972,2026-05-31T15:40:01.658460
909,20.3500,2,98,0.010500,0.102769,2026-05-31T15:40:02.504556
910,9.2000,1,63,0.010447,0.096503,2026-05-31T15:40:02.958438
911,9.5000,1,65,0.010395,0.123322,2026-05-31T15:40:03.398304
912,9.5000,1,65,0.010343,0.131459,2026-05-31T15:40:03.867371
913,2.5500,0,58,0.010291,0.121190,2026-05-31T15:40:04.277609
914,9.3500,1,64,0.010240,0.139256,2026-05-31T15:40:04.763561
915,2.8500,0,60,0.010189,0.141550,2026-05-31T15:40:05.158174
916,9.2000,1,63,0.010138,0.115797,2026-05-31T15:40:05.616407
917,20.6500,2,100,0.010087,0.135340,2026-05-31T15:40:06.297577
918,1.8000,0,53,0.010037,0.128237,2026-05-31T15:40:06.658542
919,20.9500,2,102,0.010000,0.095539,2026-05-31T15:40:07.336065
920,12.6500,1,86,0.010000,0.126829,2026-05-31T15:40:08.119833
921,25.4500,2,132,0.010000,0.133326,2026-05-31T15:40:09.015972
922,13.7000,1,93,0.010000,0.120210,2026-05-31T15:40:09.679951
923,1.3500,0,50,0.010000,0.112587,2026-05-31T15:40:10.026240
924,9.3500,1,64,0.010000,0.124197,2026-05-31T15:40:10.468753
925,2.2500,0,56,0.010000,0.125235,2026-05-31T15:40:10.922180
926,3.0000,1,61,0.010000,0.118783,2026-05-31T15:40:11.364189
927,1.5000,0,51,0.010000,0.128428,2026-05-31T15:40:11.720665
928,2.7000,0,59,0.010000,0.145138,2026-05-31T15:40:12.169633
929,12.6500,1,86,0.010000,0.119335,2026-05-31T15:40:12.733990
930,2.8500,0,60,0.010000,0.126787,2026-05-31T15:40:13.136589
931,1.3500,0,50,0.010000,0.108114,2026-05-31T15:40:13.482576
932,1.3500,0,50,0.010000,0.118011,2026-05-31T15:40:13.892936
933,1.3500,0,50,0.010000,0.116487,2026-05-31T15:40:14.227281
934,1.3500,0,50,0.010000,0.111405,2026-05-31T15:40:14.632793
935,0.3000,0,43,0.010000,0.134407,2026-05-31T15:40:14.933099
936,21.5500,2,106,0.010000,0.137416,2026-05-31T15:40:15.835132
937,12.6500,1,86,0.010000,0.119898,2026-05-31T15:40:16.657718
938,12.6500,1,86,0.010000,0.109783,2026-05-31T15:40:17.383402
939,21.5500,2,106,0.010000,0.122013,2026-05-31T15:40:18.448428
940,2.8500,0,60,0.010000,0.124442,2026-05-31T15:40:18.958319
941,3.0000,1,61,0.010000,0.130991,2026-05-31T15:40:19.371939
942,2.5500,0,58,0.010000,0.108146,2026-05-31T15:40:19.776720
943,12.6500,1,86,0.010000,0.108543,2026-05-31T15:40:20.511478
944,9.3500,1,64,0.010000,0.128760,2026-05-31T15:40:20.945643
945,9.2000,1,63,0.010000,0.134229,2026-05-31T15:40:21.376655
946,14.3000,2,97,0.010000,0.125298,2026-05-31T15:40:22.040454
947,2.8500,0,60,0.010000,0.127926,2026-05-31T15:40:22.476593
948,12.8000,1,87,0.010000,0.113476,2026-05-31T15:40:23.282925
949,12.6500,1,86,0.010000,0.125381,2026-05-31T15:40:23.926921
950,24.8500,2,128,0.010000,0.121573,2026-05-31T15:40:24.936943
951,23.9500,2,122,0.010000,0.122124,2026-05-31T15:40:25.958498
952,12.6500,1,86,0.010000,0.117280,2026-05-31T15:40:26.826365
953,9.2000,1,63,0.010000,0.121707,2026-05-31T15:40:27.376346
954,1.3500,0,50,0.010000,0.121973,2026-05-31T15:40:27.847183
955,-0.3000,0,39,0.010000,0.129847,2026-05-31T15:40:28.431729
956,0.3000,0,43,0.010000,0.101983,2026-05-31T15:40:28.851894
957,20.5000,2,99,0.010000,0.127386,2026-05-31T15:40:29.623680
958,12.6500,1,86,0.010000,0.115193,2026-05-31T15:40:30.310331
959,14.1500,1,96,0.010000,0.141860,2026-05-31T15:40:31.033200
960,1.3500,0,50,0.010000,0.127768,2026-05-31T15:40:31.612099
961,0.0000,0,41,0.010000,0.128253,2026-05-31T15:40:32.223889
962,32.7000,3,141,0.010000,0.115154,2026-05-31T15:40:33.469096
963,9.3500,1,64,0.010000,0.106949,2026-05-31T15:40:33.962094
964,1.3500,0,50,0.010000,0.111973,2026-05-31T15:40:34.445498
965,1.3500,0,50,0.010000,0.137659,2026-05-31T15:40:34.870582
966,9.9500,1,68,0.010000,0.120629,2026-05-31T15:40:35.387843
967,2.4000,0,57,0.010000,0.121683,2026-05-31T15:40:35.976205
968,1.3500,0,50,0.010000,0.130991,2026-05-31T15:40:36.380996
969,2.5500,0,58,0.010000,0.110904,2026-05-31T15:40:37.052501
970,1.3500,0,50,0.010000,0.132979,2026-05-31T15:40:37.652752
971,9.3500,1,64,0.010000,0.126531,2026-05-31T15:40:38.123032
972,1.3500,0,50,0.010000,0.120204,2026-05-31T15:40:38.508797
973,9.3500,1,64,0.010000,0.137589,2026-05-31T15:40:39.009467
974,1.3500,0,50,0.010000,0.164867,2026-05-31T15:40:39.388893
975,1.3500,0,50,0.010000,0.107896,2026-05-31T15:40:39.837697
976,-0.6000,0,37,0.010000,0.133840,2026-05-31T15:40:40.174224
977,1.3500,0,50,0.010000,0.115586,2026-05-31T15:40:40.842897
978,12.6500,1,86,0.010000,0.100719,2026-05-31T15:40:41.733137
979,1.3500,0,50,0.010000,0.126545,2026-05-31T15:40:42.119420
980,12.6500,1,86,0.010000,0.132556,2026-05-31T15:40:42.913093
981,1.3500,0,50,0.010000,0.146805,2026-05-31T15:40:43.282864
982,9.2000,1,63,0.010000,0.128799,2026-05-31T15:40:43.973645
983,-0.6000,0,37,0.010000,0.111579,2026-05-31T15:40:44.274572
984,2.8500,0,60,0.010000,0.118971,2026-05-31T15:40:44.950281
985,9.2000,1,63,0.010000,0.129343,2026-05-31T15:40:45.463712
986,1.3500,0,50,0.010000,0.118183,2026-05-31T15:40:45.986360
987,0.0000,0,41,0.010000,0.145787,2026-05-31T15:40:46.403581
988,1.3500,0,50,0.010000,0.089816,2026-05-31T15:40:46.895786
989,9.2000,1,63,0.010000,0.142804,2026-05-31T15:40:47.806631
990,1.3500,0,50,0.010000,0.128486,2026-05-31T15:40:48.490188
991,23.9500,2,122,0.010000,0.132306,2026-05-31T15:40:49.864488
992,23.9500,2,122,0.010000,0.146664,2026-05-31T15:40:51.404908
993,1.3500,0,50,0.010000,0.114586,2026-05-31T15:40:51.851136
994,1.3500,0,50,0.010000,0.147207,2026-05-31T15:40:52.223552
995,1.3500,0,50,0.010000,0.134410,2026-05-31T15:40:52.605011
996,1.3500,0,50,0.010000,0.118726,2026-05-31T15:40:53.020283
997,3.0000,1,61,0.010000,0.115025,2026-05-31T15:40:53.649262
998,0.0000,0,41,0.010000,0.151813,2026-05-31T15:40:54.004836
999,2.7000,0,59,0.010000,0.125877,2026-05-31T15:40:54.710235
1000,1.3500,0,50,0.010000,0.170844,2026-05-31T15:40:55.065683
1001,1.3500,0,50,0.010000,0.123347,2026-05-31T15:40:55.456605
1002,2.5500,0,58,0.010000,0.134787,2026-05-31T15:40:55.974395
1003,1.3500,0,50,0.010000,0.154070,2026-05-31T15:40:56.476788
1004,9.3500,1,64,0.010000,0.110415,2026-05-31T15:40:57.283992
1005,1.3500,0,50,0.010000,0.128550,2026-05-31T15:40:57.641413
1006,1.3500,0,50,0.010000,0.138742,2026-05-31T15:40:58.223707
1007,1.3500,0,50,0.010000,0.125615,2026-05-31T15:40:58.933119
1008,-1.2000,0,33,0.010000,0.139583,2026-05-31T15:40:59.273480
1009,1.3500,0,50,0.010000,0.163092,2026-05-31T15:40:59.604997
1010,1.3500,0,50,0.010000,0.162650,2026-05-31T15:41:00.074174
1011,1.3500,0,50,0.010000,0.146260,2026-05-31T15:41:00.467838
1012,1.3500,0,50,0.010000,0.113293,2026-05-31T15:41:00.806595
1013,-0.6000,0,37,0.010000,0.155380,2026-05-31T15:41:02.093372
1014,20.3500,2,98,0.010000,0.140201,2026-05-31T15:41:03.444002
1015,9.0500,1,62,0.010000,0.160754,2026-05-31T15:41:04.068921
1016,1.3500,0,50,0.010000,0.136254,2026-05-31T15:41:04.509643
1017,9.3500,1,64,0.010000,0.144384,2026-05-31T15:41:05.001343
1018,2.2500,0,56,0.010000,0.135923,2026-05-31T15:41:05.613333
1019,2.5500,0,58,0.010000,0.141006,2026-05-31T15:41:06.304468
1020,1.3500,0,50,0.010000,0.180261,2026-05-31T15:41:06.894352
1021,-0.6000,0,37,0.010000,0.127935,2026-05-31T15:41:07.266271
1022,1.3500,0,50,0.010000,0.147024,2026-05-31T15:41:07.559327
1023,1.3500,0,50,0.010000,0.121360,2026-05-31T15:41:07.922366
1024,1.3500,0,50,0.010000,0.110159,2026-05-31T15:41:08.301830
1025,2.4000,0,57,0.010000,0.103403,2026-05-31T15:41:08.637032
1026,1.3500,0,50,0.010000,0.137918,2026-05-31T15:41:08.953444
1027,1.3500,0,50,0.010000,0.133176,2026-05-31T15:41:09.233353
1028,-0.3000,0,39,0.010000,0.144921,2026-05-31T15:41:09.453405
1029,9.2000,1,63,0.010000,0.129721,2026-05-31T15:41:09.816411
1030,1.3500,0,50,0.010000,0.112366,2026-05-31T15:41:10.194381
1031,1.3500,0,50,0.010000,0.150825,2026-05-31T15:41:10.510657
1032,1.3500,0,50,0.010000,0.093872,2026-05-31T15:41:10.855227
1033,1.3500,0,50,0.010000,0.126572,2026-05-31T15:41:11.143870
1034,1.3500,0,50,0.010000,0.127103,2026-05-31T15:41:11.458683
1035,-0.3000,0,39,0.010000,0.146308,2026-05-31T15:41:11.684923
1036,1.3500,0,50,0.010000,0.140066,2026-05-31T15:41:12.013476
1037,9.6500,1,66,0.010000,0.107362,2026-05-31T15:41:12.361130
1038,1.3500,0,50,0.010000,0.145365,2026-05-31T15:41:12.647318
1039,-0.3000,0,39,0.010000,0.104525,2026-05-31T15:41:13.094030
1040,1.3500,0,50,0.010000,0.173601,2026-05-31T15:41:13.389350
1041,1.3500,0,50,0.010000,0.134994,2026-05-31T15:41:13.640225
1042,1.3500,0,50,0.010000,0.134805,2026-05-31T15:41:13.903491
1043,1.3500,0,50,0.010000,0.124782,2026-05-31T15:41:14.180432
1044,1.3500,0,50,0.010000,0.156913,2026-05-31T15:41:14.510032
1045,9.0500,1,62,0.010000,0.165903,2026-05-31T15:41:14.964374
1046,12.6500,1,86,0.010000,0.130406,2026-05-31T15:41:15.475298
1047,-0.3000,0,39,0.010000,0.123349,2026-05-31T15:41:15.745847
1048,-0.3000,0,39,0.010000,0.147326,2026-05-31T15:41:16.049459
1049,1.3500,0,50,0.010000,0.132270,2026-05-31T15:41:16.655034
1050,1.3500,0,50,0.010000,0.149101,2026-05-31T15:41:17.068754
1051,1.3500,0,50,0.010000,0.133334,2026-05-31T15:41:17.434533
1052,1.3500,0,50,0.010000,0.150714,2026-05-31T15:41:17.855443
1053,1.3500,0,50,0.010000,0.131539,2026-05-31T15:41:18.304003
1054,0.0000,0,41,0.010000,0.151908,2026-05-31T15:41:18.645403
1055,0.0000,0,41,0.010000,0.162020,2026-05-31T15:41:18.920958
1056,1.3500,0,50,0.010000,0.122073,2026-05-31T15:41:19.196322
1057,1.3500,0,50,0.010000,0.109088,2026-05-31T15:41:19.462764
1058,1.3500,0,50,0.010000,0.141350,2026-05-31T15:41:19.822631
1059,2.2500,0,56,0.010000,0.134863,2026-05-31T15:41:20.212388
1060,-0.9000,0,35,0.010000,0.129297,2026-05-31T15:41:20.396249
1061,12.6500,1,86,0.010000,0.149917,2026-05-31T15:41:20.869782
1062,1.3500,0,50,0.010000,0.149197,2026-05-31T15:41:21.171084
1063,2.8500,0,60,0.010000,0.150013,2026-05-31T15:41:21.486059
1064,1.3500,0,50,0.010000,0.111588,2026-05-31T15:41:21.746370
1065,1.3500,0,50,0.010000,0.155384,2026-05-31T15:41:22.028346
1066,1.3500,0,50,0.010000,0.170989,2026-05-31T15:41:22.285683
1067,-0.6000,0,37,0.010000,0.131967,2026-05-31T15:41:22.479104
1068,-0.3000,0,39,0.010000,0.146153,2026-05-31T15:41:22.699797
1069,1.3500,0,50,0.010000,0.121903,2026-05-31T15:41:22.977634
1070,1.3500,0,50,0.010000,0.151137,2026-05-31T15:41:23.234207
1071,1.3500,0,50,0.010000,0.146825,2026-05-31T15:41:23.492239
1072,-0.6000,0,37,0.010000,0.147437,2026-05-31T15:41:23.803847
1073,1.3500,0,50,0.010000,0.152055,2026-05-31T15:41:24.133053
1074,12.6500,1,86,0.010000,0.129403,2026-05-31T15:41:24.558074
1075,12.6500,1,86,0.010000,0.120430,2026-05-31T15:41:25.117352
1076,1.3500,0,50,0.010000,0.143421,2026-05-31T15:41:25.447912
1077,1.3500,0,50,0.010000,0.152822,2026-05-31T15:41:25.707828
1078,-0.1500,0,40,0.010000,0.154548,2026-05-31T15:41:25.943909
1079,1.3500,0,50,0.010000,0.161582,2026-05-31T15:41:26.237583
1080,9.9500,1,68,0.010000,0.130613,2026-05-31T15:41:26.610571
1081,1.3500,0,50,0.010000,0.132241,2026-05-31T15:41:26.878707
1082,2.8500,0,60,0.010000,0.185482,2026-05-31T15:41:27.206007
1083,1.3500,0,50,0.010000,0.124360,2026-05-31T15:41:27.465233
1084,1.3500,0,50,0.010000,0.129042,2026-05-31T15:41:27.725871
1085,2.5500,0,58,0.010000,0.155118,2026-05-31T15:41:28.095336
1086,1.3500,0,50,0.010000,0.187434,2026-05-31T15:41:28.459168
1087,12.6500,1,86,0.010000,0.171916,2026-05-31T15:41:29.243859
1088,1.3500,0,50,0.010000,0.120775,2026-05-31T15:41:29.697929
1089,9.0500,1,62,0.010000,0.134756,2026-05-31T15:41:30.258723
1090,1.3500,0,50,0.010000,0.151207,2026-05-31T15:41:30.729971
1091,1.3500,0,50,0.010000,0.151577,2026-05-31T15:41:31.143660
1092,1.3500,0,50,0.010000,0.152082,2026-05-31T15:41:31.417223
1093,9.8000,1,67,0.010000,0.159856,2026-05-31T15:41:31.763293
1094,1.3500,0,50,0.010000,0.147177,2026-05-31T15:41:32.307044
1095,1.3500,0,50,0.010000,0.165980,2026-05-31T15:41:32.730516
1096,1.3500,0,50,0.010000,0.175412,2026-05-31T15:41:33.255291
1097,1.3500,0,50,0.010000,0.153345,2026-05-31T15:41:33.665697
1098,9.3500,1,64,0.010000,0.136248,2026-05-31T15:41:34.066910
1099,1.3500,0,50,0.010000,0.139682,2026-05-31T15:41:34.377897
1100,1.3500,0,50,0.010000,0.135118,2026-05-31T15:41:34.685849
1101,23.9500,2,122,0.010000,0.152198,2026-05-31T15:41:35.444234
1102,1.3500,0,50,0.010000,0.151942,2026-05-31T15:41:35.768448
1103,1.3500,0,50,0.010000,0.120078,2026-05-31T15:41:36.040084
1104,23.9500,2,122,0.010000,0.160939,2026-05-31T15:41:36.768669
1105,1.3500,0,50,0.010000,0.163217,2026-05-31T15:41:37.072322
1106,1.3500,0,50,0.010000,0.186144,2026-05-31T15:41:37.490155
1107,2.2500,0,56,0.010000,0.135858,2026-05-31T15:41:37.917244
1108,1.3500,0,50,0.010000,0.130289,2026-05-31T15:41:38.257550
1109,58.6000,5,235,0.010000,0.154593,2026-05-31T15:41:39.677363
1110,1.3500,0,50,0.010000,0.132105,2026-05-31T15:41:40.008616
1111,1.3500,0,50,0.010000,0.138945,2026-05-31T15:41:40.298831
1112,12.6500,1,86,0.010000,0.174801,2026-05-31T15:41:40.799307
1113,2.4000,0,57,0.010000,0.156391,2026-05-31T15:41:41.105706
1114,2.2500,0,56,0.010000,0.123727,2026-05-31T15:41:41.443309
1115,1.3500,0,50,0.010000,0.175491,2026-05-31T15:41:41.750581
1116,1.3500,0,50,0.010000,0.173590,2026-05-31T15:41:42.021068
1117,1.3500,0,50,0.010000,0.122482,2026-05-31T15:41:42.288365
1118,1.3500,0,50,0.010000,0.129070,2026-05-31T15:41:42.576735
1119,1.3500,0,50,0.010000,0.172040,2026-05-31T15:41:42.851475
1120,1.3500,0,50,0.010000,0.145055,2026-05-31T15:41:43.115482
1121,1.3500,0,50,0.010000,0.141216,2026-05-31T15:41:43.377259
1122,24.7000,2,127,0.010000,0.158280,2026-05-31T15:41:44.234715
1123,25.0000,2,129,0.010000,0.176678,2026-05-31T15:41:44.962576
1124,1.3500,0,50,0.010000,0.160423,2026-05-31T15:41:45.221614
1125,1.3500,0,50,0.010000,0.134357,2026-05-31T15:41:45.592791
1126,12.6500,1,86,0.010000,0.163278,2026-05-31T15:41:46.180425
1127,12.6500,1,86,0.010000,0.136618,2026-05-31T15:41:46.782212
1128,12.6500,1,86,0.010000,0.154516,2026-05-31T15:41:47.369803
1129,13.2500,1,90,0.010000,0.151045,2026-05-31T15:41:48.033390
1130,23.9500,2,122,0.010000,0.144659,2026-05-31T15:41:48.768295
1131,21.5500,2,106,0.010000,0.173003,2026-05-31T15:41:49.378216
1132,1.3500,0,50,0.010000,0.183637,2026-05-31T15:41:49.767994
1133,1.3500,0,50,0.010000,0.172211,2026-05-31T15:41:50.029639
1134,13.4000,1,91,0.010000,0.157652,2026-05-31T15:41:50.490159
1135,36.0000,3,163,0.010000,0.160445,2026-05-31T15:41:51.383507
1136,20.6500,2,100,0.010000,0.151000,2026-05-31T15:41:51.914338
1137,12.6500,1,86,0.010000,0.159456,2026-05-31T15:41:52.371955
1138,1.3500,0,50,0.010000,0.138317,2026-05-31T15:41:52.648012
1139,1.3500,0,50,0.010000,0.197844,2026-05-31T15:41:52.910154
1140,2.4000,0,57,0.010000,0.178551,2026-05-31T15:41:53.215281
1141,1.3500,0,50,0.010000,0.148143,2026-05-31T15:41:53.488937
1142,1.3500,0,50,0.010000,0.190189,2026-05-31T15:41:53.889480
1143,2.2500,0,56,0.010000,0.147969,2026-05-31T15:41:54.211168
1144,2.2500,0,56,0.010000,0.172367,2026-05-31T15:41:54.512611
1145,2.7000,0,59,0.010000,0.178603,2026-05-31T15:41:54.910015
1146,21.2500,2,104,0.010000,0.162898,2026-05-31T15:41:55.501503
1147,13.8500,1,94,0.010000,0.172470,2026-05-31T15:41:56.012337
1148,1.3500,0,50,0.010000,0.148405,2026-05-31T15:41:56.291116
1149,1.3500,0,50,0.010000,0.115739,2026-05-31T15:41:56.569275
1150,3.0000,1,61,0.010000,0.215249,2026-05-31T15:41:56.897150
1151,14.3000,2,97,0.010000,0.153984,2026-05-31T15:41:57.435969
1152,13.8500,1,94,0.010000,0.162943,2026-05-31T15:41:57.957735
1153,1.3500,0,50,0.010000,0.204610,2026-05-31T15:41:58.221389
1154,2.7000,0,59,0.010000,0.176627,2026-05-31T15:41:58.530172
1155,12.6500,1,86,0.010000,0.154407,2026-05-31T15:41:59.089901
1156,24.4000,2,125,0.010000,0.169830,2026-05-31T15:41:59.750081
1157,2.4000,0,57,0.010000,0.162795,2026-05-31T15:42:00.084558
1158,1.3500,0,50,0.010000,0.150879,2026-05-31T15:42:00.348649
1159,2.7000,0,59,0.010000,0.162119,2026-05-31T15:42:00.679276
1160,2.1000,0,55,0.010000,0.129940,2026-05-31T15:42:00.980657
1161,14.1500,1,96,0.010000,0.180370,2026-05-31T15:42:01.500187
1162,12.6500,1,86,0.010000,0.173120,2026-05-31T15:42:02.082881
1163,1.3500,0,50,0.010000,0.128787,2026-05-31T15:42:02.489123
1164,23.9500,2,122,0.010000,0.160787,2026-05-31T15:42:03.255122
1165,12.6500,1,86,0.010000,0.169011,2026-05-31T15:42:03.733974
1166,2.4000,0,57,0.010000,0.173094,2026-05-31T15:42:04.036807
1167,1.3500,0,50,0.010000,0.186845,2026-05-31T15:42:04.300812
1168,9.2000,1,63,0.010000,0.137616,2026-05-31T15:42:04.633945
1169,1.3500,0,50,0.010000,0.160595,2026-05-31T15:42:04.894466
1170,13.7000,1,93,0.010000,0.173231,2026-05-31T15:42:05.455338
1171,1.3500,0,50,0.010000,0.156718,2026-05-31T15:42:05.823261
1172,14.1500,1,96,0.010000,0.181963,2026-05-31T15:42:06.356573
1173,21.5500,2,106,0.010000,0.149491,2026-05-31T15:42:06.890235
1174,1.3500,0,50,0.010000,0.185066,2026-05-31T15:42:07.151387
1175,2.1000,0,55,0.010000,0.144535,2026-05-31T15:42:07.440477
1176,9.9500,1,68,0.010000,0.191951,2026-05-31T15:42:07.803982
1177,9.0500,1,62,0.010000,0.174676,2026-05-31T15:42:08.252860
1178,9.0500,1,62,0.010000,0.210126,2026-05-31T15:42:08.576715
1179,1.3500,0,50,0.010000,0.171503,2026-05-31T15:42:08.835907
1180,12.6500,1,86,0.010000,0.172732,2026-05-31T15:42:09.278015
1181,9.0500,1,62,0.010000,0.136756,2026-05-31T15:42:09.779923
1182,1.9500,0,54,0.010000,0.145060,2026-05-31T15:42:10.149195
1183,9.0500,1,62,0.010000,0.172558,2026-05-31T15:42:10.460516
1184,1.3500,0,50,0.010000,0.144679,2026-05-31T15:42:10.724043
1185,24.7000,2,127,0.010000,0.158991,2026-05-31T15:42:11.447379
1186,1.3500,0,50,0.010000,0.208356,2026-05-31T15:42:11.750497
1187,1.6500,0,52,0.010000,0.152741,2026-05-31T15:42:12.046903
1188,23.9500,2,122,0.010000,0.193975,2026-05-31T15:42:12.686439
1189,1.3500,0,50,0.010000,0.154571,2026-05-31T15:42:12.957592
1190,3.0000,1,61,0.010000,0.145328,2026-05-31T15:42:13.296492
1191,1.8000,0,53,0.010000,0.161962,2026-05-31T15:42:13.575474
1192,2.5500,0,58,0.010000,0.166743,2026-05-31T15:42:13.891421
1193,12.6500,1,86,0.010000,0.141626,2026-05-31T15:42:14.340055
1194,1.3500,0,50,0.010000,0.158146,2026-05-31T15:42:14.611165
1195,1.3500,0,50,0.010000,0.207717,2026-05-31T15:42:14.899418
1196,12.6500,1,86,0.010000,0.189070,2026-05-31T15:42:15.350111
1197,1.3500,0,50,0.010000,0.174179,2026-05-31T15:42:15.603843
1198,31.8000,3,135,0.010000,0.167388,2026-05-31T15:42:16.535593
1199,1.3500,0,50,0.010000,0.167928,2026-05-31T15:42:16.888871
1200,1.3500,0,50,0.010000,0.143630,2026-05-31T15:42:17.228110
1201,37.6500,3,174,0.010000,0.184081,2026-05-31T15:42:18.492298
1202,12.6500,1,86,0.010000,0.165188,2026-05-31T15:42:18.932214
1203,3.0000,1,61,0.010000,0.171310,2026-05-31T15:42:19.238814
1204,1.3500,0,50,0.010000,0.132704,2026-05-31T15:42:19.546390
1205,12.6500,1,86,0.010000,0.181285,2026-05-31T15:42:20.143480
1206,23.9500,2,122,0.010000,0.172933,2026-05-31T15:42:20.787967
1207,1.3500,0,50,0.010000,0.183170,2026-05-31T15:42:21.057186
1208,12.6500,1,86,0.010000,0.167165,2026-05-31T15:42:21.538061
1209,1.3500,0,50,0.010000,0.187790,2026-05-31T15:42:21.832872
1210,1.3500,0,50,0.010000,0.186118,2026-05-31T15:42:22.093163
1211,9.9500,1,68,0.010000,0.187533,2026-05-31T15:42:22.450990
1212,20.6500,2,100,0.010000,0.166947,2026-05-31T15:42:23.006245
1213,12.6500,1,86,0.010000,0.188437,2026-05-31T15:42:23.458619
1214,12.6500,1,86,0.010000,0.161414,2026-05-31T15:42:23.950835
1215,12.6500,1,86,0.010000,0.175810,2026-05-31T15:42:24.493040
1216,1.6500,0,52,0.010000,0.185234,2026-05-31T15:42:24.789933
1217,1.3500,0,50,0.010000,0.169344,2026-05-31T15:42:25.051617
1218,1.3500,0,50,0.010000,0.164618,2026-05-31T15:42:25.318873
1219,12.6500,1,86,0.010000,0.147642,2026-05-31T15:42:25.785105
1220,12.6500,1,86,0.010000,0.164437,2026-05-31T15:42:26.227406
1221,9.5000,1,65,0.010000,0.177218,2026-05-31T15:42:26.570832
1222,2.8500,0,60,0.010000,0.178156,2026-05-31T15:42:26.907651
1223,12.6500,1,86,0.010000,0.165644,2026-05-31T15:42:27.423660
1224,1.3500,0,50,0.010000,0.147709,2026-05-31T15:42:27.687122
1225,12.6500,1,86,0.010000,0.173324,2026-05-31T15:42:28.160127
1226,1.3500,0,50,0.010000,0.154504,2026-05-31T15:42:28.459738
1227,23.9500,2,122,0.010000,0.182901,2026-05-31T15:42:29.119159
1228,12.6500,1,86,0.010000,0.179697,2026-05-31T15:42:29.614420
1229,1.3500,0,50,0.010000,0.167221,2026-05-31T15:42:29.885762
1230,9.0500,1,62,0.010000,0.173924,2026-05-31T15:42:30.234384
1231,3.0000,1,61,0.010000,0.165429,2026-05-31T15:42:30.557991
1232,9.6500,1,66,0.010000,0.163836,2026-05-31T15:42:30.922090
1233,1.3500,0,50,0.010000,0.160401,2026-05-31T15:42:31.214776
1234,1.3500,0,50,0.010000,0.201118,2026-05-31T15:42:31.475876
1235,12.6500,1,86,0.010000,0.154527,2026-05-31T15:42:31.959318
1236,1.3500,0,50,0.010000,0.148726,2026-05-31T15:42:32.268371
1237,12.6500,1,86,0.010000,0.181925,2026-05-31T15:42:32.756470
1238,1.3500,0,50,0.010000,0.185827,2026-05-31T15:42:33.022535
1239,1.3500,0,50,0.010000,0.186815,2026-05-31T15:42:33.284139
1240,1.6500,0,52,0.010000,0.232528,2026-05-31T15:42:33.576723
1241,9.8000,1,67,0.010000,0.155928,2026-05-31T15:42:33.936336
1242,9.0500,1,62,0.010000,0.183183,2026-05-31T15:42:34.261574
1243,12.6500,1,86,0.010000,0.175527,2026-05-31T15:42:34.726229
1244,12.6500,1,86,0.010000,0.183376,2026-05-31T15:42:35.173940
1245,1.3500,0,50,0.010000,0.174398,2026-05-31T15:42:35.449248
1246,2.1000,0,55,0.010000,0.200403,2026-05-31T15:42:35.779629
1247,2.5500,0,58,0.010000,0.181208,2026-05-31T15:42:36.105170
1248,3.0000,1,61,0.010000,0.169302,2026-05-31T15:42:36.444590
1249,23.9500,2,122,0.010000,0.189557,2026-05-31T15:42:37.107686
1250,9.0500,1,62,0.010000,0.173783,2026-05-31T15:42:37.436898
1251,1.3500,0,50,0.010000,0.190519,2026-05-31T15:42:37.805287
1252,1.3500,0,50,0.010000,0.175879,2026-05-31T15:42:38.136812
1253,21.4000,2,105,0.010000,0.159845,2026-05-31T15:42:38.691701
1254,12.6500,1,86,0.010000,0.201347,2026-05-31T15:42:39.152562
1255,21.2500,2,104,0.010000,0.201504,2026-05-31T15:42:39.722107
1256,12.6500,1,86,0.010000,0.179458,2026-05-31T15:42:40.168200
1257,12.6500,1,86,0.010000,0.184750,2026-05-31T15:42:40.621957
1258,1.3500,0,50,0.010000,0.161481,2026-05-31T15:42:40.908458
1259,24.7000,2,127,0.010000,0.188854,2026-05-31T15:42:41.592617
1260,12.6500,1,86,0.010000,0.195466,2026-05-31T15:42:42.050825
1261,12.6500,1,86,0.010000,0.206178,2026-05-31T15:42:42.499727
1262,1.3500,0,50,0.010000,0.176202,2026-05-31T15:42:42.764485
1263,9.6500,1,66,0.010000,0.211773,2026-05-31T15:42:43.120971
1264,20.9500,2,102,0.010000,0.188807,2026-05-31T15:42:43.672191
1265,12.9500,1,88,0.010000,0.171206,2026-05-31T15:42:44.137698
1266,1.3500,0,50,0.010000,0.215875,2026-05-31T15:42:44.430816
1267,36.0000,3,163,0.010000,0.160443,2026-05-31T15:42:45.333725
1268,12.6500,1,86,0.010000,0.192575,2026-05-31T15:42:45.822498
1269,13.7000,1,93,0.010000,0.216996,2026-05-31T15:42:46.474168
1270,1.3500,0,50,0.010000,0.178410,2026-05-31T15:42:46.834959
1271,12.6500,1,86,0.010000,0.190777,2026-05-31T15:42:47.414468
1272,9.2000,1,63,0.010000,0.181133,2026-05-31T15:42:47.862792
1273,12.6500,1,86,0.010000,0.215807,2026-05-31T15:42:48.429849
1274,12.8000,1,87,0.010000,0.187200,2026-05-31T15:42:48.926851
1275,23.9500,2,122,0.010000,0.170066,2026-05-31T15:42:49.896196
1276,1.3500,0,50,0.010000,0.242344,2026-05-31T15:42:50.160962
1277,2.8500,0,60,0.010000,0.208323,2026-05-31T15:42:50.478705
1278,1.3500,0,50,0.010000,0.204614,2026-05-31T15:42:50.743789
1279,1.3500,0,50,0.010000,0.178044,2026-05-31T15:42:51.021995
1280,1.3500,0,50,0.010000,0.187002,2026-05-31T15:42:51.300814
1281,1.3500,0,50,0.010000,0.212978,2026-05-31T15:42:51.569531
1282,12.6500,1,86,0.010000,0.188058,2026-05-31T15:42:52.031608
1283,12.6500,1,86,0.010000,0.191420,2026-05-31T15:42:52.483929
1284,2.5500,0,58,0.010000,0.201034,2026-05-31T15:42:52.823364
1285,12.6500,1,86,0.010000,0.191468,2026-05-31T15:42:53.324054
1286,1.3500,0,50,0.010000,0.204134,2026-05-31T15:42:53.638588
1287,1.3500,0,50,0.010000,0.153008,2026-05-31T15:42:53.912524
1288,1.3500,0,50,0.010000,0.189197,2026-05-31T15:42:54.173768
1289,12.6500,1,86,0.010000,0.185185,2026-05-31T15:42:54.632128
1290,1.3500,0,50,0.010000,0.202489,2026-05-31T15:42:54.932484
1291,1.3500,0,50,0.010000,0.163085,2026-05-31T15:42:55.225982
1292,1.3500,0,50,0.010000,0.151336,2026-05-31T15:42:55.789219
1293,1.3500,0,50,0.010000,0.194823,2026-05-31T15:42:56.082245
1294,1.3500,0,50,0.010000,0.218650,2026-05-31T15:42:56.348056
1295,1.3500,0,50,0.010000,0.215325,2026-05-31T15:42:56.625774
1296,1.3500,0,50,0.010000,0.190476,2026-05-31T15:42:56.923544
1297,1.3500,0,50,0.010000,0.156209,2026-05-31T15:42:57.182935
1298,23.9500,2,122,0.010000,0.187975,2026-05-31T15:42:57.859785
1299,12.6500,1,86,0.010000,0.207241,2026-05-31T15:42:58.309242
1300,1.3500,0,50,0.010000,0.162972,2026-05-31T15:42:58.575666
1301,1.3500,0,50,0.010000,0.189395,2026-05-31T15:42:58.848142
1302,1.3500,0,50,0.010000,0.165259,2026-05-31T15:42:59.141803
1303,1.3500,0,50,0.010000,0.226467,2026-05-31T15:42:59.416050
1304,1.3500,0,50,0.010000,0.204426,2026-05-31T15:42:59.691209
1305,1.3500,0,50,0.010000,0.160050,2026-05-31T15:42:59.961111
1306,1.3500,0,50,0.010000,0.199230,2026-05-31T15:43:00.218938
1307,1.3500,0,50,0.010000,0.206897,2026-05-31T15:43:00.541046
1308,1.3500,0,50,0.010000,0.179771,2026-05-31T15:43:00.844213
1309,1.3500,0,50,0.010000,0.209258,2026-05-31T15:43:01.121398
1310,12.6500,1,86,0.010000,0.210636,2026-05-31T15:43:01.578762
1311,1.3500,0,50,0.010000,0.178537,2026-05-31T15:43:01.921625
1312,1.3500,0,50,0.010000,0.165892,2026-05-31T15:43:02.215838
1313,2.7000,0,59,0.010000,0.153507,2026-05-31T15:43:02.542425
1314,1.5000,0,51,0.010000,0.170088,2026-05-31T15:43:02.820977
1315,3.0000,1,61,0.010000,0.173913,2026-05-31T15:43:03.136437
1316,23.9500,2,122,0.010000,0.175941,2026-05-31T15:43:03.798534
1317,1.3500,0,50,0.010000,0.173608,2026-05-31T15:43:04.077182
1318,1.3500,0,50,0.010000,0.190088,2026-05-31T15:43:04.341703
1319,1.3500,0,50,0.010000,0.177720,2026-05-31T15:43:04.603943
1320,66.4500,6,248,0.010000,0.192422,2026-05-31T15:43:05.978895
1321,2.8500,0,60,0.010000,0.210964,2026-05-31T15:43:06.297785
1322,1.3500,0,50,0.010000,0.217685,2026-05-31T15:43:06.558349
1323,1.3500,0,50,0.010000,0.178426,2026-05-31T15:43:06.820416
1324,1.3500,0,50,0.010000,0.184001,2026-05-31T15:43:07.099680
1325,1.3500,0,50,0.010000,0.160751,2026-05-31T15:43:07.363017
1326,12.6500,1,86,0.010000,0.177211,2026-05-31T15:43:07.834669
1327,1.3500,0,50,0.010000,0.177842,2026-05-31T15:43:08.172313
1328,2.5500,0,58,0.010000,0.168418,2026-05-31T15:43:08.477254
1329,9.9500,1,68,0.010000,0.181373,2026-05-31T15:43:08.842829
1330,1.3500,0,50,0.010000,0.206810,2026-05-31T15:43:09.124667
1331,12.6500,1,86,0.010000,0.160265,2026-05-31T15:43:09.648252
1332,1.3500,0,50,0.010000,0.251229,2026-05-31T15:43:09.938889
1333,1.3500,0,50,0.010000,0.179073,2026-05-31T15:43:10.200754
1334,12.6500,1,86,0.010000,0.186332,2026-05-31T15:43:10.655218
1335,24.4000,2,125,0.010000,0.185364,2026-05-31T15:43:11.319237
1336,21.4000,2,105,0.010000,0.207526,2026-05-31T15:43:11.888477
1337,1.3500,0,50,0.010000,0.204910,2026-05-31T15:43:12.150449
1338,1.3500,0,50,0.010000,0.210676,2026-05-31T15:43:12.414907
1339,1.3500,0,50,0.010000,0.148732,2026-05-31T15:43:12.687462
1340,23.9500,2,122,0.010000,0.205624,2026-05-31T15:43:13.344478
1341,1.3500,0,50,0.010000,0.175876,2026-05-31T15:43:13.618995
1342,32.2500,3,138,0.010000,0.194652,2026-05-31T15:43:14.369164
1343,12.6500,1,86,0.010000,0.200977,2026-05-31T15:43:14.818398
1344,1.3500,0,50,0.010000,0.206105,2026-05-31T15:43:15.093831
1345,1.3500,0,50,0.010000,0.181795,2026-05-31T15:43:15.362408
1346,1.3500,0,50,0.010000,0.184916,2026-05-31T15:43:15.636526
1347,23.9500,2,122,0.010000,0.202937,2026-05-31T15:43:16.400718
1348,1.3500,0,50,0.010000,0.157643,2026-05-31T15:43:16.753250
1349,14.0000,1,95,0.010000,0.215467,2026-05-31T15:43:17.397806
1350,1.3500,0,50,0.010000,0.208496,2026-05-31T15:43:17.808084
1351,1.3500,0,50,0.010000,0.252746,2026-05-31T15:43:18.294458
1352,1.3500,0,50,0.010000,0.224180,2026-05-31T15:43:18.650402
1353,1.3500,0,50,0.010000,0.186037,2026-05-31T15:43:18.917678
1354,1.3500,0,50,0.010000,0.205348,2026-05-31T15:43:19.183566
1355,2.4000,0,57,0.010000,0.212837,2026-05-31T15:43:19.520252
1356,2.7000,0,59,0.010000,0.166533,2026-05-31T15:43:19.971592
1357,1.3500,0,50,0.010000,0.191271,2026-05-31T15:43:20.233999
1358,1.3500,0,50,0.010000,0.236893,2026-05-31T15:43:20.497553
1359,1.3500,0,50,0.010000,0.193535,2026-05-31T15:43:20.760017
1360,1.3500,0,50,0.010000,0.215964,2026-05-31T15:43:21.021827
1361,1.3500,0,50,0.010000,0.197056,2026-05-31T15:43:21.294535
1362,24.1000,2,123,0.010000,0.175319,2026-05-31T15:43:22.190540
1363,1.3500,0,50,0.010000,0.204582,2026-05-31T15:43:22.457622
1364,1.3500,0,50,0.010000,0.138257,2026-05-31T15:43:22.902634
1365,1.3500,0,50,0.010000,0.207090,2026-05-31T15:43:23.167407
1366,1.3500,0,50,0.010000,0.218324,2026-05-31T15:43:23.432450
1367,1.3500,0,50,0.010000,0.189882,2026-05-31T15:43:23.708859
1368,12.6500,1,86,0.010000,0.204135,2026-05-31T15:43:24.257116
1369,1.3500,0,50,0.010000,0.179467,2026-05-31T15:43:24.517423
1370,1.3500,0,50,0.010000,0.230623,2026-05-31T15:43:24.807623
1371,1.3500,0,50,0.010000,0.200845,2026-05-31T15:43:25.186488
1372,1.3500,0,50,0.010000,0.166896,2026-05-31T15:43:25.450490
1373,12.6500,1,86,0.010000,0.187454,2026-05-31T15:43:25.979822
1374,1.3500,0,50,0.010000,0.229658,2026-05-31T15:43:26.248013
1375,1.3500,0,50,0.010000,0.165019,2026-05-31T15:43:26.514694
1376,36.0000,3,163,0.010000,0.175679,2026-05-31T15:43:29.333958
1377,1.3500,0,50,0.010000,0.184114,2026-05-31T15:43:30.224602
1378,12.6500,1,86,0.010000,0.187609,2026-05-31T15:43:31.622584
1379,56.2000,5,219,0.010000,0.186043,2026-05-31T15:43:33.329931
1380,12.6500,1,86,0.010000,0.211218,2026-05-31T15:43:33.920501
1381,1.3500,0,50,0.010000,0.221961,2026-05-31T15:43:34.270944
1382,1.3500,0,50,0.010000,0.186524,2026-05-31T15:43:34.676621
1383,1.3500,0,50,0.010000,0.229398,2026-05-31T15:43:35.151408
1384,1.3500,0,50,0.010000,0.225499,2026-05-31T15:43:35.512891
1385,1.3500,0,50,0.010000,0.202968,2026-05-31T15:43:35.872223
1386,9.6500,1,66,0.010000,0.208000,2026-05-31T15:43:36.359795
1387,1.3500,0,50,0.010000,0.214699,2026-05-31T15:43:36.750026
1388,12.6500,1,86,0.010000,0.225944,2026-05-31T15:43:37.683632
1389,2.4000,0,57,0.010000,0.218343,2026-05-31T15:43:38.160379
1390,1.9500,0,54,0.010000,0.172582,2026-05-31T15:43:38.679496
1391,12.6500,1,86,0.010000,0.228977,2026-05-31T15:43:39.375860
1392,1.3500,0,50,0.010000,0.213746,2026-05-31T15:43:39.729390
1393,1.3500,0,50,0.010000,0.192538,2026-05-31T15:43:40.164163
1394,1.3500,0,50,0.010000,0.209183,2026-05-31T15:43:40.825097
1395,1.3500,0,50,0.010000,0.181795,2026-05-31T15:43:41.164806
1396,12.6500,1,86,0.010000,0.221131,2026-05-31T15:43:41.837739
1397,1.3500,0,50,0.010000,0.243698,2026-05-31T15:43:42.167391
1398,1.3500,0,50,0.010000,0.230201,2026-05-31T15:43:42.532168
1399,2.1000,0,55,0.010000,0.196674,2026-05-31T15:43:43.217011
1400,1.3500,0,50,0.010000,0.212548,2026-05-31T15:43:43.569951
1401,1.3500,0,50,0.010000,0.172832,2026-05-31T15:43:44.008368
1402,1.3500,0,50,0.010000,0.198406,2026-05-31T15:43:44.459869
1403,14.0000,1,95,0.010000,0.221070,2026-05-31T15:43:45.435625
1404,1.3500,0,50,0.010000,0.204798,2026-05-31T15:43:45.989789
1405,14.0000,1,95,0.010000,0.183404,2026-05-31T15:43:46.847034
1406,1.3500,0,50,0.010000,0.192391,2026-05-31T15:43:47.284838
1407,12.6500,1,86,0.010000,0.211953,2026-05-31T15:43:48.113657
1408,23.9500,2,122,0.010000,0.193296,2026-05-31T15:43:49.087913
1409,1.6500,0,52,0.010000,0.205452,2026-05-31T15:43:49.528374
1410,1.3500,0,50,0.010000,0.205956,2026-05-31T15:43:50.243772
1411,12.6500,1,86,0.010000,0.185278,2026-05-31T15:43:50.893830
1412,70.6500,6,276,0.010000,0.203998,2026-05-31T15:43:52.672702
1413,2.5500,0,58,0.010000,0.187403,2026-05-31T15:43:53.052983
1414,1.3500,0,50,0.010000,0.189687,2026-05-31T15:43:53.441680
1415,1.8000,0,53,0.010000,0.187891,2026-05-31T15:43:53.840627
1416,12.6500,1,86,0.010000,0.203031,2026-05-31T15:43:54.510279
1417,2.8500,0,60,0.010000,0.187811,2026-05-31T15:43:55.022266
1418,1.3500,0,50,0.010000,0.208347,2026-05-31T15:43:55.366424
1419,12.6500,1,86,0.010000,0.233779,2026-05-31T15:43:56.251332
1420,1.3500,0,50,0.010000,0.189347,2026-05-31T15:43:56.562940
1421,1.3500,0,50,0.010000,0.188362,2026-05-31T15:43:56.951951
1422,1.8000,0,53,0.010000,0.184051,2026-05-31T15:43:57.284531
1423,1.3500,0,50,0.010000,0.195971,2026-05-31T15:43:57.641995
1424,1.3500,0,50,0.010000,0.213924,2026-05-31T15:43:57.980014
1425,58.6000,5,235,0.010000,0.226818,2026-05-31T15:43:59.908699
1426,1.3500,0,50,0.010000,0.195590,2026-05-31T15:44:00.233215
1427,1.3500,0,50,0.010000,0.226929,2026-05-31T15:44:00.690805
1428,9.9500,1,68,0.010000,0.182600,2026-05-31T15:44:01.207821
1429,12.6500,1,86,0.010000,0.224164,2026-05-31T15:44:01.805329
1430,36.0000,3,163,0.010000,0.204975,2026-05-31T15:44:02.981273
1431,1.3500,0,50,0.010000,0.214994,2026-05-31T15:44:03.365353
1432,1.3500,0,50,0.010000,0.240691,2026-05-31T15:44:03.729075
1433,2.1000,0,55,0.010000,0.179366,2026-05-31T15:44:04.153208
1434,1.3500,0,50,0.010000,0.239622,2026-05-31T15:44:04.572418
1435,1.3500,0,50,0.010000,0.183203,2026-05-31T15:44:04.960774
1436,1.9500,0,54,0.010000,0.236243,2026-05-31T15:44:05.525555
1437,1.3500,0,50,0.010000,0.219233,2026-05-31T15:44:05.902415
1438,12.6500,1,86,0.010000,0.195946,2026-05-31T15:44:06.670273
1439,1.3500,0,50,0.010000,0.217327,2026-05-31T15:44:07.255862
1440,12.6500,1,86,0.010000,0.185416,2026-05-31T15:44:07.804335
1441,12.6500,1,86,0.010000,0.228912,2026-05-31T15:44:08.386244
1442,37.3500,3,172,0.010000,0.211230,2026-05-31T15:44:09.670170
1443,13.1000,1,89,0.010000,0.208232,2026-05-31T15:44:10.294585
1444,2.7000,0,59,0.010000,0.166336,2026-05-31T15:44:10.727805
1445,10.1000,1,69,0.010000,0.200246,2026-05-31T15:44:11.302211
1446,1.3500,0,50,0.010000,0.208826,2026-05-31T15:44:11.718307
1447,1.3500,0,50,0.010000,0.228967,2026-05-31T15:44:12.340715
1448,1.3500,0,50,0.010000,0.198700,2026-05-31T15:44:12.676530
1449,12.6500,1,86,0.010000,0.203237,2026-05-31T15:44:13.326753
1450,1.3500,0,50,0.010000,0.211301,2026-05-31T15:44:13.693831
1451,1.3500,0,50,0.010000,0.217860,2026-05-31T15:44:14.161564
1452,32.4000,3,139,0.010000,0.231954,2026-05-31T15:44:15.226970
1453,1.3500,0,50,0.010000,0.212487,2026-05-31T15:44:15.606268
1454,23.9500,2,122,0.010000,0.215830,2026-05-31T15:44:16.769294
1455,1.3500,0,50,0.010000,0.250325,2026-05-31T15:44:17.198271
1456,1.3500,0,50,0.010000,0.254742,2026-05-31T15:44:17.638378
1457,36.0000,3,163,0.010000,0.222208,2026-05-31T15:44:19.044403
1458,2.1000,0,55,0.010000,0.244998,2026-05-31T15:44:19.396874
1459,12.6500,1,86,0.010000,0.224310,2026-05-31T15:44:20.048302
1460,2.4000,0,57,0.010000,0.206401,2026-05-31T15:44:20.472780
1461,2.2500,0,56,0.010000,0.222459,2026-05-31T15:44:20.830868
1462,1.3500,0,50,0.010000,0.263722,2026-05-31T15:44:21.171664
1463,23.9500,2,122,0.010000,0.225736,2026-05-31T15:44:21.957938
1464,1.3500,0,50,0.010000,0.214165,2026-05-31T15:44:22.498663
1465,1.3500,0,50,0.010000,0.235839,2026-05-31T15:44:22.944629
1466,23.9500,2,122,0.010000,0.190180,2026-05-31T15:44:23.777638
1467,1.3500,0,50,0.010000,0.229545,2026-05-31T15:44:24.138964
1468,13.5500,1,92,0.010000,0.224890,2026-05-31T15:44:24.732816
1469,1.3500,0,50,0.010000,0.268098,2026-05-31T15:44:25.047837
1470,1.3500,0,50,0.010000,0.244591,2026-05-31T15:44:25.417595
1471,13.5500,1,92,0.010000,0.237064,2026-05-31T15:44:26.066198
1472,1.3500,0,50,0.010000,0.251503,2026-05-31T15:44:26.388489
1473,1.3500,0,50,0.010000,0.246319,2026-05-31T15:44:26.788521
1474,1.3500,0,50,0.010000,0.218217,2026-05-31T15:44:27.113070
1475,44.1500,4,178,0.010000,0.199498,2026-05-31T15:44:28.464865
1476,1.3500,0,50,0.010000,0.203061,2026-05-31T15:44:29.124942
1477,1.3500,0,50,0.010000,0.197641,2026-05-31T15:44:29.485108
1478,1.3500,0,50,0.010000,0.273695,2026-05-31T15:44:29.913506
1479,1.3500,0,50,0.010000,0.218126,2026-05-31T15:44:30.331286
1480,1.3500,0,50,0.010000,0.270146,2026-05-31T15:44:30.701917
1481,12.6500,1,86,0.010000,0.225488,2026-05-31T15:44:31.370497
1482,25.1500,2,130,0.010000,0.232521,2026-05-31T15:44:32.247663
1483,1.3500,0,50,0.010000,0.215780,2026-05-31T15:44:32.604745
1484,36.4500,3,166,0.010000,0.223096,2026-05-31T15:44:33.667788
1485,1.3500,0,50,0.010000,0.238333,2026-05-31T15:44:34.031926
1486,13.7000,1,93,0.010000,0.223068,2026-05-31T15:44:34.636832
1487,1.3500,0,50,0.010000,0.226329,2026-05-31T15:44:34.992490
1488,24.5500,2,126,0.010000,0.230357,2026-05-31T15:44:35.884003
1489,2.2500,0,56,0.010000,0.244713,2026-05-31T15:44:36.640418
1490,9.6500,1,66,0.010000,0.211001,2026-05-31T15:44:37.099474
1491,1.3500,0,50,0.010000,0.227839,2026-05-31T15:44:37.448759
1492,2.2500,0,56,0.010000,0.235210,2026-05-31T15:44:37.916903
1493,9.5000,1,65,0.010000,0.221910,2026-05-31T15:44:38.478405
1494,32.8500,3,142,0.010000,0.205617,2026-05-31T15:44:39.508742
1495,1.3500,0,50,0.010000,0.192701,2026-05-31T15:44:40.091171
1496,1.3500,0,50,0.010000,0.251717,2026-05-31T15:44:40.446642
1497,2.5500,0,58,0.010000,0.217824,2026-05-31T15:44:40.861363
1498,1.3500,0,50,0.010000,0.239713,2026-05-31T15:44:41.198521
1499,58.6000,5,235,0.010000,0.233406,2026-05-31T15:44:42.763845
1500,1.5000,0,51,0.010000,0.249416,2026-05-31T15:44:43.121151
1501,1.3500,0,50,0.010000,0.208031,2026-05-31T15:44:43.447728
1502,1.3500,0,50,0.010000,0.167481,2026-05-31T15:44:43.989261
1503,36.0000,3,163,0.010000,0.233538,2026-05-31T15:44:45.006838
1504,1.3500,0,50,0.010000,0.214829,2026-05-31T15:44:45.408698
1505,2.2500,0,56,0.010000,0.239240,2026-05-31T15:44:45.959344
1506,2.1000,0,55,0.010000,0.244021,2026-05-31T15:44:46.482417
1507,14.3000,2,97,0.010000,0.250779,2026-05-31T15:44:47.563154
1508,47.3000,4,199,0.010000,0.238125,2026-05-31T15:44:49.246944
1509,1.3500,0,50,0.010000,0.207156,2026-05-31T15:44:49.617576
1510,2.2500,0,56,0.010000,0.201147,2026-05-31T15:44:50.043168
1511,83.3000,7,321,0.010000,0.209457,2026-05-31T15:44:52.322952
1512,9.2000,1,63,0.010000,0.244396,2026-05-31T15:44:52.734063
1513,36.0000,3,163,0.010000,0.218980,2026-05-31T15:44:53.739753
1514,36.0000,3,163,0.010000,0.242428,2026-05-31T15:44:54.744659
1515,12.6500,1,86,0.010000,0.200502,2026-05-31T15:44:55.344530
1516,12.6500,1,86,0.010000,0.231934,2026-05-31T15:44:55.894367
1517,12.6500,1,86,0.010000,0.274522,2026-05-31T15:44:56.455374
1518,1.3500,0,50,0.010000,0.183617,2026-05-31T15:44:56.777727
1519,12.6500,1,86,0.010000,0.245272,2026-05-31T15:44:57.475817
1520,2.1000,0,55,0.010000,0.201950,2026-05-31T15:44:58.021858
1521,13.4000,1,91,0.010000,0.264907,2026-05-31T15:44:58.610823
1522,2.7000,0,59,0.010000,0.232598,2026-05-31T15:44:59.167567
1523,36.9000,3,169,0.010000,0.242171,2026-05-31T15:45:00.245415
1524,9.0500,1,62,0.010000,0.299427,2026-05-31T15:45:00.768068
1525,9.6500,1,66,0.010000,0.221255,2026-05-31T15:45:01.195017
1526,25.6000,3,133,0.010000,0.245566,2026-05-31T15:45:02.051468
1527,12.6500,1,86,0.010000,0.251569,2026-05-31T15:45:02.736833
1528,13.8500,1,94,0.010000,0.248626,2026-05-31T15:45:03.452131
1529,36.9000,3,169,0.010000,0.229813,2026-05-31T15:45:04.547738
1530,32.2500,3,138,0.010000,0.238439,2026-05-31T15:45:05.564727
1531,2.5500,0,58,0.010000,0.286688,2026-05-31T15:45:06.007269
1532,1.3500,0,50,0.010000,0.197230,2026-05-31T15:45:06.351512
1533,1.8000,0,53,0.010000,0.217050,2026-05-31T15:45:07.008623
1534,1.3500,0,50,0.010000,0.251169,2026-05-31T15:45:07.317736
1535,13.1000,1,89,0.010000,0.204002,2026-05-31T15:45:07.902837
1536,48.3500,4,206,0.010000,0.216284,2026-05-31T15:45:09.168385
1537,23.9500,2,122,0.010000,0.248088,2026-05-31T15:45:09.934450
1538,58.6000,5,235,0.010000,0.228362,2026-05-31T15:45:11.396544
1539,20.5000,2,99,0.010000,0.231688,2026-05-31T15:45:12.031909
1540,12.6500,1,86,0.010000,0.223763,2026-05-31T15:45:12.570559
1541,31.6500,3,134,0.010000,0.225757,2026-05-31T15:45:13.399729
1542,37.3500,3,172,0.010000,0.194573,2026-05-31T15:45:14.459349
1543,12.6500,1,86,0.010000,0.223167,2026-05-31T15:45:15.067195
1544,23.9500,2,122,0.010000,0.231574,2026-05-31T15:45:15.861641
1545,13.2500,1,90,0.010000,0.256426,2026-05-31T15:45:16.654472
1546,9.9500,1,68,0.010000,0.221092,2026-05-31T15:45:17.372266
1547,21.4000,2,105,0.010000,0.265335,2026-05-31T15:45:18.487821
1548,14.3000,2,97,0.010000,0.224891,2026-05-31T15:45:19.189809
1549,13.7000,1,93,0.010000,0.238341,2026-05-31T15:45:19.792459
1550,13.2500,1,90,0.010000,0.209889,2026-05-31T15:45:20.494011
1551,60.2500,5,246,0.010000,0.227611,2026-05-31T15:45:21.997648
1552,9.0500,1,62,0.010000,0.193146,2026-05-31T15:45:22.412842
1553,23.9500,2,122,0.010000,0.225656,2026-05-31T15:45:23.261182
1554,23.9500,2,122,0.010000,0.243066,2026-05-31T15:45:24.018752
1555,93.2500,8,348,0.010000,0.252867,2026-05-31T15:45:26.174289
1556,3.0000,1,61,0.010000,0.262756,2026-05-31T15:45:26.654427
1557,12.6500,1,86,0.010000,0.233386,2026-05-31T15:45:27.248468
1558,47.3000,4,199,0.010000,0.226168,2026-05-31T15:45:28.474583
1559,9.9500,1,68,0.010000,0.241878,2026-05-31T15:45:29.129770
1560,23.9500,2,122,0.010000,0.246722,2026-05-31T15:45:29.900669
1561,2.4000,0,57,0.010000,0.281043,2026-05-31T15:45:30.279714
1562,9.2000,1,63,0.010000,0.242290,2026-05-31T15:45:30.713644
1563,2.1000,0,55,0.010000,0.217730,2026-05-31T15:45:31.138981
1564,12.6500,1,86,0.010000,0.234246,2026-05-31T15:45:31.674827
1565,12.6500,1,86,0.010000,0.213978,2026-05-31T15:45:32.358008
1566,20.6500,2,100,0.010000,0.233986,2026-05-31T15:45:32.974742
1567,9.5000,1,65,0.010000,0.268180,2026-05-31T15:45:33.402955
1568,9.6500,1,66,0.010000,0.220789,2026-05-31T15:45:33.823481
1569,20.6500,2,100,0.010000,0.223887,2026-05-31T15:45:34.465578
1570,9.9500,1,68,0.010000,0.223240,2026-05-31T15:45:34.908845
1571,20.3500,2,98,0.010000,0.221103,2026-05-31T15:45:35.561482
1572,2.2500,0,56,0.010000,0.250254,2026-05-31T15:45:35.942467
1573,1.3500,0,50,0.010000,0.249411,2026-05-31T15:45:36.458850
1574,24.8500,2,128,0.010000,0.210742,2026-05-31T15:45:37.231469
1575,1.3500,0,50,0.010000,0.220372,2026-05-31T15:45:37.530742
1576,1.3500,0,50,0.010000,0.199461,2026-05-31T15:45:37.883719
1577,1.3500,0,50,0.010000,0.240541,2026-05-31T15:45:38.369776
1578,32.7000,3,141,0.010000,0.218213,2026-05-31T15:45:39.481271
1579,14.0000,1,95,0.010000,0.227909,2026-05-31T15:45:40.132109
1580,9.0500,1,62,0.010000,0.221667,2026-05-31T15:45:40.533212
1581,12.8000,1,87,0.010000,0.212657,2026-05-31T15:45:41.096486
1582,23.9500,2,122,0.010000,0.226316,2026-05-31T15:45:41.931346
1583,23.9500,2,122,0.010000,0.265014,2026-05-31T15:45:42.759605
1584,23.9500,2,122,0.010000,0.226928,2026-05-31T15:45:43.701441
1585,12.6500,1,86,0.010000,0.199006,2026-05-31T15:45:44.304123
1586,20.9500,2,102,0.010000,0.231911,2026-05-31T15:45:45.316745
1587,1.3500,0,50,0.010000,0.243837,2026-05-31T15:45:45.838325
1588,1.3500,0,50,0.010000,0.215032,2026-05-31T15:45:46.402575
1589,14.0000,1,95,0.010000,0.257911,2026-05-31T15:45:47.546623
1590,31.9500,3,136,0.010000,0.239727,2026-05-31T15:45:48.735108
1591,23.9500,2,122,0.010000,0.195700,2026-05-31T15:45:49.545908
1592,9.6500,1,66,0.010000,0.196972,2026-05-31T15:45:50.099332
1593,2.5500,0,58,0.010000,0.180568,2026-05-31T15:45:50.671796
1594,55.6000,5,215,0.010000,0.239346,2026-05-31T15:45:52.087362
1595,12.6500,1,86,0.010000,0.261389,2026-05-31T15:45:52.701469
1596,12.6500,1,86,0.010000,0.199306,2026-05-31T15:45:53.290955
1597,1.3500,0,50,0.010000,0.227400,2026-05-31T15:45:53.611401
1598,59.8000,5,243,0.010000,0.222304,2026-05-31T15:45:55.256441
1599,12.6500,1,86,0.010000,0.229397,2026-05-31T15:45:55.829636
1600,12.6500,1,86,0.010000,0.226472,2026-05-31T15:45:56.448020
1601,25.4500,2,132,0.010000,0.209522,2026-05-31T15:45:57.669673
1602,10.1000,1,69,0.010000,0.212457,2026-05-31T15:45:58.226036
1603,9.5000,1,65,0.010000,0.223574,2026-05-31T15:45:58.676073
1604,1.3500,0,50,0.010000,0.246330,2026-05-31T15:45:59.125808
1605,1.8000,0,53,0.010000,0.209085,2026-05-31T15:45:59.507509
1606,1.3500,0,50,0.010000,0.177852,2026-05-31T15:45:59.851585
1607,1.3500,0,50,0.010000,0.271697,2026-05-31T15:46:00.207976
1608,9.2000,1,63,0.010000,0.257718,2026-05-31T15:46:00.659599
1609,9.2000,1,63,0.010000,0.228248,2026-05-31T15:46:01.178374
1610,1.3500,0,50,0.010000,0.248828,2026-05-31T15:46:01.637454
1611,3.0000,1,61,0.010000,0.188214,2026-05-31T15:46:02.288183
1612,12.6500,1,86,0.010000,0.277270,2026-05-31T15:46:03.219171
1613,12.6500,1,86,0.010000,0.227595,2026-05-31T15:46:03.986727
1614,21.2500,2,104,0.010000,0.268865,2026-05-31T15:46:04.623054
1615,1.3500,0,50,0.010000,0.213825,2026-05-31T15:46:05.094574
1616,32.7000,3,141,0.010000,0.217427,2026-05-31T15:46:05.989158
1617,14.0000,1,95,0.010000,0.244214,2026-05-31T15:46:06.596731
1618,31.8000,3,135,0.010000,0.236793,2026-05-31T15:46:07.482843
1619,12.9500,1,88,0.010000,0.246686,2026-05-31T15:46:08.122942
1620,25.0000,2,129,0.010000,0.217870,2026-05-31T15:46:09.026867
1621,3.0000,1,61,0.010000,0.258423,2026-05-31T15:46:09.441580
1622,9.2000,1,63,0.010000,0.242620,2026-05-31T15:46:09.867457
1623,9.2000,1,63,0.010000,0.235259,2026-05-31T15:46:10.285902
1624,9.0500,1,62,0.010000,0.202856,2026-05-31T15:46:10.704932
1625,12.6500,1,86,0.010000,0.235188,2026-05-31T15:46:11.427233
1626,13.4000,1,91,0.010000,0.229320,2026-05-31T15:46:12.032224
1627,9.0500,1,62,0.010000,0.229399,2026-05-31T15:46:12.516038
1628,60.2500,5,246,0.010000,0.233495,2026-05-31T15:46:14.029472
1629,2.7000,0,59,0.010000,0.224380,2026-05-31T15:46:14.440241
1630,1.3500,0,50,0.010000,0.206882,2026-05-31T15:46:14.776218
1631,1.3500,0,50,0.010000,0.233590,2026-05-31T15:46:15.101811
1632,47.9000,4,203,0.010000,0.219782,2026-05-31T15:46:16.742901
1633,9.5000,1,65,0.010000,0.242713,2026-05-31T15:46:17.284127
1634,2.8500,0,60,0.010000,0.213976,2026-05-31T15:46:17.813290
1635,2.4000,0,57,0.010000,0.248776,2026-05-31T15:46:18.423987
1636,2.4000,0,57,0.010000,0.245237,2026-05-31T15:46:18.908674
1637,2.5500,0,58,0.010000,0.257276,2026-05-31T15:46:19.576164
1638,13.5500,1,92,0.010000,0.225900,2026-05-31T15:46:20.515372
1639,9.3500,1,64,0.010000,0.225924,2026-05-31T15:46:21.184855
1640,2.4000,0,57,0.010000,0.244089,2026-05-31T15:46:21.630537
1641,12.6500,1,86,0.010000,0.222658,2026-05-31T15:46:22.280301
1642,1.3500,0,50,0.010000,0.263569,2026-05-31T15:46:22.670910
1643,3.0000,1,61,0.010000,0.226319,2026-05-31T15:46:23.478731
1644,1.3500,0,50,0.010000,0.289132,2026-05-31T15:46:23.899179
1645,1.3500,0,50,0.010000,0.254314,2026-05-31T15:46:24.301779
1646,9.8000,1,67,0.010000,0.249017,2026-05-31T15:46:24.801051
1647,1.3500,0,50,0.010000,0.193903,2026-05-31T15:46:25.210290
1648,2.5500,0,58,0.010000,0.246275,2026-05-31T15:46:25.696481
1649,9.3500,1,64,0.010000,0.230456,2026-05-31T15:46:26.264849
1650,1.3500,0,50,0.010000,0.237414,2026-05-31T15:46:26.810931
1651,9.0500,1,62,0.010000,0.195672,2026-05-31T15:46:27.463796
1652,1.3500,0,50,0.010000,0.245927,2026-05-31T15:46:28.204122
1653,2.8500,0,60,0.010000,0.262578,2026-05-31T15:46:28.847051
1654,9.9500,1,68,0.010000,0.236574,2026-05-31T15:46:29.574884
1655,13.5500,1,92,0.010000,0.242371,2026-05-31T15:46:30.365804
1656,32.2500,3,138,0.010000,0.258558,2026-05-31T15:46:31.432266
1657,2.4000,0,57,0.010000,0.242285,2026-05-31T15:46:31.888961
1658,1.6500,0,52,0.010000,0.240260,2026-05-31T15:46:32.359559
1659,1.3500,0,50,0.010000,0.218423,2026-05-31T15:46:32.702034
1660,3.0000,1,61,0.010000,0.240801,2026-05-31T15:46:33.172202
1661,9.0500,1,62,0.010000,0.232454,2026-05-31T15:46:33.657299
1662,12.6500,1,86,0.010000,0.201470,2026-05-31T15:46:34.289484
1663,31.8000,3,135,0.010000,0.243042,2026-05-31T15:46:35.374396
1664,37.3500,3,172,0.010000,0.236062,2026-05-31T15:46:36.651993
1665,37.8000,4,175,0.010000,0.262821,2026-05-31T15:46:38.611051
1666,72.0000,6,285,0.010000,0.227808,2026-05-31T15:46:40.624549
1667,36.6000,3,167,0.010000,0.206112,2026-05-31T15:46:41.751359
1668,13.5500,1,92,0.010000,0.216583,2026-05-31T15:46:42.436969
1669,9.2000,1,63,0.010000,0.229442,2026-05-31T15:46:42.879484
1670,0.0000,0,41,0.010000,0.286420,2026-05-31T15:46:43.164863
1671,1.3500,0,50,0.010000,0.267187,2026-05-31T15:46:43.612025
1672,12.6500,1,86,0.010000,0.257408,2026-05-31T15:46:44.343427
1673,2.2500,0,56,0.010000,0.215589,2026-05-31T15:46:45.041293
1674,12.6500,1,86,0.010000,0.219374,2026-05-31T15:46:45.707492
1675,12.9500,1,88,0.010000,0.263358,2026-05-31T15:46:46.922402
1676,9.0500,1,62,0.010000,0.187183,2026-05-31T15:46:47.715959
1677,37.0500,3,170,0.010000,0.225744,2026-05-31T15:46:49.474574
1678,2.5500,0,58,0.010000,0.222305,2026-05-31T15:46:49.905187
1679,3.0000,1,61,0.010000,0.200957,2026-05-31T15:46:50.386333
1680,3.0000,1,61,0.010000,0.233466,2026-05-31T15:46:51.051646
1681,58.6000,5,235,0.010000,0.233319,2026-05-31T15:46:52.751725
1682,1.3500,0,50,0.010000,0.290185,2026-05-31T15:46:53.141732
1683,20.8000,2,101,0.010000,0.263456,2026-05-31T15:46:54.176290
1684,9.0500,1,62,0.010000,0.201731,2026-05-31T15:46:54.633347
1685,44.1500,4,178,0.010000,0.202587,2026-05-31T15:46:55.997343
1686,2.8500,0,60,0.010000,0.224642,2026-05-31T15:46:56.409547
1687,2.5500,0,58,0.010000,0.230304,2026-05-31T15:46:57.002577
1688,12.6500,1,86,0.010000,0.206100,2026-05-31T15:46:57.771136
1689,21.2500,2,104,0.010000,0.235393,2026-05-31T15:46:58.491602
1690,21.1000,2,103,0.010000,0.191210,2026-05-31T15:46:59.236452
1691,9.2000,1,63,0.010000,0.251189,2026-05-31T15:46:59.705885
1692,2.7000,0,59,0.010000,0.241556,2026-05-31T15:47:00.130233
1693,1.3500,0,50,0.010000,0.211709,2026-05-31T15:47:00.487847
1694,25.4500,2,132,0.010000,0.215342,2026-05-31T15:47:01.345931
1695,23.9500,2,122,0.010000,0.234081,2026-05-31T15:47:02.238211
1696,23.9500,2,122,0.010000,0.271111,2026-05-31T15:47:03.022922
1697,23.9500,2,122,0.010000,0.229593,2026-05-31T15:47:03.881417
1698,3.0000,1,61,0.010000,0.218273,2026-05-31T15:47:04.288173
1699,14.0000,1,95,0.010000,0.218639,2026-05-31T15:47:05.080060
1700,2.1000,0,55,0.010000,0.236715,2026-05-31T15:47:05.506781
1701,20.5000,2,99,0.010000,0.210997,2026-05-31T15:47:06.145073
1702,1.3500,0,50,0.010000,0.290895,2026-05-31T15:47:06.481322
1703,9.0500,1,62,0.010000,0.249278,2026-05-31T15:47:06.937846
1704,-4.6500,0,50,0.010000,0.208720,2026-05-31T15:47:07.256643
1705,9.3500,1,64,0.010000,0.182889,2026-05-31T15:47:07.681430
1706,2.8500,0,60,0.010000,0.227411,2026-05-31T15:47:08.096242
1707,12.6500,1,86,0.010000,0.245477,2026-05-31T15:47:08.657727
1708,23.9500,2,122,0.010000,0.219908,2026-05-31T15:47:09.464283
1709,9.2000,1,63,0.010000,0.213712,2026-05-31T15:47:09.871180
1710,9.0500,1,62,0.010000,0.240992,2026-05-31T15:47:10.296502
1711,-1.5000,0,31,0.010000,0.234360,2026-05-31T15:47:10.508206
1712,12.6500,1,86,0.010000,0.188885,2026-05-31T15:47:11.249647
1713,2.4000,0,57,0.010000,0.247813,2026-05-31T15:47:11.630390
1714,3.0000,1,61,0.010000,0.237665,2026-05-31T15:47:12.027746
1715,21.2500,2,104,0.010000,0.259470,2026-05-31T15:47:12.728295
1716,20.3500,2,98,0.010000,0.222591,2026-05-31T15:47:13.369929
1717,3.0000,1,61,0.010000,0.204060,2026-05-31T15:47:13.777349
1718,2.4000,0,57,0.010000,0.243327,2026-05-31T15:47:14.152645
1719,9.8000,1,67,0.010000,0.252682,2026-05-31T15:47:14.717991
1720,-1.5000,0,31,0.010000,0.216039,2026-05-31T15:47:14.894957
1721,10.1000,1,69,0.010000,0.231163,2026-05-31T15:47:15.374817
1722,20.3500,2,98,0.010000,0.250538,2026-05-31T15:47:16.168469
1723,1.5000,0,51,0.010000,0.212297,2026-05-31T15:47:16.573403
1724,-1.5000,0,31,0.010000,0.254332,2026-05-31T15:47:16.836409
1725,14.1500,1,96,0.010000,0.229703,2026-05-31T15:47:17.912137
1726,9.0500,1,62,0.010000,0.237265,2026-05-31T15:47:18.593888
1727,1.3500,0,50,0.010000,0.204284,2026-05-31T15:47:19.104949
1728,12.6500,1,86,0.010000,0.243029,2026-05-31T15:47:19.930114
1729,20.3500,2,98,0.010000,0.211845,2026-05-31T15:47:20.670837
1730,36.0000,3,163,0.010000,0.232470,2026-05-31T15:47:21.755216
1731,9.3500,1,64,0.010000,0.210939,2026-05-31T15:47:22.166721
1732,44.4500,4,180,0.010000,0.245338,2026-05-31T15:47:23.340306
1733,1.3500,0,50,0.010000,0.236452,2026-05-31T15:47:23.688812
1734,23.9500,2,122,0.010000,0.229340,2026-05-31T15:47:24.475647
1735,23.9500,2,122,0.010000,0.212988,2026-05-31T15:47:25.256912
1736,3.0000,1,61,0.010000,0.227093,2026-05-31T15:47:25.752016
1737,1.6500,0,52,0.010000,0.211237,2026-05-31T15:47:26.079405
1738,2.7000,0,59,0.010000,0.244463,2026-05-31T15:47:26.486150
1739,-1.5000,0,31,0.010000,0.276710,2026-05-31T15:47:26.708027
1740,12.6500,1,86,0.010000,0.241023,2026-05-31T15:47:27.329039
1741,-1.5000,0,31,0.010000,0.223699,2026-05-31T15:47:27.722113
1742,12.6500,1,86,0.010000,0.248663,2026-05-31T15:47:28.283589
1743,3.0000,1,61,0.010000,0.199964,2026-05-31T15:47:28.689549
1744,44.1500,4,178,0.010000,0.209934,2026-05-31T15:47:29.857708
1745,1.3500,0,50,0.010000,0.222590,2026-05-31T15:47:30.177824
1746,2.8500,0,60,0.010000,0.233106,2026-05-31T15:47:30.607671
1747,14.3000,2,97,0.010000,0.211182,2026-05-31T15:47:31.239039
1748,36.0000,3,163,0.010000,0.244378,2026-05-31T15:47:32.994964
1749,20.3500,2,98,0.010000,0.214691,2026-05-31T15:47:33.781008
1750,25.4500,2,132,0.010000,0.225099,2026-05-31T15:47:34.844042
1751,0.3000,0,43,0.010000,0.220616,2026-05-31T15:47:35.136390
1752,78.9500,7,292,0.010000,0.220161,2026-05-31T15:47:36.943803
1753,44.0000,4,177,0.010000,0.191974,2026-05-31T15:47:38.159621
1754,36.4500,3,166,0.010000,0.241614,2026-05-31T15:47:39.375413
1755,12.6500,1,86,0.010000,0.194163,2026-05-31T15:47:39.934275
1756,1.3500,0,50,0.010000,0.195602,2026-05-31T15:47:40.244280
1757,12.6500,1,86,0.010000,0.267197,2026-05-31T15:47:41.089552
1758,36.0000,3,163,0.010000,0.241049,2026-05-31T15:47:42.112494
1759,23.9500,2,122,0.010000,0.234088,2026-05-31T15:47:42.903628
1760,90.2500,8,328,0.010000,0.220601,2026-05-31T15:47:46.631358
1761,9.6500,1,66,0.010000,0.221341,2026-05-31T15:47:47.308797
1762,23.9500,2,122,0.010000,0.205974,2026-05-31T15:47:48.713335
1763,-1.5000,0,31,0.010000,0.240263,2026-05-31T15:47:48.998554
1764,47.3000,4,199,0.010000,0.205804,2026-05-31T15:47:50.374762
1765,47.3000,4,199,0.010000,0.228467,2026-05-31T15:47:51.989402
1766,12.6500,1,86,0.010000,0.250936,2026-05-31T15:47:52.555179
1767,47.3000,4,199,0.010000,0.238720,2026-05-31T15:47:53.811582
1768,1.3500,0,50,0.010000,0.249545,2026-05-31T15:47:54.148341
1769,20.6500,2,100,0.010000,0.282086,2026-05-31T15:47:54.818633
1770,2.7000,0,59,0.010000,0.241599,2026-05-31T15:47:55.225296
1771,12.6500,1,86,0.010000,0.218599,2026-05-31T15:47:55.856508
1772,9.0500,1,62,0.010000,0.221199,2026-05-31T15:47:56.293048
1773,1.5000,0,51,0.010000,0.224803,2026-05-31T15:47:56.621772
1774,1.5000,0,51,0.010000,0.240159,2026-05-31T15:47:57.163252
1775,36.0000,3,163,0.010000,0.224165,2026-05-31T15:47:58.165598
1776,47.3000,4,199,0.010000,0.235768,2026-05-31T15:47:59.646700
1777,12.6500,1,86,0.010000,0.209865,2026-05-31T15:48:00.218445
1778,1.3500,0,50,0.010000,0.295209,2026-05-31T15:48:00.561356
1779,1.5000,0,51,0.010000,0.212314,2026-05-31T15:48:00.911124
1780,1.3500,0,50,0.010000,0.266305,2026-05-31T15:48:01.245242
1781,47.3000,4,199,0.010000,0.223395,2026-05-31T15:48:02.660111
1782,12.6500,1,86,0.010000,0.229053,2026-05-31T15:48:03.229131
1783,20.3500,2,98,0.010000,0.258219,2026-05-31T15:48:03.836298
1784,1.3500,0,50,0.010000,0.307427,2026-05-31T15:48:04.153232
1785,9.0500,1,62,0.010000,0.256515,2026-05-31T15:48:04.584953
1786,1.8000,0,53,0.010000,0.233971,2026-05-31T15:48:04.925637
1787,12.6500,1,86,0.010000,0.257603,2026-05-31T15:48:05.661081
1788,2.7000,0,59,0.010000,0.211417,2026-05-31T15:48:06.053184
1789,47.3000,4,199,0.010000,0.224746,2026-05-31T15:48:07.264087
1790,2.5500,0,58,0.010000,0.221962,2026-05-31T15:48:07.650544
1791,1.3500,0,50,0.010000,0.193521,2026-05-31T15:48:07.997136
1792,23.9500,2,122,0.010000,0.266026,2026-05-31T15:48:08.786571
1793,1.6500,0,52,0.010000,0.226610,2026-05-31T15:48:09.117199
1794,2.2500,0,56,0.010000,0.207803,2026-05-31T15:48:09.577888
1795,25.1500,2,130,0.010000,0.228111,2026-05-31T15:48:10.403633
1796,9.8000,1,67,0.010000,0.194770,2026-05-31T15:48:10.854480
1797,1.0500,0,48,0.010000,0.288406,2026-05-31T15:48:11.155779
1798,1.9500,0,54,0.010000,0.222279,2026-05-31T15:48:11.540182
1799,23.9500,2,122,0.010000,0.202422,2026-05-31T15:48:12.452888
1800,58.6000,5,235,0.010000,0.245535,2026-05-31T15:48:13.937943
1801,2.5500,0,58,0.010000,0.228327,2026-05-31T15:48:14.303213
1802,12.6500,1,86,0.010000,0.219389,2026-05-31T15:48:14.902046
1803,12.6500,1,86,0.010000,0.216760,2026-05-31T15:48:15.431814
1804,1.3500,0,50,0.010000,0.240036,2026-05-31T15:48:15.753842
1805,1.3500,0,50,0.010000,0.253572,2026-05-31T15:48:16.337513
1806,12.6500,1,86,0.010000,0.236439,2026-05-31T15:48:17.033130
1807,1.5000,0,51,0.010000,0.234373,2026-05-31T15:48:17.442183
1808,1.3500,0,50,0.010000,0.214375,2026-05-31T15:48:17.953315
1809,12.6500,1,86,0.010000,0.245489,2026-05-31T15:48:18.750763
1810,1.3500,0,50,0.010000,0.234555,2026-05-31T15:48:19.056058
1811,1.9500,0,54,0.010000,0.253720,2026-05-31T15:48:19.423600
1812,9.3500,1,64,0.010000,0.263468,2026-05-31T15:48:20.261537
1813,12.6500,1,86,0.010000,0.277596,2026-05-31T15:48:21.349858
1814,12.6500,1,86,0.010000,0.215707,2026-05-31T15:48:22.074082
1815,14.3000,2,97,0.010000,0.234386,2026-05-31T15:48:22.717631
1816,1.3500,0,50,0.010000,0.253035,2026-05-31T15:48:23.148687
1817,1.3500,0,50,0.010000,0.241256,2026-05-31T15:48:23.563286
1818,1.3500,0,50,0.010000,0.195818,2026-05-31T15:48:23.894600
1819,9.3500,1,64,0.010000,0.206076,2026-05-31T15:48:24.318522
1820,13.7000,1,93,0.010000,0.246587,2026-05-31T15:48:25.152110
1821,83.1500,7,320,0.010000,0.219029,2026-05-31T15:48:27.087592
1822,12.6500,1,86,0.010000,0.201581,2026-05-31T15:48:27.695042
1823,12.6500,1,86,0.010000,0.237784,2026-05-31T15:48:28.278338
1824,25.1500,2,130,0.010000,0.230249,2026-05-31T15:48:29.125542
1825,9.3500,1,64,0.010000,0.221891,2026-05-31T15:48:29.591828
1826,12.6500,1,86,0.010000,0.192056,2026-05-31T15:48:30.173930
1827,1.3500,0,50,0.010000,0.292792,2026-05-31T15:48:30.612421
1828,20.8000,2,101,0.010000,0.222898,2026-05-31T15:48:31.314766
1829,55.9000,5,217,0.010000,0.236756,2026-05-31T15:48:32.781088
1830,12.6500,1,86,0.010000,0.253532,2026-05-31T15:48:33.348546
1831,36.4500,3,166,0.010000,0.219569,2026-05-31T15:48:34.398743
1832,1.3500,0,50,0.010000,0.224890,2026-05-31T15:48:34.927773
1833,1.5000,0,51,0.010000,0.264384,2026-05-31T15:48:35.252646
1834,36.0000,3,163,0.010000,0.235284,2026-05-31T15:48:36.284583
1835,13.7000,1,93,0.010000,0.243289,2026-05-31T15:48:37.038609
1836,12.6500,1,86,0.010000,0.267085,2026-05-31T15:48:37.579234
1837,1.3500,0,50,0.010000,0.247238,2026-05-31T15:48:37.907570
1838,14.3000,2,97,0.010000,0.249877,2026-05-31T15:48:38.861277
1839,9.6500,1,66,0.010000,0.254547,2026-05-31T15:48:39.367586
1840,12.6500,1,86,0.010000,0.214902,2026-05-31T15:48:39.928830
1841,44.7500,4,182,0.010000,0.217130,2026-05-31T15:48:41.033579
1842,37.6500,3,174,0.010000,0.217809,2026-05-31T15:48:42.165076
1843,10.2500,1,70,0.010000,0.251724,2026-05-31T15:48:42.612967
1844,32.8500,3,142,0.010000,0.242020,2026-05-31T15:48:43.510858
1845,1.3500,0,50,0.010000,0.212185,2026-05-31T15:48:44.111963
1846,1.3500,0,50,0.010000,0.190015,2026-05-31T15:48:44.398803
1847,2.7000,0,59,0.010000,0.231238,2026-05-31T15:48:44.845920
1848,36.0000,3,163,0.010000,0.251098,2026-05-31T15:48:45.881250
1849,1.9500,0,54,0.010000,0.249522,2026-05-31T15:48:46.382415
1850,12.6500,1,86,0.010000,0.224579,2026-05-31T15:48:47.104439
1851,12.6500,1,86,0.010000,0.231241,2026-05-31T15:48:47.807589
1852,12.6500,1,86,0.010000,0.229782,2026-05-31T15:48:48.617049
1853,10.2500,1,70,0.010000,0.232643,2026-05-31T15:48:49.051869
1854,1.3500,0,50,0.010000,0.268932,2026-05-31T15:48:49.388930
1855,1.8000,0,53,0.010000,0.204972,2026-05-31T15:48:49.839300
1856,1.5000,0,51,0.010000,0.233749,2026-05-31T15:48:50.264833
1857,12.6500,1,86,0.010000,0.194994,2026-05-31T15:48:50.802565
1858,25.3000,2,131,0.010000,0.215573,2026-05-31T15:48:51.782852
1859,1.3500,0,50,0.010000,0.176828,2026-05-31T15:48:52.110835
1860,12.9500,1,88,0.010000,0.282739,2026-05-31T15:48:52.693833
1861,1.3500,0,50,0.010000,0.193575,2026-05-31T15:48:53.003476
1862,13.5500,1,92,0.010000,0.216791,2026-05-31T15:48:53.691943
1863,24.1000,2,123,0.010000,0.237700,2026-05-31T15:48:54.483737
1864,1.3500,0,50,0.010000,0.246278,2026-05-31T15:48:54.811576
1865,2.4000,0,57,0.010000,0.184064,2026-05-31T15:48:55.197914
1866,1.3500,0,50,0.010000,0.240567,2026-05-31T15:48:55.536989
1867,1.5000,0,51,0.010000,0.226166,2026-05-31T15:48:55.906920
1868,59.9500,5,244,0.010000,0.221115,2026-05-31T15:48:57.493435
1869,36.1500,3,164,0.010000,0.249763,2026-05-31T15:48:58.505449
1870,1.3500,0,50,0.010000,0.282606,2026-05-31T15:48:59.004382
1871,12.6500,1,86,0.010000,0.270815,2026-05-31T15:48:59.751717
1872,37.0500,3,170,0.010000,0.222050,2026-05-31T15:49:00.822065
1873,1.3500,0,50,0.010000,0.254013,2026-05-31T15:49:01.157108
1874,37.0500,3,170,0.010000,0.260959,2026-05-31T15:49:02.315571
1875,58.6000,5,235,0.010000,0.220579,2026-05-31T15:49:03.781072
1876,1.3500,0,50,0.010000,0.250616,2026-05-31T15:49:04.111332
1877,70.9500,6,278,0.010000,0.252950,2026-05-31T15:49:05.847379
1878,12.6500,1,86,0.010000,0.286712,2026-05-31T15:49:06.405540
1879,47.3000,4,199,0.010000,0.243470,2026-05-31T15:49:07.641279
1880,1.3500,0,50,0.010000,0.201755,2026-05-31T15:49:07.950265
1881,9.0500,1,62,0.010000,0.215610,2026-05-31T15:49:08.364663
1882,43.8500,4,176,0.010000,0.215825,2026-05-31T15:49:09.441617
1883,36.0000,3,163,0.010000,0.252017,2026-05-31T15:49:10.666513
1884,12.6500,1,86,0.010000,0.216152,2026-05-31T15:49:11.232332
1885,43.8500,4,176,0.010000,0.230499,2026-05-31T15:49:12.529060
1886,105.7500,9,392,0.010000,0.237920,2026-05-31T15:49:15.477080
1887,23.9500,2,122,0.010000,0.236255,2026-05-31T15:49:16.503197
1888,23.9500,2,122,0.010000,0.234459,2026-05-31T15:49:17.520689
1889,12.6500,1,86,0.010000,0.204107,2026-05-31T15:49:18.408381
1890,2.5500,0,58,0.010000,0.240011,2026-05-31T15:49:18.858510
1891,23.9500,2,122,0.010000,0.228857,2026-05-31T15:49:19.967712
1892,12.6500,1,86,0.010000,0.241921,2026-05-31T15:49:20.580061
1893,43.8500,4,176,0.010000,0.226955,2026-05-31T15:49:21.868522
1894,36.0000,3,163,0.010000,0.240594,2026-05-31T15:49:22.989861
1895,3.0000,1,61,0.010000,0.230479,2026-05-31T15:49:23.526505
1896,1.5000,0,51,0.010000,0.263419,2026-05-31T15:49:23.892983
1897,9.0500,1,62,0.010000,0.250517,2026-05-31T15:49:24.363061
1898,10.1000,1,69,0.010000,0.206700,2026-05-31T15:49:24.915199
1899,23.9500,2,122,0.010000,0.205987,2026-05-31T15:49:26.051220
1900,14.3000,2,97,0.010000,0.260633,2026-05-31T15:49:26.817866
1901,2.1000,0,55,0.010000,0.230030,2026-05-31T15:49:27.241797
1902,20.9500,2,102,0.010000,0.268168,2026-05-31T15:49:27.946019
1903,1.3500,0,50,0.010000,0.201564,2026-05-31T15:49:28.314549
1904,23.9500,2,122,0.010000,0.251620,2026-05-31T15:49:29.175674
1905,12.6500,1,86,0.010000,0.245171,2026-05-31T15:49:30.323867
1906,23.9500,2,122,0.010000,0.262377,2026-05-31T15:49:31.116449
1907,12.6500,1,86,0.010000,0.251057,2026-05-31T15:49:31.668174
1908,1.5000,0,51,0.010000,0.216125,2026-05-31T15:49:32.022422
1909,13.2500,1,90,0.010000,0.239996,2026-05-31T15:49:32.658796
1910,12.6500,1,86,0.010000,0.207715,2026-05-31T15:49:33.227371
1911,1.3500,0,50,0.010000,0.275622,2026-05-31T15:49:33.552666
1912,9.2000,1,63,0.010000,0.252967,2026-05-31T15:49:34.028583
1913,12.6500,1,86,0.010000,0.227492,2026-05-31T15:49:34.550457
1914,48.2000,4,205,0.010000,0.221478,2026-05-31T15:49:36.075886
1915,23.9500,2,122,0.010000,0.208788,2026-05-31T15:49:36.880074
1916,12.6500,1,86,0.010000,0.254089,2026-05-31T15:49:37.539379
1917,10.1000,1,69,0.010000,0.211448,2026-05-31T15:49:38.308348
1918,58.7500,5,236,0.010000,0.253343,2026-05-31T15:49:39.935569
1919,12.6500,1,86,0.010000,0.237933,2026-05-31T15:49:40.487636
1920,58.6000,5,235,0.010000,0.235710,2026-05-31T15:49:41.977142
1921,31.8000,3,135,0.010000,0.209649,2026-05-31T15:49:43.045487
1922,23.9500,2,122,0.010000,0.233565,2026-05-31T15:49:43.818143
1923,1.3500,0,50,0.010000,0.229094,2026-05-31T15:49:44.150172
1924,1.3500,0,50,0.010000,0.325612,2026-05-31T15:49:44.493723
1925,2.1000,0,55,0.010000,0.199961,2026-05-31T15:49:44.877495
1926,13.8500,1,94,0.010000,0.235973,2026-05-31T15:49:45.489028
1927,1.3500,0,50,0.010000,0.261562,2026-05-31T15:49:45.874696
1928,1.3500,0,50,0.010000,0.284487,2026-05-31T15:49:46.339335
1929,24.5500,2,126,0.010000,0.250315,2026-05-31T15:49:47.519450
1930,47.3000,4,199,0.010000,0.271598,2026-05-31T15:49:49.124559
1931,14.3000,2,97,0.010000,0.247220,2026-05-31T15:49:49.761251
1932,1.3500,0,50,0.010000,0.214146,2026-05-31T15:49:50.230836
1933,1.6500,0,52,0.010000,0.266687,2026-05-31T15:49:50.674765
1934,37.2000,3,171,0.010000,0.228991,2026-05-31T15:49:51.739921
1935,9.0500,1,62,0.010000,0.193076,2026-05-31T15:49:52.218855
1936,1.3500,0,50,0.010000,0.285154,2026-05-31T15:49:52.701641
1937,1.3500,0,50,0.010000,0.232356,2026-05-31T15:49:53.085858
1938,1.3500,0,50,0.010000,0.262046,2026-05-31T15:49:53.395159
1939,12.6500,1,86,0.010000,0.239621,2026-05-31T15:49:54.038181
1940,23.9500,2,122,0.010000,0.242628,2026-05-31T15:49:54.791584
1941,1.3500,0,50,0.010000,0.250715,2026-05-31T15:49:55.306800
1942,13.2500,1,90,0.010000,0.224576,2026-05-31T15:49:55.898977
1943,9.3500,1,64,0.010000,0.229006,2026-05-31T15:49:56.312524
1944,2.1000,0,55,0.010000,0.201722,2026-05-31T15:49:56.681438
1945,2.1000,0,55,0.010000,0.238692,2026-05-31T15:49:57.061873
1946,12.6500,1,86,0.010000,0.249163,2026-05-31T15:49:57.618166
1947,1.3500,0,50,0.010000,0.255713,2026-05-31T15:49:57.961440
1948,12.6500,1,86,0.010000,0.249222,2026-05-31T15:49:58.541623
1949,1.3500,0,50,0.010000,0.256593,2026-05-31T15:49:59.000211
1950,2.4000,0,57,0.010000,0.244992,2026-05-31T15:49:59.350412
1951,36.0000,3,163,0.010000,0.246487,2026-05-31T15:50:00.506638
1952,12.6500,1,86,0.010000,0.244817,2026-05-31T15:50:01.087637
1953,1.3500,0,50,0.010000,0.261855,2026-05-31T15:50:01.400855
1954,25.6000,3,133,0.010000,0.237253,2026-05-31T15:50:02.634082
1955,23.9500,2,122,0.010000,0.235141,2026-05-31T15:50:03.574034
1956,1.3500,0,50,0.010000,0.213001,2026-05-31T15:50:03.881726
1957,2.5500,0,58,0.010000,0.261494,2026-05-31T15:50:04.305669
1958,12.9500,1,88,0.010000,0.247853,2026-05-31T15:50:04.872523
1959,12.6500,1,86,0.010000,0.228615,2026-05-31T15:50:05.415991
1960,12.6500,1,86,0.010000,0.198546,2026-05-31T15:50:06.030146
1961,58.6000,5,235,0.010000,0.230656,2026-05-31T15:50:07.456593
1962,1.3500,0,50,0.010000,0.226513,2026-05-31T15:50:07.785368
1963,1.3500,0,50,0.010000,0.213612,2026-05-31T15:50:08.147114
1964,1.3500,0,50,0.010000,0.249695,2026-05-31T15:50:08.467900
1965,14.3000,2,97,0.010000,0.233233,2026-05-31T15:50:09.124308
1966,23.9500,2,122,0.010000,0.249115,2026-05-31T15:50:09.870742
1967,36.1500,3,164,0.010000,0.234197,2026-05-31T15:50:11.042742
1968,12.6500,1,86,0.010000,0.282327,2026-05-31T15:50:12.028835
1969,1.3500,0,50,0.010000,0.235355,2026-05-31T15:50:12.438601
1970,13.7000,1,93,0.010000,0.233553,2026-05-31T15:50:13.159122
1971,14.1500,1,96,0.010000,0.268074,2026-05-31T15:50:13.813846
1972,47.3000,4,199,0.010000,0.260723,2026-05-31T15:50:15.139335
1973,12.6500,1,86,0.010000,0.216478,2026-05-31T15:50:15.700380
1974,1.3500,0,50,0.010000,0.225132,2026-05-31T15:50:16.171115
1975,1.6500,0,52,0.010000,0.272615,2026-05-31T15:50:16.615280
1976,1.3500,0,50,0.010000,0.225925,2026-05-31T15:50:17.052077
1977,12.6500,1,86,0.010000,0.237279,2026-05-31T15:50:17.832246
1978,12.6500,1,86,0.010000,0.213930,2026-05-31T15:50:18.709916
1979,9.0500,1,62,0.010000,0.260704,2026-05-31T15:50:19.344193
1980,14.3000,2,97,0.010000,0.226666,2026-05-31T15:50:20.002930
1981,12.6500,1,86,0.010000,0.236255,2026-05-31T15:50:20.639344
1982,70.6500,6,276,0.010000,0.225887,2026-05-31T15:50:22.440486
1983,70.6500,6,276,0.010000,0.247368,2026-05-31T15:50:24.290884
1984,14.3000,2,97,0.010000,0.242064,2026-05-31T15:50:24.908581
1985,2.7000,0,59,0.010000,0.279946,2026-05-31T15:50:25.320571
1986,1.3500,0,50,0.010000,0.248562,2026-05-31T15:50:25.655706
1987,12.6500,1,86,0.010000,0.242844,2026-05-31T15:50:26.255881
1988,1.9500,0,54,0.010000,0.236429,2026-05-31T15:50:26.610936
1989,47.3000,4,199,0.010000,0.200594,2026-05-31T15:50:27.872246
1990,70.6500,6,276,0.010000,0.233307,2026-05-31T15:50:29.859034
1991,12.6500,1,86,0.010000,0.198309,2026-05-31T15:50:30.640710
1992,1.3500,0,50,0.010000,0.285232,2026-05-31T15:50:30.967818
1993,36.4500,3,166,0.010000,0.243819,2026-05-31T15:50:32.105504
1994,25.0000,2,129,0.010000,0.237230,2026-05-31T15:50:32.935289
1995,55.1500,5,212,0.010000,0.236743,2026-05-31T15:50:34.745008
1996,59.2000,5,239,0.010000,0.248616,2026-05-31T15:50:36.397662
1997,37.0500,3,170,0.010000,0.237744,2026-05-31T15:50:37.557201
1998,1.3500,0,50,0.010000,0.235847,2026-05-31T15:50:37.889615
1999,20.8000,2,101,0.010000,0.235307,2026-05-31T15:50:38.563226
2000,13.4000,1,91,0.010000,0.254563,2026-05-31T15:50:39.197734
2001,48.8000,4,209,0.010000,0.242086,2026-05-31T15:50:40.557165
2002,47.3000,4,199,0.010000,0.251082,2026-05-31T15:50:41.809531
2003,9.0500,1,62,0.010000,0.207798,2026-05-31T15:50:42.247925
2004,60.1000,5,245,0.010000,0.232572,2026-05-31T15:50:43.757992
2005,1.5000,0,51,0.010000,0.243421,2026-05-31T15:50:44.100192
2006,1.3500,0,50,0.010000,0.227441,2026-05-31T15:50:44.646856
2007,3.0000,1,61,0.010000,0.246377,2026-05-31T15:50:45.045700
2008,36.0000,3,163,0.010000,0.209198,2026-05-31T15:50:46.219284
2009,13.1000,1,89,0.010000,0.255075,2026-05-31T15:50:46.970769
2010,44.0000,4,177,0.010000,0.266076,2026-05-31T15:50:48.536649
2011,12.6500,1,86,0.010000,0.253189,2026-05-31T15:50:49.110869
2012,12.6500,1,86,0.010000,0.255074,2026-05-31T15:50:49.670271
2013,1.3500,0,50,0.010000,0.219453,2026-05-31T15:50:50.232335
2014,1.3500,0,50,0.010000,0.229839,2026-05-31T15:50:50.537729
2015,2.1000,0,55,0.010000,0.210628,2026-05-31T15:50:50.957706
2016,36.0000,3,163,0.010000,0.238340,2026-05-31T15:50:52.083260
2017,1.3500,0,50,0.010000,0.263513,2026-05-31T15:50:52.678509
2018,9.3500,1,64,0.010000,0.273957,2026-05-31T15:50:53.237230
2019,81.9500,7,312,0.010000,0.245056,2026-05-31T15:50:55.375818
2020,23.9500,2,122,0.010000,0.239706,2026-05-31T15:50:56.249237
2021,1.3500,0,50,0.010000,0.264055,2026-05-31T15:50:56.599229
2022,12.6500,1,86,0.010000,0.241406,2026-05-31T15:50:57.200778
2023,1.3500,0,50,0.010000,0.218182,2026-05-31T15:50:57.554917
2024,13.8500,1,94,0.010000,0.228671,2026-05-31T15:50:58.520988
2025,58.6000,5,235,0.010000,0.218531,2026-05-31T15:51:00.187441
2026,1.3500,0,50,0.010000,0.196476,2026-05-31T15:51:00.517562
2027,1.3500,0,50,0.010000,0.243517,2026-05-31T15:51:00.858282
2028,1.3500,0,50,0.010000,0.272874,2026-05-31T15:51:01.234525
2029,1.3500,0,50,0.010000,0.208516,2026-05-31T15:51:01.573421
2030,1.8000,0,53,0.010000,0.251835,2026-05-31T15:51:02.016984
2031,2.8500,0,60,0.010000,0.264784,2026-05-31T15:51:02.551513
2032,1.3500,0,50,0.010000,0.229916,2026-05-31T15:51:02.863539
2033,2.8500,0,60,0.010000,0.192838,2026-05-31T15:51:03.478556
2034,12.6500,1,86,0.010000,0.237697,2026-05-31T15:51:04.027171
2035,24.2500,2,124,0.010000,0.228114,2026-05-31T15:51:04.781622
2036,44.7500,4,182,0.010000,0.234074,2026-05-31T15:51:06.205580
2037,9.2000,1,63,0.010000,0.233476,2026-05-31T15:51:06.679971
2038,58.6000,5,235,0.010000,0.216735,2026-05-31T15:51:08.242462
2039,9.2000,1,63,0.010000,0.208584,2026-05-31T15:51:08.648082
2040,1.3500,0,50,0.010000,0.242403,2026-05-31T15:51:09.072975
2041,23.9500,2,122,0.010000,0.234127,2026-05-31T15:51:10.136312
2042,1.3500,0,50,0.010000,0.284700,2026-05-31T15:51:10.484819
2043,58.6000,5,235,0.010000,0.243690,2026-05-31T15:51:11.900522
2044,48.3500,4,206,0.010000,0.216616,2026-05-31T15:51:13.156256
2045,37.3500,3,172,0.010000,0.258981,2026-05-31T15:51:14.256929
2046,21.4000,2,105,0.010000,0.223663,2026-05-31T15:51:15.073719
2047,48.0500,4,204,0.010000,0.250208,2026-05-31T15:51:16.510732
2048,1.3500,0,50,0.010000,0.207244,2026-05-31T15:51:17.018100
2049,47.4500,4,200,0.010000,0.243867,2026-05-31T15:51:18.761853
2050,12.6500,1,86,0.010000,0.256905,2026-05-31T15:51:19.297650
2051,23.9500,2,122,0.010000,0.279606,2026-05-31T15:51:20.218021
2052,37.3500,3,172,0.010000,0.252208,2026-05-31T15:51:21.323121
2053,1.3500,0,50,0.010000,0.272011,2026-05-31T15:51:21.741385
2054,1.3500,0,50,0.010000,0.199024,2026-05-31T15:51:22.115767
2055,58.6000,5,235,0.010000,0.264184,2026-05-31T15:51:24.194152
2056,12.8000,1,87,0.010000,0.195736,2026-05-31T15:51:24.845905
2057,12.6500,1,86,0.010000,0.246207,2026-05-31T15:51:25.432423
2058,20.8000,2,101,0.010000,0.292395,2026-05-31T15:51:26.082449
2059,23.9500,2,122,0.010000,0.241620,2026-05-31T15:51:26.885726
2060,12.8000,1,87,0.010000,0.252354,2026-05-31T15:51:27.547162
2061,13.5500,1,92,0.010000,0.216134,2026-05-31T15:51:28.171984
2062,14.1500,1,96,0.010000,0.218651,2026-05-31T15:51:28.892741
2063,1.3500,0,50,0.010000,0.229810,2026-05-31T15:51:29.258074
2064,1.3500,0,50,0.010000,0.268683,2026-05-31T15:51:29.647121
2065,12.6500,1,86,0.010000,0.222976,2026-05-31T15:51:30.522545
2066,47.3000,4,199,0.010000,0.252235,2026-05-31T15:51:31.812459
2067,32.8500,3,142,0.010000,0.241035,2026-05-31T15:51:32.732497
2068,9.0500,1,62,0.010000,0.220402,2026-05-31T15:51:33.149874
2069,1.3500,0,50,0.010000,0.258808,2026-05-31T15:51:33.482521
2070,70.6500,6,276,0.010000,0.242815,2026-05-31T15:51:35.221198
2071,37.6500,3,174,0.010000,0.225909,2026-05-31T15:51:36.292798
2072,21.4000,2,105,0.010000,0.243832,2026-05-31T15:51:36.999307
2073,58.6000,5,235,0.010000,0.242541,2026-05-31T15:51:38.473688
2074,58.6000,5,235,0.010000,0.265506,2026-05-31T15:51:40.011389
2075,58.6000,5,235,0.010000,0.249658,2026-05-31T15:51:41.453141
2076,25.6000,3,133,0.010000,0.235010,2026-05-31T15:51:42.301439
2077,20.9500,2,102,0.010000,0.231332,2026-05-31T15:51:43.107390
2078,14.1500,1,96,0.010000,0.214257,2026-05-31T15:51:43.737983
2079,37.6500,3,174,0.010000,0.234749,2026-05-31T15:51:44.793133
2080,37.5000,3,173,0.010000,0.266863,2026-05-31T15:51:45.904211
2081,71.4000,6,281,0.010000,0.249941,2026-05-31T15:51:48.359066
2082,2.8500,0,60,0.010000,0.252643,2026-05-31T15:51:48.832446
2083,36.0000,3,163,0.010000,0.252929,2026-05-31T15:51:49.910995
2084,14.1500,1,96,0.010000,0.274021,2026-05-31T15:51:50.609736
2085,2.1000,0,55,0.010000,0.212573,2026-05-31T15:51:50.993858
2086,47.3000,4,199,0.010000,0.287380,2026-05-31T15:51:52.269572
2087,3.0000,1,61,0.010000,0.168255,2026-05-31T15:51:52.771438
2088,14.0000,1,95,0.010000,0.264252,2026-05-31T15:51:53.540387
2089,9.0500,1,62,0.010000,0.283923,2026-05-31T15:51:53.912558
2090,25.1500,2,130,0.010000,0.228300,2026-05-31T15:51:54.935210
2091,43.8500,4,176,0.010000,0.246155,2026-05-31T15:51:56.409017
2092,12.8000,1,87,0.010000,0.223653,2026-05-31T15:51:57.038385
2093,9.0500,1,62,0.010000,0.194909,2026-05-31T15:51:57.449596
2094,48.3500,4,206,0.010000,0.250384,2026-05-31T15:51:59.010241
2095,12.6500,1,86,0.010000,0.307304,2026-05-31T15:51:59.619269
2096,2.5500,0,58,0.010000,0.230343,2026-05-31T15:52:00.090796
2097,3.0000,1,61,0.010000,0.245261,2026-05-31T15:52:00.738003
2098,24.4000,2,125,0.010000,0.233952,2026-05-31T15:52:01.604765
2099,24.4000,2,125,0.010000,0.223631,2026-05-31T15:52:02.639677
2100,31.8000,3,135,0.010000,0.214626,2026-05-31T15:52:03.482906
2101,3.0000,1,61,0.010000,0.281502,2026-05-31T15:52:03.893984
2102,36.6000,3,167,0.010000,0.222132,2026-05-31T15:52:04.941086
2103,20.3500,2,98,0.010000,0.259141,2026-05-31T15:52:05.559699
2104,14.1500,1,96,0.010000,0.225551,2026-05-31T15:52:06.169465
2105,12.6500,1,86,0.010000,0.222276,2026-05-31T15:52:06.763160
2106,13.8500,1,94,0.010000,0.247096,2026-05-31T15:52:07.348708
2107,10.2500,1,70,0.010000,0.234521,2026-05-31T15:52:08.009897
2108,10.1000,1,69,0.010000,0.260817,2026-05-31T15:52:08.432339
2109,44.6000,4,181,0.010000,0.261523,2026-05-31T15:52:09.622627
2110,9.0500,1,62,0.010000,0.217894,2026-05-31T15:52:10.027075
2111,12.6500,1,86,0.010000,0.232691,2026-05-31T15:52:10.744417
2112,10.2500,1,70,0.010000,0.235154,2026-05-31T15:52:11.182261
2113,14.0000,1,95,0.010000,0.247704,2026-05-31T15:52:11.837182
2114,47.3000,4,199,0.010000,0.245776,2026-05-31T15:52:13.066116
2115,20.3500,2,98,0.010000,0.252021,2026-05-31T15:52:13.731511
2116,23.9500,2,122,0.010000,0.255687,2026-05-31T15:52:14.494835
2117,10.2500,1,70,0.010000,0.247778,2026-05-31T15:52:14.953150
2118,23.9500,2,122,0.010000,0.224483,2026-05-31T15:52:16.088840
2119,2.8500,0,60,0.010000,0.284126,2026-05-31T15:52:16.633801
2120,37.5000,3,173,0.010000,0.205577,2026-05-31T15:52:18.131215
2121,79.4000,7,295,0.010000,0.232125,2026-05-31T15:52:20.346662
2122,2.7000,0,59,0.010000,0.258300,2026-05-31T15:52:20.721597
2123,55.1500,5,212,0.010000,0.263445,2026-05-31T15:52:22.059284
2124,37.5000,3,173,0.010000,0.215012,2026-05-31T15:52:23.365978
2125,9.0500,1,62,0.010000,0.241621,2026-05-31T15:52:23.778714
2126,70.6500,6,276,0.010000,0.232584,2026-05-31T15:52:25.711197
2127,1.3500,0,50,0.010000,0.221568,2026-05-31T15:52:26.103389
2128,72.4500,7,288,0.010000,0.223529,2026-05-31T15:52:28.202066
2129,24.2500,2,124,0.010000,0.245129,2026-05-31T15:52:28.990854
2130,1.3500,0,50,0.010000,0.298623,2026-05-31T15:52:29.348574
2131,13.8500,1,94,0.010000,0.236286,2026-05-31T15:52:29.986371
2132,23.9500,2,122,0.010000,0.278944,2026-05-31T15:52:30.897829
2133,58.6000,5,235,0.010000,0.237992,2026-05-31T15:52:32.450012
2134,14.1500,1,96,0.010000,0.248907,2026-05-31T15:52:33.053618
2135,2.8500,0,60,0.010000,0.259987,2026-05-31T15:52:33.449479
2136,12.6500,1,86,0.010000,0.241266,2026-05-31T15:52:34.026371
2137,-1.2000,0,33,0.010000,0.206063,2026-05-31T15:52:34.229619
2138,12.6500,1,86,0.010000,0.215879,2026-05-31T15:52:34.884655
2139,1.3500,0,50,0.010000,0.279279,2026-05-31T15:52:35.376631
2140,12.6500,1,86,0.010000,0.267157,2026-05-31T15:52:35.931490
2141,14.1500,1,96,0.010000,0.263235,2026-05-31T15:52:36.579172
2142,1.3500,0,50,0.010000,0.190874,2026-05-31T15:52:36.886381
2143,20.5000,2,99,0.010000,0.209130,2026-05-31T15:52:37.543730
2144,23.9500,2,122,0.010000,0.241626,2026-05-31T15:52:38.327506
2145,14.1500,1,96,0.010000,0.205872,2026-05-31T15:52:38.983530
2146,13.8500,1,94,0.010000,0.244457,2026-05-31T15:52:39.599158
2147,9.0500,1,62,0.010000,0.234466,2026-05-31T15:52:40.067249
2148,1.3500,0,50,0.010000,0.261593,2026-05-31T15:52:40.377968
2149,1.3500,0,50,0.010000,0.236932,2026-05-31T15:52:40.724950
2150,14.3000,2,97,0.010000,0.222974,2026-05-31T15:52:41.368612
2151,12.6500,1,86,0.010000,0.259979,2026-05-31T15:52:42.104021
2152,24.2500,2,124,0.010000,0.248743,2026-05-31T15:52:43.020951
2153,1.3500,0,50,0.010000,0.209248,2026-05-31T15:52:43.333258
2154,44.9000,4,183,0.010000,0.249847,2026-05-31T15:52:44.485763
2155,12.6500,1,86,0.010000,0.225983,2026-05-31T15:52:45.081277
2156,1.3500,0,50,0.010000,0.275078,2026-05-31T15:52:45.384604
2157,44.9000,4,183,0.010000,0.235581,2026-05-31T15:52:46.776818
2158,23.9500,2,122,0.010000,0.226418,2026-05-31T15:52:47.838098
2159,79.5500,7,296,0.010000,0.248996,2026-05-31T15:52:50.051017
2160,-1.5000,0,31,0.010000,0.248426,2026-05-31T15:52:50.274682
2161,23.9500,2,122,0.010000,0.233391,2026-05-31T15:52:51.193430
2162,14.1500,1,96,0.010000,0.258445,2026-05-31T15:52:51.815085
2163,2.8500,0,60,0.010000,0.238769,2026-05-31T15:52:52.423350
2164,2.8500,0,60,0.010000,0.213799,2026-05-31T15:52:52.817522
2165,1.3500,0,50,0.010000,0.263125,2026-05-31T15:52:53.159938
2166,12.6500,1,86,0.010000,0.254374,2026-05-31T15:52:53.762115
2167,14.0000,1,95,0.010000,0.238504,2026-05-31T15:52:54.365722
2168,23.9500,2,122,0.010000,0.253857,2026-05-31T15:52:55.187774
2169,12.6500,1,86,0.010000,0.239932,2026-05-31T15:52:55.762883
2170,1.8000,0,53,0.010000,0.250461,2026-05-31T15:52:56.081681
2171,9.0500,1,62,0.010000,0.239353,2026-05-31T15:52:56.518893
2172,12.6500,1,86,0.010000,0.234817,2026-05-31T15:52:57.071091
2173,59.3500,5,240,0.010000,0.247385,2026-05-31T15:52:58.567333
2174,3.0000,1,61,0.010000,0.280612,2026-05-31T15:52:59.086931
2175,23.9500,2,122,0.010000,0.248837,2026-05-31T15:53:00.020666
2176,12.6500,1,86,0.010000,0.251375,2026-05-31T15:53:00.612506
2177,9.3500,1,64,0.010000,0.250455,2026-05-31T15:53:01.023556
2178,14.3000,2,97,0.010000,0.238603,2026-05-31T15:53:01.672599
2179,14.3000,2,97,0.010000,0.227908,2026-05-31T15:53:02.431437
2180,2.7000,0,59,0.010000,0.227086,2026-05-31T15:53:02.817131
2181,48.9500,4,210,0.010000,0.251058,2026-05-31T15:53:04.119226
2182,1.3500,0,50,0.010000,0.155966,2026-05-31T15:53:04.439454
2183,23.9500,2,122,0.010000,0.227145,2026-05-31T15:53:05.244481
2184,25.4500,2,132,0.010000,0.235532,2026-05-31T15:53:06.062215
2185,106.9500,9,400,0.010000,0.246466,2026-05-31T15:53:08.537683
2186,1.3500,0,50,0.010000,0.257256,2026-05-31T15:53:08.861814
2187,105.3000,9,389,0.010000,0.240301,2026-05-31T15:53:11.458602
2188,128.5000,11,465,0.010000,0.242638,2026-05-31T15:53:14.220495
2189,37.6500,3,174,0.010000,0.211516,2026-05-31T15:53:15.322754
2190,197.2000,17,687,0.010000,0.234067,2026-05-31T15:53:20.154688
2191,1.3500,0,50,0.010000,0.177301,2026-05-31T15:53:20.436994
2192,21.4000,2,105,0.010000,0.216801,2026-05-31T15:53:21.169404
2193,23.9500,2,122,0.010000,0.248615,2026-05-31T15:53:21.935204
2194,116.7500,10,426,0.010000,0.236599,2026-05-31T15:53:24.555927
2195,1.3500,0,50,0.010000,0.243319,2026-05-31T15:53:24.873734
2196,36.1500,3,164,0.010000,0.211999,2026-05-31T15:53:25.941447
2197,12.8000,1,87,0.010000,0.238938,2026-05-31T15:53:26.522623
2198,36.6000,3,167,0.010000,0.239352,2026-05-31T15:53:27.760703
2199,1.3500,0,50,0.010000,0.236372,2026-05-31T15:53:28.090316
2200,37.8000,4,175,0.010000,0.225793,2026-05-31T15:53:29.305327
2201,23.9500,2,122,0.010000,0.251707,2026-05-31T15:53:30.195565
2202,58.6000,5,235,0.010000,0.236316,2026-05-31T15:53:31.730733
2203,12.6500,1,86,0.010000,0.239710,2026-05-31T15:53:32.380435
2204,12.6500,1,86,0.010000,0.203229,2026-05-31T15:53:32.919396
2205,47.3000,4,199,0.010000,0.241768,2026-05-31T15:53:34.160254
2206,3.0000,1,61,0.010000,0.224667,2026-05-31T15:53:35.206585
2207,1.8000,0,53,0.010000,0.166177,2026-05-31T15:53:35.681827
2208,12.6500,1,86,0.010000,0.240144,2026-05-31T15:53:36.334352
2209,24.5500,2,126,0.010000,0.247332,2026-05-31T15:53:37.544321
2210,21.1000,2,103,0.010000,0.217431,2026-05-31T15:53:38.386772
2211,129.1000,11,469,0.010000,0.249051,2026-05-31T15:53:41.472246
2212,25.1500,2,130,0.010000,0.234763,2026-05-31T15:53:42.346166
2213,14.0000,1,95,0.010000,0.194896,2026-05-31T15:53:43.219096
2214,14.1500,1,96,0.010000,0.268865,2026-05-31T15:53:43.814008
2215,2.4000,0,57,0.010000,0.292622,2026-05-31T15:53:44.215353
2216,20.8000,2,101,0.010000,0.211799,2026-05-31T15:53:44.951443
2217,23.9500,2,122,0.010000,0.257736,2026-05-31T15:53:45.727748
2218,12.6500,1,86,0.010000,0.207853,2026-05-31T15:53:46.452219
2219,12.6500,1,86,0.010000,0.240606,2026-05-31T15:53:47.176233
2220,23.9500,2,122,0.010000,0.264016,2026-05-31T15:53:48.279822
2221,12.9500,1,88,0.010000,0.238926,2026-05-31T15:53:48.926114
2222,12.9500,1,88,0.010000,0.225607,2026-05-31T15:53:49.601503
2223,1.6500,0,52,0.010000,0.205342,2026-05-31T15:53:50.047940
2224,12.6500,1,86,0.010000,0.235879,2026-05-31T15:53:50.855321
2225,12.8000,1,87,0.010000,0.211246,2026-05-31T15:53:51.396152
2226,47.3000,4,199,0.010000,0.226374,2026-05-31T15:53:52.658209
2227,37.2000,3,171,0.010000,0.209900,2026-05-31T15:53:53.754495
2228,12.6500,1,86,0.010000,0.239140,2026-05-31T15:53:54.339636
2229,12.6500,1,86,0.010000,0.217421,2026-05-31T15:53:54.903064
2230,12.6500,1,86,0.010000,0.232577,2026-05-31T15:53:55.448970
2231,12.6500,1,86,0.010000,0.273290,2026-05-31T15:53:56.006955
2232,25.3000,2,131,0.010000,0.249567,2026-05-31T15:53:56.826853
2233,24.1000,2,123,0.010000,0.218146,2026-05-31T15:53:57.606817
2234,25.3000,2,131,0.010000,0.237909,2026-05-31T15:53:58.471953
2235,12.9500,1,88,0.010000,0.220185,2026-05-31T15:53:59.442300
2236,36.0000,3,163,0.010000,0.241280,2026-05-31T15:54:00.862637
2237,24.8500,2,128,0.010000,0.239269,2026-05-31T15:54:01.743711
2238,1.3500,0,50,0.010000,0.189558,2026-05-31T15:54:02.344270
2239,14.1500,1,96,0.010000,0.241480,2026-05-31T15:54:03.173785
2240,12.6500,1,86,0.010000,0.198092,2026-05-31T15:54:03.747559
2241,1.3500,0,50,0.010000,0.249489,2026-05-31T15:54:04.107179
2242,47.3000,4,199,0.010000,0.231013,2026-05-31T15:54:05.402690
2243,13.7000,1,93,0.010000,0.230297,2026-05-31T15:54:06.004362
2244,1.3500,0,50,0.010000,0.195254,2026-05-31T15:54:06.325287
2245,23.9500,2,122,0.010000,0.258138,2026-05-31T15:54:07.327565
2246,2.5500,0,58,0.010000,0.208703,2026-05-31T15:54:07.679694
2247,12.9500,1,88,0.010000,0.220342,2026-05-31T15:54:08.318206
2248,12.6500,1,86,0.010000,0.199626,2026-05-31T15:54:08.862102
2249,20.3500,2,98,0.010000,0.257588,2026-05-31T15:54:09.515564
2250,14.3000,2,97,0.010000,0.235171,2026-05-31T15:54:10.118717
2251,-0.4500,0,50,0.010000,0.233934,2026-05-31T15:54:10.464768
2252,12.6500,1,86,0.010000,0.245108,2026-05-31T15:54:11.071852
2253,2.7000,0,59,0.010000,0.210223,2026-05-31T15:54:11.457790
2254,116.6000,10,425,0.010000,0.252022,2026-05-31T15:54:14.149385
2255,12.6500,1,86,0.010000,0.267381,2026-05-31T15:54:14.702585
2256,31.6500,3,134,0.010000,0.264766,2026-05-31T15:54:15.807882
2257,36.0000,3,163,0.010000,0.236002,2026-05-31T15:54:17.226799
2258,12.6500,1,86,0.010000,0.287598,2026-05-31T15:54:18.012243
2259,12.6500,1,86,0.010000,0.228584,2026-05-31T15:54:18.744156
2260,59.6500,5,242,0.010000,0.237712,2026-05-31T15:54:20.350707
2261,12.6500,1,86,0.010000,0.234509,2026-05-31T15:54:21.015603
2262,47.3000,4,199,0.010000,0.211165,2026-05-31T15:54:22.358151
2263,1.3500,0,50,0.010000,0.280200,2026-05-31T15:54:22.960073
2264,12.6500,1,86,0.010000,0.175518,2026-05-31T15:54:23.724502
2265,12.6500,1,86,0.010000,0.213779,2026-05-31T15:54:24.308750
2266,14.3000,2,97,0.010000,0.239158,2026-05-31T15:54:25.072521
2267,12.8000,1,87,0.010000,0.210356,2026-05-31T15:54:25.705294
2268,12.6500,1,86,0.010000,0.270982,2026-05-31T15:54:26.420930
2269,13.4000,1,91,0.010000,0.227455,2026-05-31T15:54:27.146007
2270,105.3000,9,389,0.010000,0.220704,2026-05-31T15:54:30.077835
2271,37.8000,4,175,0.010000,0.222969,2026-05-31T15:54:31.172777
2272,2.8500,0,60,0.010000,0.221904,2026-05-31T15:54:31.599464
2273,37.8000,4,175,0.010000,0.226054,2026-05-31T15:54:32.805079
2274,58.6000,5,235,0.010000,0.244312,2026-05-31T15:54:34.454258
2275,47.3000,4,199,0.010000,0.244602,2026-05-31T15:54:35.962749
2276,21.5500,2,106,0.010000,0.237804,2026-05-31T15:54:36.653071
2277,47.3000,4,199,0.010000,0.210260,2026-05-31T15:54:37.953201
2278,47.3000,4,199,0.010000,0.227281,2026-05-31T15:54:39.268912
2279,3.0000,1,61,0.010000,0.219618,2026-05-31T15:54:39.652921
2280,12.6500,1,86,0.010000,0.220790,2026-05-31T15:54:40.355755
2281,23.9500,2,122,0.010000,0.247438,2026-05-31T15:54:41.153945
2282,10.1000,1,69,0.010000,0.212331,2026-05-31T15:54:41.649122
2283,21.5500,2,106,0.010000,0.206647,2026-05-31T15:54:42.431196
2284,25.4500,2,132,0.010000,0.231685,2026-05-31T15:54:43.267162
2285,10.1000,1,69,0.010000,0.195119,2026-05-31T15:54:43.729892
2286,25.4500,2,132,0.010000,0.218872,2026-05-31T15:54:44.756912
2287,13.5500,1,92,0.010000,0.237114,2026-05-31T15:54:45.347896
2288,2.2500,0,56,0.010000,0.218850,2026-05-31T15:54:45.707348
2289,12.6500,1,86,0.010000,0.234288,2026-05-31T15:54:46.433047
2290,58.7500,5,236,0.010000,0.213126,2026-05-31T15:54:48.425142
2291,25.6000,3,133,0.010000,0.240216,2026-05-31T15:54:49.277816
2292,1.8000,0,53,0.010000,0.245008,2026-05-31T15:54:49.655600
2293,1.3500,0,50,0.010000,0.220144,2026-05-31T15:54:50.161049
2294,12.6500,1,86,0.010000,0.225989,2026-05-31T15:54:50.680350
2295,2.8500,0,60,0.010000,0.230159,2026-05-31T15:54:51.127659
2296,20.5000,2,99,0.010000,0.248330,2026-05-31T15:54:51.745208
2297,2.4000,0,57,0.010000,0.213573,2026-05-31T15:54:52.320898
2298,12.6500,1,86,0.010000,0.225795,2026-05-31T15:54:53.040284
2299,24.2500,2,124,0.010000,0.234881,2026-05-31T15:54:53.863149
2300,12.6500,1,86,0.010000,0.231624,2026-05-31T15:54:54.443622
2301,14.3000,2,97,0.010000,0.210574,2026-05-31T15:54:55.092317
2302,14.3000,2,97,0.010000,0.271819,2026-05-31T15:54:55.694995
2303,14.0000,1,95,0.010000,0.231552,2026-05-31T15:54:56.311751
2304,14.0000,1,95,0.010000,0.217098,2026-05-31T15:54:56.923402
2305,9.6500,1,66,0.010000,0.227930,2026-05-31T15:54:57.421634
2306,12.6500,1,86,0.010000,0.227542,2026-05-31T15:54:58.392905
2307,10.1000,1,69,0.010000,0.228179,2026-05-31T15:54:58.947635
2308,2.7000,0,59,0.010000,0.204353,2026-05-31T15:54:59.493354
2309,1.3500,0,50,0.010000,0.232874,2026-05-31T15:54:59.839803
2310,1.5000,0,51,0.010000,0.266988,2026-05-31T15:55:00.225201
2311,12.6500,1,86,0.010000,0.277795,2026-05-31T15:55:01.014336
2312,47.3000,4,199,0.010000,0.242763,2026-05-31T15:55:02.796712
2313,81.9500,7,312,0.010000,0.229505,2026-05-31T15:55:04.842705
2314,71.7000,6,283,0.010000,0.240117,2026-05-31T15:55:06.627448
2315,12.6500,1,86,0.010000,0.219516,2026-05-31T15:55:07.220257
2316,70.6500,6,276,0.010000,0.231752,2026-05-31T15:55:08.897924
2317,55.6000,5,215,0.010000,0.251199,2026-05-31T15:55:10.220840
2318,25.1500,2,130,0.010000,0.257580,2026-05-31T15:55:11.071390
2319,12.8000,1,87,0.010000,0.224511,2026-05-31T15:55:11.631726
2320,12.8000,1,87,0.010000,0.233430,2026-05-31T15:55:12.201032
2321,12.6500,1,86,0.010000,0.197333,2026-05-31T15:55:12.786188
2322,2.7000,0,59,0.010000,0.226847,2026-05-31T15:55:13.174208
2323,12.6500,1,86,0.010000,0.206579,2026-05-31T15:55:13.910513
2324,1.3500,0,50,0.010000,0.309699,2026-05-31T15:55:14.245038
2325,47.3000,4,199,0.010000,0.212111,2026-05-31T15:55:15.599282
2326,125.5000,11,445,0.010000,0.236757,2026-05-31T15:55:19.608226
2327,3.0000,1,61,0.010000,0.222840,2026-05-31T15:55:20.069335
2328,12.6500,1,86,0.010000,0.266631,2026-05-31T15:55:20.763630
2329,81.9500,7,312,0.010000,0.216748,2026-05-31T15:55:22.801975
2330,48.2000,4,205,0.010000,0.253656,2026-05-31T15:55:24.179662
2331,10.2500,1,70,0.010000,0.225085,2026-05-31T15:55:24.630848
2332,21.5500,2,106,0.010000,0.191763,2026-05-31T15:55:25.335516
2333,10.2500,1,70,0.010000,0.275067,2026-05-31T15:55:25.764648
2334,2.2500,0,56,0.010000,0.176220,2026-05-31T15:55:26.152317
2335,9.9500,1,68,0.010000,0.222155,2026-05-31T15:55:26.702541
2336,12.6500,1,86,0.010000,0.259649,2026-05-31T15:55:27.301628
2337,9.6500,1,66,0.010000,0.225007,2026-05-31T15:55:27.945700
2338,2.8500,0,60,0.010000,0.279886,2026-05-31T15:55:28.365648
2339,37.2000,3,171,0.010000,0.204804,2026-05-31T15:55:29.511144
2340,12.6500,1,86,0.010000,0.201144,2026-05-31T15:55:30.081553
2341,12.6500,1,86,0.010000,0.246100,2026-05-31T15:55:30.653306
2342,9.0500,1,62,0.010000,0.269281,2026-05-31T15:55:31.089401
2343,14.0000,1,95,0.010000,0.254892,2026-05-31T15:55:31.733847
2344,81.9500,7,312,0.010000,0.239614,2026-05-31T15:55:33.704643
2345,9.0500,1,62,0.010000,0.225330,2026-05-31T15:55:34.116264
2346,3.0000,1,61,0.010000,0.227920,2026-05-31T15:55:34.541141
2347,12.6500,1,86,0.010000,0.230193,2026-05-31T15:55:35.106704
2348,1.9500,0,54,0.010000,0.247399,2026-05-31T15:55:35.676947
2349,12.6500,1,86,0.010000,0.267883,2026-05-31T15:55:36.203786
2350,23.9500,2,122,0.010000,0.248363,2026-05-31T15:55:37.229137
2351,10.1000,1,69,0.010000,0.217144,2026-05-31T15:55:37.723833
2352,21.2500,2,104,0.010000,0.245672,2026-05-31T15:55:38.402649
2353,9.0500,1,62,0.010000,0.192267,2026-05-31T15:55:38.820208
2354,3.0000,1,61,0.010000,0.224961,2026-05-31T15:55:39.477556
2355,1.3500,0,50,0.010000,0.234326,2026-05-31T15:55:39.816179
2356,13.8500,1,94,0.010000,0.192105,2026-05-31T15:55:40.766167
2357,2.5500,0,58,0.010000,0.207463,2026-05-31T15:55:41.189219
2358,13.4000,1,91,0.010000,0.197606,2026-05-31T15:55:41.882138
2359,14.1500,1,96,0.010000,0.210246,2026-05-31T15:55:42.756671
2360,12.6500,1,86,0.010000,0.198740,2026-05-31T15:55:43.345520
2361,2.8500,0,60,0.010000,0.265482,2026-05-31T15:55:43.725525
2362,2.4000,0,57,0.010000,0.222778,2026-05-31T15:55:44.259901
2363,3.0000,1,61,0.010000,0.189365,2026-05-31T15:55:44.686631
2364,13.8500,1,94,0.010000,0.243043,2026-05-31T15:55:45.330489
2365,37.2000,3,171,0.010000,0.244335,2026-05-31T15:55:46.622771
2366,12.6500,1,86,0.010000,0.232401,2026-05-31T15:55:47.385760
2367,12.6500,1,86,0.010000,0.249429,2026-05-31T15:55:48.161570
2368,2.8500,0,60,0.010000,0.236615,2026-05-31T15:55:48.754203
2369,37.8000,4,175,0.010000,0.220481,2026-05-31T15:55:49.892089
2370,89.9500,8,326,0.010000,0.223890,2026-05-31T15:55:52.195750
2371,25.4500,2,132,0.010000,0.220502,2026-05-31T15:55:53.089916
2372,3.0000,1,61,0.010000,0.236754,2026-05-31T15:55:53.556555
2373,1.3500,0,50,0.010000,0.226112,2026-05-31T15:55:53.879328
2374,24.1000,2,123,0.010000,0.256778,2026-05-31T15:55:54.670507
2375,9.9500,1,68,0.010000,0.217861,2026-05-31T15:55:55.142132
2376,24.5500,2,126,0.010000,0.252248,2026-05-31T15:55:55.968146
2377,72.1500,6,286,0.010000,0.235751,2026-05-31T15:55:57.715267
2378,2.5500,0,58,0.010000,0.248709,2026-05-31T15:55:58.104599
2379,1.3500,0,50,0.010000,0.247848,2026-05-31T15:55:58.451898
2380,-5.8500,0,50,0.010000,0.268733,2026-05-31T15:55:58.887316
2381,116.6000,10,425,0.010000,0.251973,2026-05-31T15:56:01.687370
2382,13.7000,1,93,0.010000,0.221513,2026-05-31T15:56:02.436325
2383,36.0000,3,163,0.010000,0.189255,2026-05-31T15:56:03.647562
2384,152.6000,13,547,0.010000,0.234757,2026-05-31T15:56:07.721466
2385,93.7000,8,351,0.010000,0.218106,2026-05-31T15:56:10.208318
2386,12.6500,1,86,0.010000,0.224256,2026-05-31T15:56:11.287535
2387,2.4000,0,57,0.010000,0.230030,2026-05-31T15:56:12.148823
2388,23.9500,2,122,0.010000,0.191277,2026-05-31T15:56:13.691309
2389,31.8000,3,135,0.010000,0.221808,2026-05-31T15:56:14.684559
2390,23.9500,2,122,0.010000,0.236669,2026-05-31T15:56:15.498901
2391,36.0000,3,163,0.010000,0.221922,2026-05-31T15:56:17.195718
2392,3.0000,1,61,0.010000,0.241845,2026-05-31T15:56:17.751815
2393,36.0000,3,163,0.010000,0.216644,2026-05-31T15:56:19.348917
2394,58.6000,5,235,0.010000,0.232628,2026-05-31T15:56:20.912121
2395,1.3500,0,50,0.010000,0.255457,2026-05-31T15:56:21.257382
2396,36.0000,3,163,0.010000,0.220524,2026-05-31T15:56:22.285996
2397,10.2500,1,70,0.010000,0.284584,2026-05-31T15:56:22.762844
2398,23.9500,2,122,0.010000,0.235935,2026-05-31T15:56:23.748826
2399,2.8500,0,60,0.010000,0.193980,2026-05-31T15:56:24.110545
2400,37.5000,3,173,0.010000,0.239963,2026-05-31T15:56:25.232951
2401,94.9000,8,359,0.010000,0.234728,2026-05-31T15:56:27.696405
2402,2.8500,0,60,0.010000,0.183058,2026-05-31T15:56:28.056152
2403,70.6500,6,276,0.010000,0.250059,2026-05-31T15:56:30.284069
2404,83.6000,7,323,0.010000,0.225138,2026-05-31T15:56:32.578638
2405,2.8500,0,60,0.010000,0.246629,2026-05-31T15:56:32.976271
2406,58.6000,5,235,0.010000,0.231401,2026-05-31T15:56:34.593677
2407,1.3500,0,50,0.010000,0.149885,2026-05-31T15:56:35.021563
2408,23.9500,2,122,0.010000,0.221526,2026-05-31T15:56:36.155008
2409,12.6500,1,86,0.010000,0.238052,2026-05-31T15:56:36.916230
2410,12.6500,1,86,0.010000,0.211219,2026-05-31T15:56:38.263270
2411,116.6000,10,425,0.010000,0.240180,2026-05-31T15:56:41.585715
2412,9.6500,1,66,0.010000,0.207249,2026-05-31T15:56:42.076161
2413,12.6500,1,86,0.010000,0.192152,2026-05-31T15:56:42.686369
2414,1.3500,0,50,0.010000,0.200820,2026-05-31T15:56:43.043575
2415,70.6500,6,276,0.010000,0.208356,2026-05-31T15:56:44.948486
2416,23.9500,2,122,0.010000,0.242380,2026-05-31T15:56:45.804602
2417,116.6000,10,425,0.010000,0.234438,2026-05-31T15:56:49.669483
2418,14.0000,1,95,0.010000,0.253459,2026-05-31T15:56:50.385047
2419,36.0000,3,163,0.010000,0.220946,2026-05-31T15:56:51.583768
2420,55.4500,5,214,0.010000,0.229882,2026-05-31T15:56:53.019045
2421,3.0000,1,61,0.010000,0.220885,2026-05-31T15:56:53.756752
2422,32.4000,3,139,0.010000,0.243079,2026-05-31T15:56:54.973927
2423,9.2000,1,63,0.010000,0.273322,2026-05-31T15:56:55.552534
2424,-6.4500,0,50,0.010000,0.217789,2026-05-31T15:56:56.082722
2425,47.3000,4,199,0.010000,0.260644,2026-05-31T15:56:57.701571
2426,9.6500,1,66,0.010000,0.207312,2026-05-31T15:56:58.362456
2427,9.0500,1,62,0.010000,0.293268,2026-05-31T15:56:58.964557
2428,93.2500,8,348,0.010000,0.250682,2026-05-31T15:57:01.474856
2429,12.6500,1,86,0.010000,0.243851,2026-05-31T15:57:02.679067
2430,3.0000,1,61,0.010000,0.239491,2026-05-31T15:57:03.348122
2431,58.6000,5,235,0.010000,0.218302,2026-05-31T15:57:05.394346
2432,3.0000,1,61,0.010000,0.208740,2026-05-31T15:57:05.824482
2433,12.6500,1,86,0.010000,0.208323,2026-05-31T15:57:06.425871
2434,14.1500,1,96,0.010000,0.226272,2026-05-31T15:57:07.082271
2435,2.7000,0,59,0.010000,0.207638,2026-05-31T15:57:07.456642
2436,70.6500,6,276,0.010000,0.241405,2026-05-31T15:57:09.188702
2437,37.5000,3,173,0.010000,0.196058,2026-05-31T15:57:10.266867
2438,32.8500,3,142,0.010000,0.233973,2026-05-31T15:57:11.216600
2439,12.6500,1,86,0.010000,0.225200,2026-05-31T15:57:12.040793
2440,13.5500,1,92,0.010000,0.212402,2026-05-31T15:57:12.673909
2441,12.6500,1,86,0.010000,0.256351,2026-05-31T15:57:13.330636
2442,47.3000,4,199,0.010000,0.234102,2026-05-31T15:57:14.588930
2443,12.6500,1,86,0.010000,0.198665,2026-05-31T15:57:15.155263
2444,116.6000,10,425,0.010000,0.222151,2026-05-31T15:57:18.565326
2445,3.0000,1,61,0.010000,0.264964,2026-05-31T15:57:18.927357
2446,90.8500,8,332,0.010000,0.230978,2026-05-31T15:57:21.162808
2447,23.9500,2,122,0.010000,0.232732,2026-05-31T15:57:21.972209
2448,3.0000,1,61,0.010000,0.243327,2026-05-31T15:57:22.402012
2449,36.0000,3,163,0.010000,0.242006,2026-05-31T15:57:23.441727
2450,12.6500,1,86,0.010000,0.229274,2026-05-31T15:57:24.204815
2451,23.9500,2,122,0.010000,0.211610,2026-05-31T15:57:24.984390
2452,3.0000,1,61,0.010000,0.204078,2026-05-31T15:57:25.350756
2453,12.6500,1,86,0.010000,0.184531,2026-05-31T15:57:25.944319
2454,47.3000,4,199,0.010000,0.239482,2026-05-31T15:57:27.163060
2455,21.4000,2,105,0.010000,0.216023,2026-05-31T15:57:27.954645
2456,12.6500,1,86,0.010000,0.227017,2026-05-31T15:57:28.893189
2457,24.1000,2,123,0.010000,0.221156,2026-05-31T15:57:29.731999
2458,81.9500,7,312,0.010000,0.233797,2026-05-31T15:57:31.652461
2459,12.6500,1,86,0.010000,0.215706,2026-05-31T15:57:32.252032
2460,37.5000,3,173,0.010000,0.242552,2026-05-31T15:57:33.330608
2461,23.9500,2,122,0.010000,0.226250,2026-05-31T15:57:34.119676
2462,70.6500,6,276,0.010000,0.223960,2026-05-31T15:57:35.852749
2463,23.9500,2,122,0.010000,0.256976,2026-05-31T15:57:36.626726
2464,23.9500,2,122,0.010000,0.194566,2026-05-31T15:57:37.492189
2465,36.0000,3,163,0.010000,0.213786,2026-05-31T15:57:38.528712
2466,12.6500,1,86,0.010000,0.226219,2026-05-31T15:57:39.117384
2467,47.3000,4,199,0.010000,0.251334,2026-05-31T15:57:40.527594
2468,21.5500,2,106,0.010000,0.228410,2026-05-31T15:57:41.348332
2469,1.5000,0,51,0.010000,0.188797,2026-05-31T15:57:41.667318
2470,1.8000,0,53,0.010000,0.215150,2026-05-31T15:57:42.056753
2471,23.9500,2,122,0.010000,0.216199,2026-05-31T15:57:42.834431
2472,44.6000,4,181,0.010000,0.249197,2026-05-31T15:57:43.947178
2473,43.8500,4,176,0.010000,0.212079,2026-05-31T15:57:45.049517
2474,12.6500,1,86,0.010000,0.252117,2026-05-31T15:57:45.676291
2475,14.3000,2,97,0.010000,0.222598,2026-05-31T15:57:46.473765
2476,12.6500,1,86,0.010000,0.202976,2026-05-31T15:57:47.196977
2477,12.6500,1,86,0.010000,0.238252,2026-05-31T15:57:47.927721
2478,12.6500,1,86,0.010000,0.264472,2026-05-31T15:57:48.874642
2479,36.0000,3,163,0.010000,0.199926,2026-05-31T15:57:49.958464
2480,47.3000,4,199,0.010000,0.242623,2026-05-31T15:57:51.267298
2481,-1.5000,0,31,0.010000,0.250306,2026-05-31T15:57:51.469902
2482,25.4500,2,132,0.010000,0.225347,2026-05-31T15:57:52.318627
2483,13.1000,1,89,0.010000,0.214586,2026-05-31T15:57:52.909747
2484,36.0000,3,163,0.010000,0.214839,2026-05-31T15:57:53.946396
2485,1.3500,0,50,0.010000,0.235737,2026-05-31T15:57:54.260520
2486,36.0000,3,163,0.010000,0.233444,2026-05-31T15:57:55.286156
2487,23.9500,2,122,0.010000,0.237915,2026-05-31T15:57:56.065498
2488,36.0000,3,163,0.010000,0.200836,2026-05-31T15:57:57.056824
2489,23.9500,2,122,0.010000,0.212520,2026-05-31T15:57:58.008986
2490,12.6500,1,86,0.010000,0.266510,2026-05-31T15:57:58.580800
2491,20.3500,2,98,0.010000,0.194202,2026-05-31T15:57:59.274683
2492,20.3500,2,98,0.010000,0.189534,2026-05-31T15:57:59.939415
2493,25.4500,2,132,0.010000,0.233532,2026-05-31T15:58:00.784331
2494,23.9500,2,122,0.010000,0.251810,2026-05-31T15:58:01.566660
2495,105.3000,9,389,0.010000,0.239405,2026-05-31T15:58:04.132063
2496,24.1000,2,123,0.010000,0.237720,2026-05-31T15:58:04.908784
2497,94.6000,8,357,0.010000,0.247194,2026-05-31T15:58:07.094552
2498,20.9500,2,102,0.010000,0.201855,2026-05-31T15:58:07.767118
2499,81.9500,7,312,0.010000,0.249818,2026-05-31T15:58:09.668137
2500,14.3000,2,97,0.010000,0.246143,2026-05-31T15:58:10.462302
2501,56.0500,5,218,0.010000,0.238793,2026-05-31T15:58:11.812674
2502,81.9500,7,312,0.010000,0.223973,2026-05-31T15:58:13.707520
2503,70.6500,6,276,0.010000,0.228930,2026-05-31T15:58:15.449958
2504,12.6500,1,86,0.010000,0.259961,2026-05-31T15:58:16.114291
2505,36.0000,3,163,0.010000,0.212907,2026-05-31T15:58:17.476170
2506,47.3000,4,199,0.010000,0.238368,2026-05-31T15:58:19.062804
2507,23.9500,2,122,0.010000,0.205872,2026-05-31T15:58:20.568800
2508,3.0000,1,61,0.010000,0.275785,2026-05-31T15:58:21.038842
2509,23.9500,2,122,0.010000,0.230828,2026-05-31T15:58:22.074633
2510,3.0000,1,61,0.010000,0.198485,2026-05-31T15:58:22.755030
2511,55.6000,5,215,0.010000,0.239145,2026-05-31T15:58:24.167691
2512,36.0000,3,163,0.010000,0.216884,2026-05-31T15:58:25.168320
2513,12.6500,1,86,0.010000,0.249314,2026-05-31T15:58:25.780229
2514,72.3000,6,287,0.010000,0.218469,2026-05-31T15:58:27.579619
2515,24.1000,2,123,0.010000,0.233589,2026-05-31T15:58:28.373611
2516,47.6000,4,201,0.010000,0.225889,2026-05-31T15:58:29.733079
2517,12.6500,1,86,0.010000,0.216396,2026-05-31T15:58:30.321329
2518,23.9500,2,122,0.010000,0.207928,2026-05-31T15:58:31.104161
2519,151.2500,13,538,0.010000,0.222814,2026-05-31T15:58:34.970398
2520,36.9000,3,169,0.010000,0.228783,2026-05-31T15:58:35.988107
2521,12.6500,1,86,0.010000,0.251782,2026-05-31T15:58:36.536508
2522,36.0000,3,163,0.010000,0.196618,2026-05-31T15:58:37.563269
2523,12.6500,1,86,0.010000,0.239096,2026-05-31T15:58:38.277959
2524,81.9500,7,312,0.010000,0.211065,2026-05-31T15:58:40.191232
2525,36.0000,3,163,0.010000,0.233263,2026-05-31T15:58:41.382999
2526,3.0000,1,61,0.010000,0.224820,2026-05-31T15:58:41.806254
2527,12.6500,1,86,0.010000,0.226289,2026-05-31T15:58:42.398432
2528,1.3500,0,50,0.010000,0.177913,2026-05-31T15:58:42.725405
2529,1.3500,0,50,0.010000,0.225476,2026-05-31T15:58:43.257621
2530,2.8500,0,60,0.010000,0.217493,2026-05-31T15:58:44.206778
2531,9.3500,1,64,0.010000,0.223160,2026-05-31T15:58:44.599632
2532,12.6500,1,86,0.010000,0.173660,2026-05-31T15:58:45.225274
2533,3.0000,1,61,0.010000,0.212831,2026-05-31T15:58:45.627115
2534,25.6000,3,133,0.010000,0.220433,2026-05-31T15:58:46.760276
2535,36.0000,3,163,0.010000,0.252236,2026-05-31T15:58:48.178851
2536,12.6500,1,86,0.010000,0.178266,2026-05-31T15:58:48.896011
2537,36.0000,3,163,0.010000,0.190899,2026-05-31T15:58:50.302168
2538,12.6500,1,86,0.010000,0.191515,2026-05-31T15:58:50.874196
2539,36.0000,3,163,0.010000,0.226971,2026-05-31T15:58:51.965879
2540,89.9500,8,326,0.010000,0.258489,2026-05-31T15:58:54.549218
2541,93.2500,8,348,0.010000,0.225308,2026-05-31T15:58:56.828219
2542,9.8000,1,67,0.010000,0.277556,2026-05-31T15:58:57.323611
2543,12.6500,1,86,0.010000,0.219444,2026-05-31T15:58:57.932207
2544,21.5500,2,106,0.010000,0.232500,2026-05-31T15:58:58.627998
2545,3.0000,1,61,0.010000,0.198309,2026-05-31T15:58:59.193631
2546,1.3500,0,50,0.010000,0.222868,2026-05-31T15:58:59.499965
2547,14.3000,2,97,0.010000,0.209601,2026-05-31T15:59:00.395356
2548,1.5000,0,51,0.010000,0.170175,2026-05-31T15:59:00.794148
2549,21.1000,2,103,0.010000,0.226506,2026-05-31T15:59:01.527182
2550,23.9500,2,122,0.010000,0.227114,2026-05-31T15:59:02.658749
2551,70.6500,6,276,0.010000,0.208926,2026-05-31T15:59:04.759413
2552,1.3500,0,50,0.010000,0.214025,2026-05-31T15:59:05.122317
2553,31.6500,3,134,0.010000,0.217502,2026-05-31T15:59:06.030299
2554,14.1500,1,96,0.010000,0.211846,2026-05-31T15:59:06.664291
2555,14.3000,2,97,0.010000,0.231117,2026-05-31T15:59:07.341450
2556,9.8000,1,67,0.010000,0.185866,2026-05-31T15:59:07.790074
2557,1.3500,0,50,0.010000,0.165221,2026-05-31T15:59:08.133584
2558,47.3000,4,199,0.010000,0.211926,2026-05-31T15:59:09.382335
2559,21.1000,2,103,0.010000,0.255801,2026-05-31T15:59:10.076921
2560,47.3000,4,199,0.010000,0.212546,2026-05-31T15:59:11.510133
2561,105.3000,9,389,0.010000,0.224616,2026-05-31T15:59:14.156128
2562,70.6500,6,276,0.010000,0.213357,2026-05-31T15:59:15.898343
2563,47.3000,4,199,0.010000,0.221076,2026-05-31T15:59:17.525167
2564,70.6500,6,276,0.010000,0.216062,2026-05-31T15:59:19.891629
2565,23.9500,2,122,0.010000,0.244231,2026-05-31T15:59:20.814466
2566,23.9500,2,122,0.010000,0.237342,2026-05-31T15:59:21.612150
2567,23.9500,2,122,0.010000,0.228460,2026-05-31T15:59:22.382131
2568,1.3500,0,50,0.010000,0.223985,2026-05-31T15:59:22.908466
2569,12.6500,1,86,0.010000,0.202704,2026-05-31T15:59:23.549500
2570,1.3500,0,50,0.010000,0.293268,2026-05-31T15:59:23.866545
2571,23.9500,2,122,0.010000,0.235439,2026-05-31T15:59:24.844942
2572,162.5500,14,574,0.010000,0.214250,2026-05-31T15:59:28.400746
2573,20.3500,2,98,0.010000,0.208968,2026-05-31T15:59:29.085335
2574,12.6500,1,86,0.010000,0.227750,2026-05-31T15:59:29.698467
2575,47.3000,4,199,0.010000,0.240611,2026-05-31T15:59:30.919527
2576,58.6000,5,235,0.010000,0.227055,2026-05-31T15:59:32.572888
2577,36.0000,3,163,0.010000,0.215942,2026-05-31T15:59:33.593217
2578,47.3000,4,199,0.010000,0.241601,2026-05-31T15:59:34.952061
2579,23.9500,2,122,0.010000,0.212529,2026-05-31T15:59:35.842572
2580,1.6500,0,52,0.010000,0.185232,2026-05-31T15:59:36.248482
2581,24.4000,2,125,0.010000,0.240569,2026-05-31T15:59:37.394106
2582,1.3500,0,50,0.010000,0.199618,2026-05-31T15:59:37.727674
2583,14.1500,1,96,0.010000,0.186576,2026-05-31T15:59:38.520669
2584,66.9000,6,251,0.010000,0.215652,2026-05-31T15:59:40.354510
2585,24.2500,2,124,0.010000,0.229686,2026-05-31T15:59:41.478427
2586,36.0000,3,163,0.010000,0.229838,2026-05-31T15:59:42.914896
2587,47.3000,4,199,0.010000,0.226298,2026-05-31T15:59:44.239875
2588,36.0000,3,163,0.010000,0.210602,2026-05-31T15:59:45.174136
2589,9.8000,1,67,0.010000,0.232793,2026-05-31T15:59:45.555203
2590,1.3500,0,50,0.010000,0.234472,2026-05-31T15:59:45.857943
2591,1.9500,0,54,0.010000,0.245325,2026-05-31T15:59:46.408964
2592,25.0000,2,129,0.010000,0.219679,2026-05-31T15:59:47.520197
2593,12.6500,1,86,0.010000,0.269498,2026-05-31T15:59:48.369586
2594,3.0000,1,61,0.010000,0.216754,2026-05-31T15:59:48.815696
2595,36.1500,3,164,0.010000,0.209690,2026-05-31T15:59:49.736818
2596,48.8000,4,209,0.010000,0.221712,2026-05-31T15:59:50.983654
2597,1.6500,0,52,0.010000,0.182810,2026-05-31T15:59:51.308492
2598,12.9500,1,88,0.010000,0.221276,2026-05-31T15:59:51.973442
2599,2.4000,0,57,0.010000,0.228140,2026-05-31T15:59:52.280362
2600,1.3500,0,50,0.010000,0.159014,2026-05-31T15:59:52.553414
2601,23.9500,2,122,0.010000,0.215462,2026-05-31T15:59:53.419758
2602,9.3500,1,64,0.010000,0.234513,2026-05-31T15:59:53.924741
2603,14.3000,2,97,0.010000,0.236549,2026-05-31T15:59:54.478043
2604,3.0000,1,61,0.010000,0.234911,2026-05-31T15:59:54.804183
2605,3.0000,1,61,0.010000,0.224169,2026-05-31T15:59:55.165389
2606,1.5000,0,51,0.010000,0.244610,2026-05-31T15:59:55.493289
2607,1.3500,0,50,0.010000,0.193330,2026-05-31T15:59:55.762180
2608,9.6500,1,66,0.010000,0.230766,2026-05-31T15:59:56.142385
2609,1.3500,0,50,0.010000,0.219824,2026-05-31T15:59:56.430084
2610,13.7000,1,93,0.010000,0.192051,2026-05-31T15:59:56.931058
2611,36.0000,3,163,0.010000,0.213604,2026-05-31T15:59:57.812872
2612,-1.5000,0,31,0.010000,0.205826,2026-05-31T15:59:58.172926
2613,21.4000,2,105,0.010000,0.249717,2026-05-31T15:59:59.210658
2614,-1.5000,0,31,0.010000,0.258572,2026-05-31T15:59:59.407780
2615,23.9500,2,122,0.010000,0.266953,2026-05-31T16:00:00.085959
2616,-1.5000,0,31,0.010000,0.201456,2026-05-31T16:00:00.293179
2617,-1.5000,0,31,0.010000,0.226396,2026-05-31T16:00:00.503010
2618,36.0000,3,163,0.010000,0.204386,2026-05-31T16:00:01.410625
2619,1.3500,0,50,0.010000,0.254091,2026-05-31T16:00:01.774140
2620,1.3500,0,50,0.010000,0.232659,2026-05-31T16:00:02.225698
2621,1.3500,0,50,0.010000,0.169440,2026-05-31T16:00:02.560148
2622,37.6500,3,174,0.010000,0.237223,2026-05-31T16:00:03.547918
2623,1.3500,0,50,0.010000,0.257239,2026-05-31T16:00:03.825533
2624,23.9500,2,122,0.010000,0.223968,2026-05-31T16:00:04.493986
2625,1.3500,0,50,0.010000,0.273562,2026-05-31T16:00:04.964332
2626,70.6500,6,276,0.010000,0.204212,2026-05-31T16:00:06.466631
2627,36.0000,3,163,0.010000,0.235511,2026-05-31T16:00:07.382006
2628,36.0000,3,163,0.010000,0.222805,2026-05-31T16:00:08.260916
2629,21.4000,2,105,0.010000,0.238996,2026-05-31T16:00:08.847764
2630,55.7500,5,216,0.010000,0.245403,2026-05-31T16:00:10.173972
2631,36.4500,3,166,0.010000,0.178978,2026-05-31T16:00:11.386738
2632,70.6500,6,276,0.010000,0.232333,2026-05-31T16:00:13.082945
2633,23.9500,2,122,0.010000,0.256260,2026-05-31T16:00:13.817787
2634,44.6000,4,181,0.010000,0.236500,2026-05-31T16:00:14.819974
2635,1.3500,0,50,0.010000,0.209578,2026-05-31T16:00:15.149602
2636,9.9500,1,68,0.010000,0.225977,2026-05-31T16:00:15.580892
2637,12.9500,1,88,0.010000,0.204427,2026-05-31T16:00:16.432126
2638,2.7000,0,59,0.010000,0.241047,2026-05-31T16:00:16.866400
2639,47.3000,4,199,0.010000,0.226296,2026-05-31T16:00:18.421908
2640,2.8500,0,60,0.010000,0.240399,2026-05-31T16:00:18.838927
2641,14.3000,2,97,0.010000,0.211508,2026-05-31T16:00:19.450043
2642,12.6500,1,86,0.010000,0.212209,2026-05-31T16:00:20.084369
2643,36.0000,3,163,0.010000,0.253596,2026-05-31T16:00:20.973917
2644,70.6500,6,276,0.010000,0.215640,2026-05-31T16:00:22.516879
2645,12.8000,1,87,0.010000,0.231978,2026-05-31T16:00:23.004056
2646,1.3500,0,50,0.010000,0.262534,2026-05-31T16:00:23.300035
2647,82.4000,7,315,0.010000,0.232941,2026-05-31T16:00:25.124161
2648,47.3000,4,199,0.010000,0.232968,2026-05-31T16:00:26.300409
2649,12.6500,1,86,0.010000,0.243838,2026-05-31T16:00:26.764933
2650,1.3500,0,50,0.010000,0.288961,2026-05-31T16:00:27.047177
2651,3.0000,1,61,0.010000,0.217323,2026-05-31T16:00:27.587007
2652,1.3500,0,50,0.010000,0.277597,2026-05-31T16:00:27.852909
2653,90.4000,8,329,0.010000,0.245326,2026-05-31T16:00:29.837412
2654,24.7000,2,127,0.010000,0.254140,2026-05-31T16:00:30.554688
2655,9.3500,1,64,0.010000,0.240125,2026-05-31T16:00:30.934893
2656,1.3500,0,50,0.010000,0.281430,2026-05-31T16:00:31.214947
2657,105.3000,9,389,0.010000,0.218811,2026-05-31T16:00:33.384396
2658,12.6500,1,86,0.010000,0.241952,2026-05-31T16:00:33.864637
2659,23.9500,2,122,0.010000,0.217600,2026-05-31T16:00:34.530574
2660,1.3500,0,50,0.010000,0.321745,2026-05-31T16:00:34.828262
2661,1.6500,0,52,0.010000,0.241458,2026-05-31T16:00:35.105123
2662,13.1000,1,89,0.010000,0.232849,2026-05-31T16:00:35.616482
2663,58.6000,5,235,0.010000,0.210563,2026-05-31T16:00:36.879739
2664,31.6500,3,134,0.010000,0.243554,2026-05-31T16:00:37.845619
2665,13.8500,1,94,0.010000,0.209519,2026-05-31T16:00:38.438267
2666,23.9500,2,122,0.010000,0.205302,2026-05-31T16:00:39.183345
2667,23.9500,2,122,0.010000,0.238239,2026-05-31T16:00:39.976838
2668,12.6500,1,86,0.010000,0.214586,2026-05-31T16:00:40.471800
2669,151.2500,13,538,0.010000,0.238108,2026-05-31T16:00:43.828388
2670,9.9500,1,68,0.010000,0.232140,2026-05-31T16:00:44.292085
2671,1.3500,0,50,0.010000,0.234423,2026-05-31T16:00:44.608925
2672,36.0000,3,163,0.010000,0.219610,2026-05-31T16:00:45.561706
2673,82.2500,7,314,0.010000,0.224256,2026-05-31T16:00:48.376864
2674,116.6000,10,425,0.010000,0.223663,2026-05-31T16:00:52.258618
2675,23.9500,2,122,0.010000,0.239918,2026-05-31T16:00:53.460807
2676,23.9500,2,122,0.010000,0.229959,2026-05-31T16:00:54.411029
2677,3.0000,1,61,0.010000,0.202581,2026-05-31T16:00:54.850730
2678,90.8500,8,332,0.010000,0.231795,2026-05-31T16:00:56.904902
2679,9.3500,1,64,0.010000,0.294494,2026-05-31T16:00:57.367407
2680,93.2500,8,348,0.010000,0.221562,2026-05-31T16:00:59.722312
2681,2.4000,0,57,0.010000,0.241220,2026-05-31T16:01:00.108016
2682,58.6000,5,235,0.010000,0.224079,2026-05-31T16:01:01.588277
2683,1.8000,0,53,0.010000,0.224443,2026-05-31T16:01:02.010813
2684,24.7000,2,127,0.010000,0.219493,2026-05-31T16:01:02.872194
2685,31.8000,3,135,0.010000,0.221065,2026-05-31T16:01:03.894263
2686,23.9500,2,122,0.010000,0.224319,2026-05-31T16:01:04.692923
2687,2.2500,0,56,0.010000,0.211139,2026-05-31T16:01:05.047673
2688,58.6000,5,235,0.010000,0.240335,2026-05-31T16:01:06.600109
2689,36.4500,3,166,0.010000,0.232971,2026-05-31T16:01:07.667517
2690,9.9500,1,68,0.010000,0.203196,2026-05-31T16:01:08.154401
2691,58.6000,5,235,0.010000,0.221877,2026-05-31T16:01:09.586321
2692,12.6500,1,86,0.010000,0.244088,2026-05-31T16:01:10.189607
2693,1.6500,0,52,0.010000,0.145851,2026-05-31T16:01:10.540630
2694,162.5500,14,574,0.010000,0.223620,2026-05-31T16:01:14.533756
2695,36.3000,3,165,0.010000,0.243647,2026-05-31T16:01:15.828624
2696,105.3000,9,389,0.010000,0.228706,2026-05-31T16:01:19.032721
2697,21.5500,2,106,0.010000,0.272036,2026-05-31T16:01:19.785112
2698,24.1000,2,123,0.010000,0.270087,2026-05-31T16:01:20.835195
2699,12.9500,1,88,0.010000,0.193886,2026-05-31T16:01:21.439873
2700,13.1000,1,89,0.010000,0.222464,2026-05-31T16:01:22.035235
2701,2.1000,0,55,0.010000,0.260702,2026-05-31T16:01:22.399743
2702,70.6500,6,276,0.010000,0.216916,2026-05-31T16:01:24.475656
2703,14.1500,1,96,0.010000,0.237926,2026-05-31T16:01:25.132884
2704,23.9500,2,122,0.010000,0.239906,2026-05-31T16:01:25.938759
2705,-1.0500,0,50,0.010000,0.215076,2026-05-31T16:01:26.259702
2706,36.0000,3,163,0.010000,0.236854,2026-05-31T16:01:27.307039
2707,12.6500,1,86,0.010000,0.249320,2026-05-31T16:01:27.917855
2708,36.0000,3,163,0.010000,0.241921,2026-05-31T16:01:29.117023
2709,1.3500,0,50,0.010000,0.186045,2026-05-31T16:01:29.529774
2710,24.2500,2,124,0.010000,0.190785,2026-05-31T16:01:30.315889
2711,32.4000,3,139,0.010000,0.197972,2026-05-31T16:01:31.210672
2712,47.3000,4,199,0.010000,0.222547,2026-05-31T16:01:32.595755
2713,1.8000,0,53,0.010000,0.193458,2026-05-31T16:01:32.987300
2714,36.3000,3,165,0.010000,0.232012,2026-05-31T16:01:34.035857
2715,1.3500,0,50,0.010000,0.216161,2026-05-31T16:01:34.352834
2716,14.0000,1,95,0.010000,0.214443,2026-05-31T16:01:35.028388
2717,3.0000,1,61,0.010000,0.218702,2026-05-31T16:01:35.553863
2718,12.8000,1,87,0.010000,0.285683,2026-05-31T16:01:36.327053
2719,48.8000,4,209,0.010000,0.245223,2026-05-31T16:01:37.564939
2720,2.4000,0,57,0.010000,0.216230,2026-05-31T16:01:38.223020
2721,1.3500,0,50,0.010000,0.254185,2026-05-31T16:01:38.655299
2722,12.6500,1,86,0.010000,0.270707,2026-05-31T16:01:39.280705
2723,36.1500,3,164,0.010000,0.227386,2026-05-31T16:01:40.514070
2724,93.2500,8,348,0.010000,0.255845,2026-05-31T16:01:43.280661
2725,36.1500,3,164,0.010000,0.221734,2026-05-31T16:01:44.565647
2726,82.4000,7,315,0.010000,0.204287,2026-05-31T16:01:47.330752
2727,1.6500,0,52,0.010000,0.185720,2026-05-31T16:01:47.899929
2728,93.4000,8,349,0.010000,0.221396,2026-05-31T16:01:50.589928
2729,12.9500,1,88,0.010000,0.255018,2026-05-31T16:01:51.198292
2730,13.1000,1,89,0.010000,0.204498,2026-05-31T16:01:51.983578
2731,23.9500,2,122,0.010000,0.237248,2026-05-31T16:01:52.781683
2732,36.7500,3,168,0.010000,0.215167,2026-05-31T16:01:53.825739
2733,14.1500,1,96,0.010000,0.231713,2026-05-31T16:01:54.493657
2734,2.4000,0,57,0.010000,0.239853,2026-05-31T16:01:54.866094
2735,12.6500,1,86,0.010000,0.207917,2026-05-31T16:01:55.457373
2736,13.4000,1,91,0.010000,0.250686,2026-05-31T16:01:56.242447
2737,36.0000,3,163,0.010000,0.226744,2026-05-31T16:01:57.249116
2738,12.8000,1,87,0.010000,0.233974,2026-05-31T16:01:57.814953
2739,12.6500,1,86,0.010000,0.196532,2026-05-31T16:01:58.393683
2740,1.3500,0,50,0.010000,0.234658,2026-05-31T16:01:58.765825
2741,24.4000,2,125,0.010000,0.208064,2026-05-31T16:01:59.786337
2742,3.0000,1,61,0.010000,0.246655,2026-05-31T16:02:00.310056
2743,1.3500,0,50,0.010000,0.176121,2026-05-31T16:02:00.655104
2744,13.1000,1,89,0.010000,0.235750,2026-05-31T16:02:01.398570
2745,36.9000,3,169,0.010000,0.227781,2026-05-31T16:02:02.880225
2746,23.9500,2,122,0.010000,0.277223,2026-05-31T16:02:03.770196
2747,2.2500,0,56,0.010000,0.219147,2026-05-31T16:02:04.208213
2748,1.9500,0,54,0.010000,0.215400,2026-05-31T16:02:04.554630
2749,31.6500,3,134,0.010000,0.201160,2026-05-31T16:02:05.484590
2750,24.2500,2,124,0.010000,0.238812,2026-05-31T16:02:06.404988
2751,1.9500,0,54,0.010000,0.273980,2026-05-31T16:02:06.872495
2752,1.3500,0,50,0.010000,0.217484,2026-05-31T16:02:07.169156
2753,2.8500,0,60,0.010000,0.260097,2026-05-31T16:02:07.574303
2754,47.3000,4,199,0.010000,0.265165,2026-05-31T16:02:08.933439
2755,36.7500,3,168,0.010000,0.241623,2026-05-31T16:02:10.383637
2756,12.6500,1,86,0.010000,0.218976,2026-05-31T16:02:10.987551
2757,10.1000,1,69,0.010000,0.181831,2026-05-31T16:02:11.527471
2758,82.2500,7,314,0.010000,0.207196,2026-05-31T16:02:13.544061
2759,36.0000,3,163,0.010000,0.205733,2026-05-31T16:02:14.747868
2760,12.6500,1,86,0.010000,0.199268,2026-05-31T16:02:15.321539
2761,21.4000,2,105,0.010000,0.253906,2026-05-31T16:02:16.311648
2762,93.2500,8,348,0.010000,0.222014,2026-05-31T16:02:19.765607
2763,12.6500,1,86,0.010000,0.211794,2026-05-31T16:02:20.552503
2764,1.3500,0,50,0.010000,0.195980,2026-05-31T16:02:20.936378
2765,36.0000,3,163,0.010000,0.224325,2026-05-31T16:02:21.946092
2766,24.2500,2,124,0.010000,0.215749,2026-05-31T16:02:23.271176
2767,12.9500,1,88,0.010000,0.240732,2026-05-31T16:02:24.085325
2768,1.3500,0,50,0.010000,0.251053,2026-05-31T16:02:24.407153
2769,1.3500,0,50,0.010000,0.205751,2026-05-31T16:02:24.757853
2770,1.5000,0,51,0.010000,0.190214,2026-05-31T16:02:25.083514
2771,14.3000,2,97,0.010000,0.278186,2026-05-31T16:02:25.808765
2772,12.6500,1,86,0.010000,0.216842,2026-05-31T16:02:26.385341
2773,1.3500,0,50,0.010000,0.227427,2026-05-31T16:02:26.739401
2774,36.4500,3,166,0.010000,0.214244,2026-05-31T16:02:28.046580
2775,24.7000,2,127,0.010000,0.209675,2026-05-31T16:02:29.007195
2776,106.8000,9,399,0.010000,0.223704,2026-05-31T16:02:31.777047
2777,1.6500,0,52,0.010000,0.191255,2026-05-31T16:02:32.190709
2778,1.3500,0,50,0.010000,0.233802,2026-05-31T16:02:32.569046
2779,12.8000,1,87,0.010000,0.257584,2026-05-31T16:02:33.145038
2780,23.9500,2,122,0.010000,0.215019,2026-05-31T16:02:33.935788
2781,14.3000,2,97,0.010000,0.194740,2026-05-31T16:02:34.605229
2782,3.0000,1,61,0.010000,0.226247,2026-05-31T16:02:35.160048
2783,1.3500,0,50,0.010000,0.230081,2026-05-31T16:02:35.450757
2784,37.5000,3,173,0.010000,0.241811,2026-05-31T16:02:36.590790
2785,12.9500,1,88,0.010000,0.205573,2026-05-31T16:02:37.167234
2786,12.8000,1,87,0.010000,0.187251,2026-05-31T16:02:37.744056
2787,36.3000,3,165,0.010000,0.219874,2026-05-31T16:02:38.767556
2788,44.0000,4,177,0.010000,0.249553,2026-05-31T16:02:40.407101
2789,1.3500,0,50,0.010000,0.255862,2026-05-31T16:02:40.870251
2790,81.9500,7,312,0.010000,0.224406,2026-05-31T16:02:43.110473
2791,12.6500,1,86,0.010000,0.207369,2026-05-31T16:02:43.744424
2792,47.3000,4,199,0.010000,0.246763,2026-05-31T16:02:45.141966
2793,12.8000,1,87,0.010000,0.232344,2026-05-31T16:02:45.764037
2794,23.9500,2,122,0.010000,0.229208,2026-05-31T16:02:46.895713
2795,2.7000,0,59,0.010000,0.216720,2026-05-31T16:02:47.754686
2796,44.1500,4,178,0.010000,0.224042,2026-05-31T16:02:51.231668
2797,1.3500,0,50,0.010000,0.276035,2026-05-31T16:02:51.987913
2798,23.9500,2,122,0.010000,0.195677,2026-05-31T16:02:53.399597
2799,9.5000,1,65,0.010000,0.246638,2026-05-31T16:02:53.994969
2800,20.6500,2,100,0.010000,0.190381,2026-05-31T16:02:54.779922
2801,1.5000,0,51,0.010000,0.198978,2026-05-31T16:02:55.182085
2802,12.6500,1,86,0.010000,0.217729,2026-05-31T16:02:55.894239
2803,23.9500,2,122,0.010000,0.188430,2026-05-31T16:02:56.824152
2804,12.9500,1,88,0.010000,0.237951,2026-05-31T16:02:57.473162
2805,9.9500,1,68,0.010000,0.222993,2026-05-31T16:02:57.996574
2806,20.5000,2,99,0.010000,0.216899,2026-05-31T16:02:58.962714
2807,12.6500,1,86,0.010000,0.212526,2026-05-31T16:02:59.928132
2808,10.1000,1,69,0.010000,0.257352,2026-05-31T16:03:00.559568
2809,1.5000,0,51,0.010000,0.212372,2026-05-31T16:03:00.908031
2810,36.0000,3,163,0.010000,0.236885,2026-05-31T16:03:02.165721
2811,23.9500,2,122,0.010000,0.218265,2026-05-31T16:03:03.812900
2812,9.9500,1,68,0.010000,0.220789,2026-05-31T16:03:04.379493
2813,31.6500,3,134,0.010000,0.231964,2026-05-31T16:03:05.528134
2814,1.3500,0,50,0.010000,0.225226,2026-05-31T16:03:05.977822
2815,58.6000,5,235,0.010000,0.242793,2026-05-31T16:03:08.096178
2816,58.6000,5,235,0.010000,0.224934,2026-05-31T16:03:09.937208
2817,23.9500,2,122,0.010000,0.224924,2026-05-31T16:03:11.045130
2818,36.0000,3,163,0.010000,0.253232,2026-05-31T16:03:12.190882
2819,1.3500,0,50,0.010000,0.247736,2026-05-31T16:03:12.587813
2820,2.8500,0,60,0.010000,0.234075,2026-05-31T16:03:13.129364
2821,37.6500,3,174,0.010000,0.253054,2026-05-31T16:03:14.351155
2822,1.3500,0,50,0.010000,0.221972,2026-05-31T16:03:14.952266
2823,1.3500,0,50,0.010000,0.179813,2026-05-31T16:03:15.597268
2824,1.3500,0,50,0.010000,0.219492,2026-05-31T16:03:16.184018
2825,9.9500,1,68,0.010000,0.254693,2026-05-31T16:03:17.037522
2826,12.6500,1,86,0.010000,0.243199,2026-05-31T16:03:17.830299
2827,82.1000,7,313,0.010000,0.226350,2026-05-31T16:03:20.140789
2828,23.9500,2,122,0.010000,0.212968,2026-05-31T16:03:21.163552
2829,20.9500,2,102,0.010000,0.184154,2026-05-31T16:03:21.908188
2830,12.6500,1,86,0.010000,0.250177,2026-05-31T16:03:22.486720
2831,10.1000,1,69,0.010000,0.232188,2026-05-31T16:03:22.992608
2832,47.3000,4,199,0.010000,0.220718,2026-05-31T16:03:24.629319
2833,32.4000,3,139,0.010000,0.196206,2026-05-31T16:03:25.569498
2834,1.3500,0,50,0.010000,0.170379,2026-05-31T16:03:25.897810
2835,32.7000,3,141,0.010000,0.229521,2026-05-31T16:03:27.156208
2836,36.1500,3,164,0.010000,0.255628,2026-05-31T16:03:28.261307
2837,3.0000,1,61,0.010000,0.299681,2026-05-31T16:03:28.741864
2838,1.3500,0,50,0.010000,0.224920,2026-05-31T16:03:29.116832
2839,12.6500,1,86,0.010000,0.223937,2026-05-31T16:03:29.845040
2840,1.3500,0,50,0.010000,0.228116,2026-05-31T16:03:30.163427
2841,31.6500,3,134,0.010000,0.255828,2026-05-31T16:03:31.049308
2842,1.6500,0,52,0.010000,0.195702,2026-05-31T16:03:31.396090
2843,14.1500,1,96,0.010000,0.236675,2026-05-31T16:03:32.130511
2844,36.0000,3,163,0.010000,0.242358,2026-05-31T16:03:33.160409
2845,12.6500,1,86,0.010000,0.269178,2026-05-31T16:03:33.760084
2846,12.6500,1,86,0.010000,0.219276,2026-05-31T16:03:34.300532
2847,79.1000,7,293,0.010000,0.242640,2026-05-31T16:03:36.257827
2848,36.0000,3,163,0.010000,0.218449,2026-05-31T16:03:37.417352
2849,9.0500,1,62,0.010000,0.240995,2026-05-31T16:03:37.871157
2850,12.6500,1,86,0.010000,0.262469,2026-05-31T16:03:38.419449
2851,9.5000,1,65,0.010000,0.239138,2026-05-31T16:03:38.871130
2852,12.6500,1,86,0.010000,0.278076,2026-05-31T16:03:39.498510
2853,9.0500,1,62,0.010000,0.276728,2026-05-31T16:03:39.906754
2854,1.3500,0,50,0.010000,0.228374,2026-05-31T16:03:40.233781
2855,23.9500,2,122,0.010000,0.247637,2026-05-31T16:03:41.136583
2856,44.9000,4,183,0.010000,0.233298,2026-05-31T16:03:42.337901
2857,81.9500,7,312,0.010000,0.262428,2026-05-31T16:03:44.360625
2858,3.0000,1,61,0.010000,0.249114,2026-05-31T16:03:44.762475
2859,56.2000,5,219,0.010000,0.230407,2026-05-31T16:03:46.351843
2860,10.2500,1,70,0.010000,0.213877,2026-05-31T16:03:46.944533
2861,31.9500,3,136,0.010000,0.244331,2026-05-31T16:03:48.313788
2862,23.9500,2,122,0.010000,0.237257,2026-05-31T16:03:49.220699
2863,1.3500,0,50,0.010000,0.276050,2026-05-31T16:03:49.545870
2864,10.2500,1,70,0.010000,0.258450,2026-05-31T16:03:50.079804
2865,81.9500,7,312,0.010000,0.219738,2026-05-31T16:03:52.081922
2866,32.8500,3,142,0.010000,0.252533,2026-05-31T16:03:52.986420
2867,3.0000,1,61,0.010000,0.199924,2026-05-31T16:03:53.394998
2868,23.9500,2,122,0.010000,0.276476,2026-05-31T16:03:54.174040
2869,9.8000,1,67,0.010000,0.239899,2026-05-31T16:03:54.629690
2870,58.6000,5,235,0.010000,0.225728,2026-05-31T16:03:56.141449
2871,21.1000,2,103,0.010000,0.245313,2026-05-31T16:03:56.805436
2872,93.2500,8,348,0.010000,0.233668,2026-05-31T16:03:59.043957
2873,1.3500,0,50,0.010000,0.184860,2026-05-31T16:03:59.381953
2874,23.9500,2,122,0.010000,0.254172,2026-05-31T16:04:00.166943
2875,47.3000,4,199,0.010000,0.250632,2026-05-31T16:04:01.574440
2876,105.3000,9,389,0.010000,0.245284,2026-05-31T16:04:04.169000
2877,1.3500,0,50,0.010000,0.220045,2026-05-31T16:04:04.496170
2878,94.4500,8,356,0.010000,0.256127,2026-05-31T16:04:06.723377
2879,2.8500,0,60,0.010000,0.191063,2026-05-31T16:04:07.179577
2880,127.9000,11,461,0.010000,0.250106,2026-05-31T16:04:10.056026
2881,14.3000,2,97,0.010000,0.227627,2026-05-31T16:04:10.683580
2882,23.9500,2,122,0.010000,0.228587,2026-05-31T16:04:11.465603
2883,12.6500,1,86,0.010000,0.234908,2026-05-31T16:04:12.044795
2884,81.9500,7,312,0.010000,0.237999,2026-05-31T16:04:13.977491
2885,83.6000,7,323,0.010000,0.230722,2026-05-31T16:04:16.138324
2886,162.5500,14,574,0.010000,0.257206,2026-05-31T16:04:20.475678
2887,12.8000,1,87,0.010000,0.220605,2026-05-31T16:04:21.014821
2888,105.6000,9,391,0.010000,0.256032,2026-05-31T16:04:23.507893
2889,23.9500,2,122,0.010000,0.242831,2026-05-31T16:04:24.322658
2890,10.1000,1,69,0.010000,0.180389,2026-05-31T16:04:24.807515
2891,31.8000,3,135,0.010000,0.232945,2026-05-31T16:04:25.659102
2892,36.0000,3,163,0.010000,0.275613,2026-05-31T16:04:26.672577
2893,12.6500,1,86,0.010000,0.235531,2026-05-31T16:04:27.278999
2894,20.3500,2,98,0.010000,0.268083,2026-05-31T16:04:27.925393
2895,47.3000,4,199,0.010000,0.226298,2026-05-31T16:04:29.166195
2896,1.3500,0,50,0.010000,0.209174,2026-05-31T16:04:29.766322
2897,1.3500,0,50,0.010000,0.263092,2026-05-31T16:04:30.064172
2898,12.8000,1,87,0.010000,0.235541,2026-05-31T16:04:30.791544
2899,1.3500,0,50,0.010000,0.232873,2026-05-31T16:04:31.139085
2900,1.3500,0,50,0.010000,0.297173,2026-05-31T16:04:31.481070
2901,12.6500,1,86,0.010000,0.222456,2026-05-31T16:04:32.135913
2902,23.9500,2,122,0.010000,0.262600,2026-05-31T16:04:32.934016
2903,37.6500,3,174,0.010000,0.260102,2026-05-31T16:04:34.024458
2904,1.3500,0,50,0.010000,0.248325,2026-05-31T16:04:34.374454
2905,12.8000,1,87,0.010000,0.231108,2026-05-31T16:04:34.983054
2906,93.2500,8,348,0.010000,0.228771,2026-05-31T16:04:37.126456
2907,10.1000,1,69,0.010000,0.223978,2026-05-31T16:04:37.978897
2908,1.3500,0,50,0.010000,0.220835,2026-05-31T16:04:38.631467
2909,1.3500,0,50,0.010000,0.265977,2026-05-31T16:04:39.495483
2910,12.6500,1,86,0.010000,0.267185,2026-05-31T16:04:40.497994
2911,12.6500,1,86,0.010000,0.282948,2026-05-31T16:04:41.380882
2912,3.0000,1,61,0.010000,0.234597,2026-05-31T16:04:41.752460
2913,1.3500,0,50,0.010000,0.247483,2026-05-31T16:04:42.288631
2914,1.3500,0,50,0.010000,0.190365,2026-05-31T16:04:42.621390
2915,1.3500,0,50,0.010000,0.305492,2026-05-31T16:04:42.983438
2916,1.5000,0,51,0.010000,0.315251,2026-05-31T16:04:43.371930
2917,9.9500,1,68,0.010000,0.219279,2026-05-31T16:04:43.850944
2918,12.6500,1,86,0.010000,0.278148,2026-05-31T16:04:44.457322
2919,31.6500,3,134,0.010000,0.196610,2026-05-31T16:04:45.304603
2920,12.6500,1,86,0.010000,0.250724,2026-05-31T16:04:45.954965
2921,124.6000,11,439,0.010000,0.241253,2026-05-31T16:04:49.374642
2922,37.2000,3,171,0.010000,0.220859,2026-05-31T16:04:50.641538
2923,23.9500,2,122,0.010000,0.229084,2026-05-31T16:04:51.646624
2924,12.6500,1,86,0.010000,0.246096,2026-05-31T16:04:52.246163
2925,31.8000,3,135,0.010000,0.202772,2026-05-31T16:04:53.078828
2926,31.6500,3,134,0.010000,0.237266,2026-05-31T16:04:53.936260
2927,14.3000,2,97,0.010000,0.236467,2026-05-31T16:04:54.774233
2928,1.3500,0,50,0.010000,0.206848,2026-05-31T16:04:55.078269
2929,44.6000,4,181,0.010000,0.258013,2026-05-31T16:04:56.286818
2930,1.9500,0,54,0.010000,0.303908,2026-05-31T16:04:56.672230
2931,12.6500,1,86,0.010000,0.226271,2026-05-31T16:04:57.262375
2932,0.1500,0,50,0.010000,0.220706,2026-05-31T16:04:57.578004
2933,1.3500,0,50,0.010000,0.201579,2026-05-31T16:04:57.922841
2934,127.9000,11,461,0.010000,0.261573,2026-05-31T16:05:01.079834
2935,-3.4500,0,50,0.010000,0.293926,2026-05-31T16:05:01.391830
2936,47.3000,4,199,0.010000,0.242683,2026-05-31T16:05:02.965699
2937,1.3500,0,50,0.010000,0.259804,2026-05-31T16:05:03.310269
2938,116.6000,10,425,0.010000,0.230152,2026-05-31T16:05:05.928176
2939,59.6500,5,242,0.010000,0.246529,2026-05-31T16:05:07.477515
2940,79.5500,7,296,0.010000,0.243637,2026-05-31T16:05:09.305347
2941,1.3500,0,50,0.010000,0.225346,2026-05-31T16:05:09.755201
2942,44.9000,4,183,0.010000,0.245566,2026-05-31T16:05:11.606878
2943,36.0000,3,163,0.010000,0.226020,2026-05-31T16:05:12.624144
2944,23.9500,2,122,0.010000,0.253170,2026-05-31T16:05:13.477105
2945,1.3500,0,50,0.010000,0.269497,2026-05-31T16:05:13.842465
2946,12.6500,1,86,0.010000,0.296057,2026-05-31T16:05:14.421165
2947,10.1000,1,69,0.010000,0.267444,2026-05-31T16:05:15.157991
2948,1.3500,0,50,0.010000,0.267453,2026-05-31T16:05:15.476816
2949,72.0000,6,285,0.010000,0.243751,2026-05-31T16:05:17.817113
2950,12.6500,1,86,0.010000,0.252425,2026-05-31T16:05:18.624815
2951,21.5500,2,106,0.010000,0.281492,2026-05-31T16:05:19.413387
2952,1.3500,0,50,0.010000,0.250803,2026-05-31T16:05:19.980408
2953,24.1000,2,123,0.010000,0.239370,2026-05-31T16:05:20.798120
2954,36.0000,3,163,0.010000,0.235278,2026-05-31T16:05:21.840114
2955,1.6500,0,52,0.010000,0.252564,2026-05-31T16:05:22.212058
2956,47.3000,4,199,0.010000,0.259915,2026-05-31T16:05:23.458960
2957,12.6500,1,86,0.010000,0.253554,2026-05-31T16:05:24.364640
2958,1.5000,0,51,0.010000,0.250482,2026-05-31T16:05:24.669732
2959,67.0500,6,252,0.010000,0.232280,2026-05-31T16:05:26.274529
2960,116.6000,10,425,0.010000,0.233798,2026-05-31T16:05:28.883941
2961,10.1000,1,69,0.010000,0.208929,2026-05-31T16:05:29.403574
2962,14.3000,2,97,0.010000,0.266343,2026-05-31T16:05:30.031814
2963,105.3000,9,389,0.010000,0.216326,2026-05-31T16:05:32.578924
2964,10.2500,1,70,0.010000,0.211987,2026-05-31T16:05:33.011867
2965,-8.2500,0,50,0.010000,0.215166,2026-05-31T16:05:33.353587
2966,1.3500,0,50,0.010000,0.255221,2026-05-31T16:05:33.701093
2967,12.6500,1,86,0.010000,0.242601,2026-05-31T16:05:34.456003
2968,93.2500,8,348,0.010000,0.238973,2026-05-31T16:05:36.708924
2969,12.6500,1,86,0.010000,0.222399,2026-05-31T16:05:37.249145
2970,70.6500,6,276,0.010000,0.235719,2026-05-31T16:05:38.981516
2971,23.9500,2,122,0.010000,0.259435,2026-05-31T16:05:39.805077
2972,23.9500,2,122,0.010000,0.228941,2026-05-31T16:05:40.592748
2973,1.3500,0,50,0.010000,0.263755,2026-05-31T16:05:40.900869
2974,1.3500,0,50,0.010000,0.181800,2026-05-31T16:05:41.256420
2975,47.3000,4,199,0.010000,0.221061,2026-05-31T16:05:42.595718
2976,12.6500,1,86,0.010000,0.260746,2026-05-31T16:05:43.166478
2977,20.5000,2,99,0.010000,0.229550,2026-05-31T16:05:43.995522
2978,23.9500,2,122,0.010000,0.227154,2026-05-31T16:05:44.860742
2979,66.9000,6,251,0.010000,0.218836,2026-05-31T16:05:46.645425
2980,9.2000,1,63,0.010000,0.284514,2026-05-31T16:05:47.166464
2981,12.6500,1,86,0.010000,0.221627,2026-05-31T16:05:47.959901
2982,174.6000,15,615,0.010000,0.244638,2026-05-31T16:05:51.952601
2983,12.8000,1,87,0.010000,0.215676,2026-05-31T16:05:52.521276
2984,47.3000,4,199,0.010000,0.262155,2026-05-31T16:05:53.734551
2985,47.3000,4,199,0.010000,0.257848,2026-05-31T16:05:54.980890
2986,36.0000,3,163,0.010000,0.233566,2026-05-31T16:05:56.021477
2987,12.9500,1,88,0.010000,0.249643,2026-05-31T16:05:56.794045
2988,1.3500,0,50,0.010000,0.244845,2026-05-31T16:05:57.071333
2989,14.3000,2,97,0.010000,0.244381,2026-05-31T16:05:57.747057
2990,60.2500,5,246,0.010000,0.226283,2026-05-31T16:05:59.360551
2991,1.3500,0,50,0.010000,0.283764,2026-05-31T16:05:59.749280
2992,78.8000,7,291,0.010000,0.213297,2026-05-31T16:06:01.594259
2993,1.3500,0,50,0.010000,0.216001,2026-05-31T16:06:01.970259
2994,23.9500,2,122,0.010000,0.221174,2026-05-31T16:06:02.901128
2995,1.3500,0,50,0.010000,0.222147,2026-05-31T16:06:03.228736
2996,12.6500,1,86,0.010000,0.242171,2026-05-31T16:06:03.846863
2997,1.3500,0,50,0.010000,0.227592,2026-05-31T16:06:04.336275
2998,-1.0500,0,50,0.010000,0.218210,2026-05-31T16:06:04.672976
2999,1.3500,0,50,0.010000,0.297766,2026-05-31T16:06:05.013499
3000,79.5500,7,296,0.010000,0.210443,2026-05-31T16:06:06.869998
